categoria,n,acima_do_limiar,ferramenta,nivel,acertos,base,nao_se_aplica,taxa,wilson_inf,wilson_sup
CWE-079,47,sim,codeql,0,45,47,0,0.9574,0.8575,0.9883
CWE-079,47,sim,codeql,1,24,47,0,0.5106,0.3724,0.6472
CWE-079,47,sim,codeql,2g,23,47,0,0.4894,0.3528,0.6276
CWE-079,47,sim,codeql,2e,23,47,0,0.4894,0.3528,0.6276
CWE-079,47,sim,codeql,3,18,47,0,0.3830,0.2579,0.5257
CWE-079,47,sim,codeql,4g,18,47,0,0.3830,0.2579,0.5257
CWE-079,47,sim,codeql,4e,18,47,0,0.3830,0.2579,0.5257
CWE-079,47,sim,semgrep,0,43,47,0,0.9149,0.8007,0.9664
CWE-079,47,sim,semgrep,1,17,47,0,0.3617,0.2397,0.5046
CWE-079,47,sim,semgrep,2g,7,47,0,0.1489,0.0741,0.2769
CWE-079,47,sim,semgrep,2e,6,47,0,0.1277,0.0598,0.2517
CWE-079,47,sim,semgrep,3,6,47,0,0.1277,0.0598,0.2517
CWE-079,47,sim,semgrep,4g,6,47,0,0.1277,0.0598,0.2517
CWE-079,47,sim,semgrep,4e,6,47,0,0.1277,0.0598,0.2517
CWE-079,47,sim,snyk-code,0,38,47,0,0.8085,0.6746,0.8958
CWE-079,47,sim,snyk-code,1,11,47,0,0.2340,0.1360,0.3722
CWE-079,47,sim,snyk-code,2g,5,47,0,0.1064,0.0463,0.2259
CWE-079,47,sim,snyk-code,2e,5,47,0,0.1064,0.0463,0.2259
CWE-079,47,sim,snyk-code,3,8,47,0,0.1702,0.0889,0.3014
CWE-079,47,sim,snyk-code,4g,4,47,0,0.0851,0.0336,0.1993
CWE-079,47,sim,snyk-code,4e,4,47,0,0.0851,0.0336,0.1993
CWE-022,29,sim,codeql,0,22,29,0,0.7586,0.5789,0.8778
CWE-022,29,sim,codeql,1,17,29,0,0.5862,0.4074,0.7449
CWE-022,29,sim,codeql,2g,14,29,0,0.4828,0.3139,0.6557
CWE-022,29,sim,codeql,2e,14,29,0,0.4828,0.3139,0.6557
CWE-022,29,sim,codeql,3,15,29,0,0.5172,0.3443,0.6861
CWE-022,29,sim,codeql,4g,13,29,0,0.4483,0.2841,0.6245
CWE-022,29,sim,codeql,4e,13,29,0,0.4483,0.2841,0.6245
CWE-022,29,sim,semgrep,0,24,29,0,0.8276,0.6545,0.9240
CWE-022,29,sim,semgrep,1,22,29,0,0.7586,0.5789,0.8778
CWE-022,29,sim,semgrep,2g,16,29,0,0.5517,0.3755,0.7159
CWE-022,29,sim,semgrep,2e,16,29,0,0.5517,0.3755,0.7159
CWE-022,29,sim,semgrep,3,2,29,0,0.0690,0.0191,0.2196
CWE-022,29,sim,semgrep,4g,2,29,0,0.0690,0.0191,0.2196
CWE-022,29,sim,semgrep,4e,2,29,0,0.0690,0.0191,0.2196
CWE-022,29,sim,snyk-code,0,20,29,0,0.6897,0.5077,0.8272
CWE-022,29,sim,snyk-code,1,16,29,0,0.5517,0.3755,0.7159
CWE-022,29,sim,snyk-code,2g,8,29,0,0.2759,0.1470,0.4572
CWE-022,29,sim,snyk-code,2e,1,29,0,0.0345,0.0061,0.1718
CWE-022,29,sim,snyk-code,3,12,29,0,0.4138,0.2551,0.5926
CWE-022,29,sim,snyk-code,4g,5,29,0,0.1724,0.0760,0.3455
CWE-022,29,sim,snyk-code,4e,1,29,0,0.0345,0.0061,0.1718
CWE-400,26,sim,codeql,0,23,26,0,0.8846,0.7102,0.9600
CWE-400,26,sim,codeql,1,21,26,0,0.8077,0.6212,0.9149
CWE-400,26,sim,codeql,2g,19,26,0,0.7308,0.5392,0.8630
CWE-400,26,sim,codeql,2e,19,26,0,0.7308,0.5392,0.8630
CWE-400,26,sim,codeql,3,9,26,0,0.3462,0.1941,0.5378
CWE-400,26,sim,codeql,4g,9,26,0,0.3462,0.1941,0.5378
CWE-400,26,sim,codeql,4e,9,26,0,0.3462,0.1941,0.5378
CWE-400,26,sim,semgrep,0,16,26,0,0.6154,0.4253,0.7757
CWE-400,26,sim,semgrep,1,8,26,0,0.3077,0.1650,0.4999
CWE-400,26,sim,semgrep,2g,0,26,0,0.0000,0.0000,0.1287
CWE-400,26,sim,semgrep,2e,0,26,0,0.0000,0.0000,0.1287
CWE-400,26,sim,semgrep,3,2,26,0,0.0769,0.0214,0.2414
CWE-400,26,sim,semgrep,4g,0,26,0,0.0000,0.0000,0.1287
CWE-400,26,sim,semgrep,4e,0,26,0,0.0000,0.0000,0.1287
CWE-400,26,sim,snyk-code,0,12,26,0,0.4615,0.2876,0.6454
CWE-400,26,sim,snyk-code,1,0,26,0,0.0000,0.0000,0.1287
CWE-400,26,sim,snyk-code,2g,0,26,0,0.0000,0.0000,0.1287
CWE-400,26,sim,snyk-code,2e,0,26,0,0.0000,0.0000,0.1287
CWE-400,26,sim,snyk-code,3,0,26,0,0.0000,0.0000,0.1287
CWE-400,26,sim,snyk-code,4g,0,26,0,0.0000,0.0000,0.1287
CWE-400,26,sim,snyk-code,4e,0,26,0,0.0000,0.0000,0.1287
CWE-078,25,sim,codeql,0,23,25,0,0.9200,0.7503,0.9778
CWE-078,25,sim,codeql,1,22,25,0,0.8800,0.7004,0.9583
CWE-078,25,sim,codeql,2g,22,25,0,0.8800,0.7004,0.9583
CWE-078,25,sim,codeql,2e,22,25,0,0.8800,0.7004,0.9583
CWE-078,25,sim,codeql,3,15,25,0,0.6000,0.4074,0.7660
CWE-078,25,sim,codeql,4g,15,25,0,0.6000,0.4074,0.7660
CWE-078,25,sim,codeql,4e,15,25,0,0.6000,0.4074,0.7660
CWE-078,25,sim,semgrep,0,22,25,0,0.8800,0.7004,0.9583
CWE-078,25,sim,semgrep,1,16,25,0,0.6400,0.4452,0.7975
CWE-078,25,sim,semgrep,2g,10,25,0,0.4000,0.2340,0.5926
CWE-078,25,sim,semgrep,2e,10,25,0,0.4000,0.2340,0.5926
CWE-078,25,sim,semgrep,3,8,25,0,0.3200,0.1720,0.5159
CWE-078,25,sim,semgrep,4g,8,25,0,0.3200,0.1720,0.5159
CWE-078,25,sim,semgrep,4e,8,25,0,0.3200,0.1720,0.5159
CWE-078,25,sim,snyk-code,0,7,25,0,0.2800,0.1428,0.4758
CWE-078,25,sim,snyk-code,1,2,25,0,0.0800,0.0222,0.2497
CWE-078,25,sim,snyk-code,2g,1,25,0,0.0400,0.0071,0.1954
CWE-078,25,sim,snyk-code,2e,1,25,0,0.0400,0.0071,0.1954
CWE-078,25,sim,snyk-code,3,1,25,0,0.0400,0.0071,0.1954
CWE-078,25,sim,snyk-code,4g,1,25,0,0.0400,0.0071,0.1954
CWE-078,25,sim,snyk-code,4e,1,25,0,0.0400,0.0071,0.1954
CWE-915,23,sim,codeql,0,20,23,0,0.8696,0.6787,0.9546
CWE-915,23,sim,codeql,1,18,23,0,0.7826,0.5810,0.9034
CWE-915,23,sim,codeql,2g,18,23,0,0.7826,0.5810,0.9034
CWE-915,23,sim,codeql,2e,17,23,0,0.7391,0.5353,0.8745
CWE-915,23,sim,codeql,3,15,23,0,0.6522,0.4489,0.8119
CWE-915,23,sim,codeql,4g,15,23,0,0.6522,0.4489,0.8119
CWE-915,23,sim,codeql,4e,14,23,0,0.6087,0.4079,0.7784
CWE-915,23,sim,semgrep,0,19,23,0,0.8261,0.6286,0.9302
CWE-915,23,sim,semgrep,1,12,23,0,0.5217,0.3296,0.7076
CWE-915,23,sim,semgrep,2g,11,23,0,0.4783,0.2924,0.6704
CWE-915,23,sim,semgrep,2e,11,23,0,0.4783,0.2924,0.6704
CWE-915,23,sim,semgrep,3,1,23,0,0.0435,0.0077,0.2099
CWE-915,23,sim,semgrep,4g,1,23,0,0.0435,0.0077,0.2099
CWE-915,23,sim,semgrep,4e,1,23,0,0.0435,0.0077,0.2099
CWE-915,23,sim,snyk-code,0,8,23,0,0.3478,0.1881,0.5511
CWE-915,23,sim,snyk-code,1,1,23,0,0.0435,0.0077,0.2099
CWE-915,23,sim,snyk-code,2g,0,23,0,0.0000,0.0000,0.1431
CWE-915,23,sim,snyk-code,2e,0,23,0,0.0000,0.0000,0.1431
CWE-915,23,sim,snyk-code,3,0,23,0,0.0000,0.0000,0.1431
CWE-915,23,sim,snyk-code,4g,0,23,0,0.0000,0.0000,0.1431
CWE-915,23,sim,snyk-code,4e,0,23,0,0.0000,0.0000,0.1431
CWE-094,14,sim,codeql,0,10,14,0,0.7143,0.4535,0.8828
CWE-094,14,sim,codeql,1,7,14,0,0.5000,0.2680,0.7320
CWE-094,14,sim,codeql,2g,7,14,0,0.5000,0.2680,0.7320
CWE-094,14,sim,codeql,2e,7,14,0,0.5000,0.2680,0.7320
CWE-094,14,sim,codeql,3,4,14,0,0.2857,0.1172,0.5465
CWE-094,14,sim,codeql,4g,4,14,0,0.2857,0.1172,0.5465
CWE-094,14,sim,codeql,4e,4,14,0,0.2857,0.1172,0.5465
CWE-094,14,sim,semgrep,0,10,14,0,0.7143,0.4535,0.8828
CWE-094,14,sim,semgrep,1,5,14,0,0.3571,0.1634,0.6124
CWE-094,14,sim,semgrep,2g,1,14,0,0.0714,0.0127,0.3147
CWE-094,14,sim,semgrep,2e,0,14,0,0.0000,0.0000,0.2153
CWE-094,14,sim,semgrep,3,1,14,0,0.0714,0.0127,0.3147
CWE-094,14,sim,semgrep,4g,0,14,0,0.0000,0.0000,0.2153
CWE-094,14,sim,semgrep,4e,0,14,0,0.0000,0.0000,0.2153
CWE-094,14,sim,snyk-code,0,5,14,0,0.3571,0.1634,0.6124
CWE-094,14,sim,snyk-code,1,1,14,0,0.0714,0.0127,0.3147
CWE-094,14,sim,snyk-code,2g,0,14,0,0.0000,0.0000,0.2153
CWE-094,14,sim,snyk-code,2e,0,14,0,0.0000,0.0000,0.2153
CWE-094,14,sim,snyk-code,3,0,14,0,0.0000,0.0000,0.2153
CWE-094,14,sim,snyk-code,4g,0,14,0,0.0000,0.0000,0.2153
CWE-094,14,sim,snyk-code,4e,0,14,0,0.0000,0.0000,0.2153
CWE-116,9,nao,codeql,0,8,9,0,,,
CWE-116,9,nao,codeql,1,8,9,0,,,
CWE-116,9,nao,codeql,2g,8,9,0,,,
CWE-116,9,nao,codeql,2e,8,9,0,,,
CWE-116,9,nao,codeql,3,7,9,0,,,
CWE-116,9,nao,codeql,4g,7,9,0,,,
CWE-116,9,nao,codeql,4e,7,9,0,,,
CWE-116,9,nao,semgrep,0,9,9,0,,,
CWE-116,9,nao,semgrep,1,5,9,0,,,
CWE-116,9,nao,semgrep,2g,2,9,0,,,
CWE-116,9,nao,semgrep,2e,2,9,0,,,
CWE-116,9,nao,semgrep,3,3,9,0,,,
CWE-116,9,nao,semgrep,4g,2,9,0,,,
CWE-116,9,nao,semgrep,4e,2,9,0,,,
CWE-116,9,nao,snyk-code,0,8,9,0,,,
CWE-116,9,nao,snyk-code,1,3,9,0,,,
CWE-116,9,nao,snyk-code,2g,0,9,0,,,
CWE-116,9,nao,snyk-code,2e,0,9,0,,,
CWE-116,9,nao,snyk-code,3,1,9,0,,,
CWE-116,9,nao,snyk-code,4g,0,9,0,,,
CWE-116,9,nao,snyk-code,4e,0,9,0,,,
CWE-601,7,nao,codeql,0,7,7,0,,,
CWE-601,7,nao,codeql,1,5,7,0,,,
CWE-601,7,nao,codeql,2g,4,7,0,,,
CWE-601,7,nao,codeql,2e,3,7,0,,,
CWE-601,7,nao,codeql,3,4,7,0,,,
CWE-601,7,nao,codeql,4g,3,7,0,,,
CWE-601,7,nao,codeql,4e,3,7,0,,,
CWE-601,7,nao,semgrep,0,6,7,0,,,
CWE-601,7,nao,semgrep,1,3,7,0,,,
CWE-601,7,nao,semgrep,2g,0,7,0,,,
CWE-601,7,nao,semgrep,2e,0,7,0,,,
CWE-601,7,nao,semgrep,3,0,7,0,,,
CWE-601,7,nao,semgrep,4g,0,7,0,,,
CWE-601,7,nao,semgrep,4e,0,7,0,,,
CWE-601,7,nao,snyk-code,0,6,7,0,,,
CWE-601,7,nao,snyk-code,1,3,7,0,,,
CWE-601,7,nao,snyk-code,2g,1,7,0,,,
CWE-601,7,nao,snyk-code,2e,1,7,0,,,
CWE-601,7,nao,snyk-code,3,0,7,0,,,
CWE-601,7,nao,snyk-code,4g,0,7,0,,,
CWE-601,7,nao,snyk-code,4e,0,7,0,,,
CWE-020,6,nao,codeql,0,5,6,0,,,
CWE-020,6,nao,codeql,1,4,6,0,,,
CWE-020,6,nao,codeql,2g,4,6,0,,,
CWE-020,6,nao,codeql,2e,4,6,0,,,
CWE-020,6,nao,codeql,3,4,6,0,,,
CWE-020,6,nao,codeql,4g,4,6,0,,,
CWE-020,6,nao,codeql,4e,4,6,0,,,
CWE-020,6,nao,semgrep,0,5,6,0,,,
CWE-020,6,nao,semgrep,1,2,6,0,,,
CWE-020,6,nao,semgrep,2g,0,6,0,,,
CWE-020,6,nao,semgrep,2e,0,6,0,,,
CWE-020,6,nao,semgrep,3,0,6,0,,,
CWE-020,6,nao,semgrep,4g,0,6,0,,,
CWE-020,6,nao,semgrep,4e,0,6,0,,,
CWE-020,6,nao,snyk-code,0,3,6,0,,,
CWE-020,6,nao,snyk-code,1,0,6,0,,,
CWE-020,6,nao,snyk-code,2g,0,6,0,,,
CWE-020,6,nao,snyk-code,2e,0,6,0,,,
CWE-020,6,nao,snyk-code,3,0,6,0,,,
CWE-020,6,nao,snyk-code,4g,0,6,0,,,
CWE-020,6,nao,snyk-code,4e,0,6,0,,,
CWE-089,4,nao,codeql,0,4,4,0,,,
CWE-089,4,nao,codeql,1,1,4,0,,,
CWE-089,4,nao,codeql,2g,1,4,0,,,
CWE-089,4,nao,codeql,2e,1,4,0,,,
CWE-089,4,nao,codeql,3,1,4,0,,,
CWE-089,4,nao,codeql,4g,1,4,0,,,
CWE-089,4,nao,codeql,4e,1,4,0,,,
CWE-089,4,nao,semgrep,0,3,4,0,,,
CWE-089,4,nao,semgrep,1,0,4,0,,,
CWE-089,4,nao,semgrep,2g,0,4,0,,,
CWE-089,4,nao,semgrep,2e,0,4,0,,,
CWE-089,4,nao,semgrep,3,0,4,0,,,
CWE-089,4,nao,semgrep,4g,0,4,0,,,
CWE-089,4,nao,semgrep,4e,0,4,0,,,
CWE-089,4,nao,snyk-code,0,4,4,0,,,
CWE-089,4,nao,snyk-code,1,2,4,0,,,
CWE-089,4,nao,snyk-code,2g,0,4,0,,,
CWE-089,4,nao,snyk-code,2e,0,4,0,,,
CWE-089,4,nao,snyk-code,3,0,4,0,,,
CWE-089,4,nao,snyk-code,4g,0,4,0,,,
CWE-089,4,nao,snyk-code,4e,0,4,0,,,
CWE-770,4,nao,codeql,0,3,4,0,,,
CWE-770,4,nao,codeql,1,0,4,0,,,
CWE-770,4,nao,codeql,2g,0,4,0,,,
CWE-770,4,nao,codeql,2e,0,4,0,,,
CWE-770,4,nao,codeql,3,0,4,0,,,
CWE-770,4,nao,codeql,4g,0,4,0,,,
CWE-770,4,nao,codeql,4e,0,4,0,,,
CWE-770,4,nao,semgrep,0,4,4,0,,,
CWE-770,4,nao,semgrep,1,0,4,0,,,
CWE-770,4,nao,semgrep,2g,0,4,0,,,
CWE-770,4,nao,semgrep,2e,0,4,0,,,
CWE-770,4,nao,semgrep,3,0,4,0,,,
CWE-770,4,nao,semgrep,4g,0,4,0,,,
CWE-770,4,nao,semgrep,4e,0,4,0,,,
CWE-770,4,nao,snyk-code,0,4,4,0,,,
CWE-770,4,nao,snyk-code,1,0,4,0,,,
CWE-770,4,nao,snyk-code,2g,0,4,0,,,
CWE-770,4,nao,snyk-code,2e,0,4,0,,,
CWE-770,4,nao,snyk-code,3,0,4,0,,,
CWE-770,4,nao,snyk-code,4g,0,4,0,,,
CWE-770,4,nao,snyk-code,4e,0,4,0,,,
CWE-312,3,nao,codeql,0,3,3,0,,,
CWE-312,3,nao,codeql,1,2,3,0,,,
CWE-312,3,nao,codeql,2g,2,3,0,,,
CWE-312,3,nao,codeql,2e,2,3,0,,,
CWE-312,3,nao,codeql,3,2,3,0,,,
CWE-312,3,nao,codeql,4g,2,3,0,,,
CWE-312,3,nao,codeql,4e,2,3,0,,,
CWE-312,3,nao,semgrep,0,3,3,0,,,
CWE-312,3,nao,semgrep,1,0,3,0,,,
CWE-312,3,nao,semgrep,2g,0,3,0,,,
CWE-312,3,nao,semgrep,2e,0,3,0,,,
CWE-312,3,nao,semgrep,3,0,3,0,,,
CWE-312,3,nao,semgrep,4g,0,3,0,,,
CWE-312,3,nao,semgrep,4e,0,3,0,,,
CWE-312,3,nao,snyk-code,0,3,3,0,,,
CWE-312,3,nao,snyk-code,1,0,3,0,,,
CWE-312,3,nao,snyk-code,2g,0,3,0,,,
CWE-312,3,nao,snyk-code,2e,0,3,0,,,
CWE-312,3,nao,snyk-code,3,0,3,0,,,
CWE-312,3,nao,snyk-code,4g,0,3,0,,,
CWE-312,3,nao,snyk-code,4e,0,3,0,,,
CWE-730,3,nao,codeql,0,2,3,0,,,
CWE-730,3,nao,codeql,1,1,3,0,,,
CWE-730,3,nao,codeql,2g,0,3,0,,,
CWE-730,3,nao,codeql,2e,0,3,0,,,
CWE-730,3,nao,codeql,3,1,3,0,,,
CWE-730,3,nao,codeql,4g,0,3,0,,,
CWE-730,3,nao,codeql,4e,0,3,0,,,
CWE-730,3,nao,semgrep,0,3,3,0,,,
CWE-730,3,nao,semgrep,1,0,3,0,,,
CWE-730,3,nao,semgrep,2g,0,3,0,,,
CWE-730,3,nao,semgrep,2e,0,3,0,,,
CWE-730,3,nao,semgrep,3,0,3,0,,,
CWE-730,3,nao,semgrep,4g,0,3,0,,,
CWE-730,3,nao,semgrep,4e,0,3,0,,,
CWE-730,3,nao,snyk-code,0,3,3,0,,,
CWE-730,3,nao,snyk-code,1,2,3,0,,,
CWE-730,3,nao,snyk-code,2g,0,3,0,,,
CWE-730,3,nao,snyk-code,2e,0,3,0,,,
CWE-730,3,nao,snyk-code,3,0,3,0,,,
CWE-730,3,nao,snyk-code,4g,0,3,0,,,
CWE-730,3,nao,snyk-code,4e,0,3,0,,,
CWE-918,3,nao,codeql,0,2,3,0,,,
CWE-918,3,nao,codeql,1,2,3,0,,,
CWE-918,3,nao,codeql,2g,2,3,0,,,
CWE-918,3,nao,codeql,2e,2,3,0,,,
CWE-918,3,nao,codeql,3,2,3,0,,,
CWE-918,3,nao,codeql,4g,2,3,0,,,
CWE-918,3,nao,codeql,4e,2,3,0,,,
CWE-918,3,nao,semgrep,0,3,3,0,,,
CWE-918,3,nao,semgrep,1,1,3,0,,,
CWE-918,3,nao,semgrep,2g,1,3,0,,,
CWE-918,3,nao,semgrep,2e,1,3,0,,,
CWE-918,3,nao,semgrep,3,1,3,0,,,
CWE-918,3,nao,semgrep,4g,1,3,0,,,
CWE-918,3,nao,semgrep,4e,1,3,0,,,
CWE-918,3,nao,snyk-code,0,2,3,0,,,
CWE-918,3,nao,snyk-code,1,1,3,0,,,
CWE-918,3,nao,snyk-code,2g,1,3,0,,,
CWE-918,3,nao,snyk-code,2e,1,3,0,,,
CWE-918,3,nao,snyk-code,3,0,3,0,,,
CWE-918,3,nao,snyk-code,4g,0,3,0,,,
CWE-918,3,nao,snyk-code,4e,0,3,0,,,
CWE-200,2,nao,codeql,0,1,2,0,,,
CWE-200,2,nao,codeql,1,1,2,0,,,
CWE-200,2,nao,codeql,2g,0,2,0,,,
CWE-200,2,nao,codeql,2e,0,2,0,,,
CWE-200,2,nao,codeql,3,1,2,0,,,
CWE-200,2,nao,codeql,4g,0,2,0,,,
CWE-200,2,nao,codeql,4e,0,2,0,,,
CWE-200,2,nao,semgrep,0,2,2,0,,,
CWE-200,2,nao,semgrep,1,2,2,0,,,
CWE-200,2,nao,semgrep,2g,0,2,0,,,
CWE-200,2,nao,semgrep,2e,0,2,0,,,
CWE-200,2,nao,semgrep,3,1,2,0,,,
CWE-200,2,nao,semgrep,4g,0,2,0,,,
CWE-200,2,nao,semgrep,4e,0,2,0,,,
CWE-200,2,nao,snyk-code,0,2,2,0,,,
CWE-200,2,nao,snyk-code,1,0,2,0,,,
CWE-200,2,nao,snyk-code,2g,0,2,0,,,
CWE-200,2,nao,snyk-code,2e,0,2,0,,,
CWE-200,2,nao,snyk-code,3,0,2,0,,,
CWE-200,2,nao,snyk-code,4g,0,2,0,,,
CWE-200,2,nao,snyk-code,4e,0,2,0,,,
CWE-338,2,nao,codeql,0,1,2,0,,,
CWE-338,2,nao,codeql,1,1,2,0,,,
CWE-338,2,nao,codeql,2g,0,2,0,,,
CWE-338,2,nao,codeql,2e,0,2,0,,,
CWE-338,2,nao,codeql,3,0,2,0,,,
CWE-338,2,nao,codeql,4g,0,2,0,,,
CWE-338,2,nao,codeql,4e,0,2,0,,,
CWE-338,2,nao,semgrep,0,2,2,0,,,
CWE-338,2,nao,semgrep,1,0,2,0,,,
CWE-338,2,nao,semgrep,2g,0,2,0,,,
CWE-338,2,nao,semgrep,2e,0,2,0,,,
CWE-338,2,nao,semgrep,3,0,2,0,,,
CWE-338,2,nao,semgrep,4g,0,2,0,,,
CWE-338,2,nao,semgrep,4e,0,2,0,,,
CWE-338,2,nao,snyk-code,0,1,2,0,,,
CWE-338,2,nao,snyk-code,1,0,2,0,,,
CWE-338,2,nao,snyk-code,2g,0,2,0,,,
CWE-338,2,nao,snyk-code,2e,0,2,0,,,
CWE-338,2,nao,snyk-code,3,0,2,0,,,
CWE-338,2,nao,snyk-code,4g,0,2,0,,,
CWE-338,2,nao,snyk-code,4e,0,2,0,,,
CWE-352,2,nao,codeql,0,2,2,0,,,
CWE-352,2,nao,codeql,1,1,2,0,,,
CWE-352,2,nao,codeql,2g,0,2,0,,,
CWE-352,2,nao,codeql,2e,0,2,0,,,
CWE-352,2,nao,codeql,3,0,2,0,,,
CWE-352,2,nao,codeql,4g,0,2,0,,,
CWE-352,2,nao,codeql,4e,0,2,0,,,
CWE-352,2,nao,semgrep,0,2,2,0,,,
CWE-352,2,nao,semgrep,1,2,2,0,,,
CWE-352,2,nao,semgrep,2g,0,2,0,,,
CWE-352,2,nao,semgrep,2e,0,2,0,,,
CWE-352,2,nao,semgrep,3,0,2,0,,,
CWE-352,2,nao,semgrep,4g,0,2,0,,,
CWE-352,2,nao,semgrep,4e,0,2,0,,,
CWE-352,2,nao,snyk-code,0,2,2,0,,,
CWE-352,2,nao,snyk-code,1,2,2,0,,,
CWE-352,2,nao,snyk-code,2g,0,2,0,,,
CWE-352,2,nao,snyk-code,2e,0,2,0,,,
CWE-352,2,nao,snyk-code,3,0,2,0,,,
CWE-352,2,nao,snyk-code,4g,0,2,0,,,
CWE-352,2,nao,snyk-code,4e,0,2,0,,,
CWE-125,1,nao,codeql,0,1,1,0,,,
CWE-125,1,nao,codeql,1,0,1,0,,,
CWE-125,1,nao,codeql,2g,0,1,0,,,
CWE-125,1,nao,codeql,2e,0,1,0,,,
CWE-125,1,nao,codeql,3,0,1,0,,,
CWE-125,1,nao,codeql,4g,0,1,0,,,
CWE-125,1,nao,codeql,4e,0,1,0,,,
CWE-125,1,nao,semgrep,0,0,1,0,,,
CWE-125,1,nao,semgrep,1,0,1,0,,,
CWE-125,1,nao,semgrep,2g,0,1,0,,,
CWE-125,1,nao,semgrep,2e,0,1,0,,,
CWE-125,1,nao,semgrep,3,0,1,0,,,
CWE-125,1,nao,semgrep,4g,0,1,0,,,
CWE-125,1,nao,semgrep,4e,0,1,0,,,
CWE-125,1,nao,snyk-code,0,1,1,0,,,
CWE-125,1,nao,snyk-code,1,0,1,0,,,
CWE-125,1,nao,snyk-code,2g,0,1,0,,,
CWE-125,1,nao,snyk-code,2e,0,1,0,,,
CWE-125,1,nao,snyk-code,3,0,1,0,,,
CWE-125,1,nao,snyk-code,4g,0,1,0,,,
CWE-125,1,nao,snyk-code,4e,0,1,0,,,
CWE-327,1,nao,codeql,0,1,1,0,,,
CWE-327,1,nao,codeql,1,1,1,0,,,
CWE-327,1,nao,codeql,2g,1,1,0,,,
CWE-327,1,nao,codeql,2e,1,1,0,,,
CWE-327,1,nao,codeql,3,1,1,0,,,
CWE-327,1,nao,codeql,4g,1,1,0,,,
CWE-327,1,nao,codeql,4e,1,1,0,,,
CWE-327,1,nao,semgrep,0,0,1,0,,,
CWE-327,1,nao,semgrep,1,0,1,0,,,
CWE-327,1,nao,semgrep,2g,0,1,0,,,
CWE-327,1,nao,semgrep,2e,0,1,0,,,
CWE-327,1,nao,semgrep,3,0,1,0,,,
CWE-327,1,nao,semgrep,4g,0,1,0,,,
CWE-327,1,nao,semgrep,4e,0,1,0,,,
CWE-327,1,nao,snyk-code,0,0,1,0,,,
CWE-327,1,nao,snyk-code,1,0,1,0,,,
CWE-327,1,nao,snyk-code,2g,0,1,0,,,
CWE-327,1,nao,snyk-code,2e,0,1,0,,,
CWE-327,1,nao,snyk-code,3,0,1,0,,,
CWE-327,1,nao,snyk-code,4g,0,1,0,,,
CWE-327,1,nao,snyk-code,4e,0,1,0,,,
CWE-399,1,nao,codeql,0,1,1,0,,,
CWE-399,1,nao,codeql,1,1,1,0,,,
CWE-399,1,nao,codeql,2g,0,1,0,,,
CWE-399,1,nao,codeql,2e,0,1,0,,,
CWE-399,1,nao,codeql,3,0,1,0,,,
CWE-399,1,nao,codeql,4g,0,1,0,,,
CWE-399,1,nao,codeql,4e,0,1,0,,,
CWE-399,1,nao,semgrep,0,1,1,0,,,
CWE-399,1,nao,semgrep,1,1,1,0,,,
CWE-399,1,nao,semgrep,2g,0,1,0,,,
CWE-399,1,nao,semgrep,2e,0,1,0,,,
CWE-399,1,nao,semgrep,3,0,1,0,,,
CWE-399,1,nao,semgrep,4g,0,1,0,,,
CWE-399,1,nao,semgrep,4e,0,1,0,,,
CWE-399,1,nao,snyk-code,0,0,1,0,,,
CWE-399,1,nao,snyk-code,1,0,1,0,,,
CWE-399,1,nao,snyk-code,2g,0,1,0,,,
CWE-399,1,nao,snyk-code,2e,0,1,0,,,
CWE-399,1,nao,snyk-code,3,0,1,0,,,
CWE-399,1,nao,snyk-code,4g,0,1,0,,,
CWE-399,1,nao,snyk-code,4e,0,1,0,,,
CWE-404,1,nao,codeql,0,1,1,0,,,
CWE-404,1,nao,codeql,1,0,1,0,,,
CWE-404,1,nao,codeql,2g,0,1,0,,,
CWE-404,1,nao,codeql,2e,0,1,0,,,
CWE-404,1,nao,codeql,3,0,1,0,,,
CWE-404,1,nao,codeql,4g,0,1,0,,,
CWE-404,1,nao,codeql,4e,0,1,0,,,
CWE-404,1,nao,semgrep,0,1,1,0,,,
CWE-404,1,nao,semgrep,1,0,1,0,,,
CWE-404,1,nao,semgrep,2g,0,1,0,,,
CWE-404,1,nao,semgrep,2e,0,1,0,,,
CWE-404,1,nao,semgrep,3,0,1,0,,,
CWE-404,1,nao,semgrep,4g,0,1,0,,,
CWE-404,1,nao,semgrep,4e,0,1,0,,,
CWE-404,1,nao,snyk-code,0,1,1,0,,,
CWE-404,1,nao,snyk-code,1,1,1,0,,,
CWE-404,1,nao,snyk-code,2g,0,1,0,,,
CWE-404,1,nao,snyk-code,2e,0,1,0,,,
CWE-404,1,nao,snyk-code,3,0,1,0,,,
CWE-404,1,nao,snyk-code,4g,0,1,0,,,
CWE-404,1,nao,snyk-code,4e,0,1,0,,,
CWE-444,1,nao,codeql,0,1,1,0,,,
CWE-444,1,nao,codeql,1,0,1,0,,,
CWE-444,1,nao,codeql,2g,0,1,0,,,
CWE-444,1,nao,codeql,2e,0,1,0,,,
CWE-444,1,nao,codeql,3,0,1,0,,,
CWE-444,1,nao,codeql,4g,0,1,0,,,
CWE-444,1,nao,codeql,4e,0,1,0,,,
CWE-444,1,nao,semgrep,0,1,1,0,,,
CWE-444,1,nao,semgrep,1,0,1,0,,,
CWE-444,1,nao,semgrep,2g,0,1,0,,,
CWE-444,1,nao,semgrep,2e,0,1,0,,,
CWE-444,1,nao,semgrep,3,0,1,0,,,
CWE-444,1,nao,semgrep,4g,0,1,0,,,
CWE-444,1,nao,semgrep,4e,0,1,0,,,
CWE-444,1,nao,snyk-code,0,1,1,0,,,
CWE-444,1,nao,snyk-code,1,0,1,0,,,
CWE-444,1,nao,snyk-code,2g,0,1,0,,,
CWE-444,1,nao,snyk-code,2e,0,1,0,,,
CWE-444,1,nao,snyk-code,3,0,1,0,,,
CWE-444,1,nao,snyk-code,4g,0,1,0,,,
CWE-444,1,nao,snyk-code,4e,0,1,0,,,
CWE-502,1,nao,codeql,0,1,1,0,,,
CWE-502,1,nao,codeql,1,1,1,0,,,
CWE-502,1,nao,codeql,2g,0,1,0,,,
CWE-502,1,nao,codeql,2e,0,1,0,,,
CWE-502,1,nao,codeql,3,1,1,0,,,
CWE-502,1,nao,codeql,4g,0,1,0,,,
CWE-502,1,nao,codeql,4e,0,1,0,,,
CWE-502,1,nao,semgrep,0,0,1,0,,,
CWE-502,1,nao,semgrep,1,0,1,0,,,
CWE-502,1,nao,semgrep,2g,0,1,0,,,
CWE-502,1,nao,semgrep,2e,0,1,0,,,
CWE-502,1,nao,semgrep,3,0,1,0,,,
CWE-502,1,nao,semgrep,4g,0,1,0,,,
CWE-502,1,nao,semgrep,4e,0,1,0,,,
CWE-502,1,nao,snyk-code,0,0,1,0,,,
CWE-502,1,nao,snyk-code,1,0,1,0,,,
CWE-502,1,nao,snyk-code,2g,0,1,0,,,
CWE-502,1,nao,snyk-code,2e,0,1,0,,,
CWE-502,1,nao,snyk-code,3,0,1,0,,,
CWE-502,1,nao,snyk-code,4g,0,1,0,,,
CWE-502,1,nao,snyk-code,4e,0,1,0,,,
CWE-668,1,nao,codeql,0,1,1,0,,,
CWE-668,1,nao,codeql,1,1,1,0,,,
CWE-668,1,nao,codeql,2g,0,1,0,,,
CWE-668,1,nao,codeql,2e,0,1,0,,,
CWE-668,1,nao,codeql,3,0,1,0,,,
CWE-668,1,nao,codeql,4g,0,1,0,,,
CWE-668,1,nao,codeql,4e,0,1,0,,,
CWE-668,1,nao,semgrep,0,1,1,0,,,
CWE-668,1,nao,semgrep,1,1,1,0,,,
CWE-668,1,nao,semgrep,2g,0,1,0,,,
CWE-668,1,nao,semgrep,2e,0,1,0,,,
CWE-668,1,nao,semgrep,3,0,1,0,,,
CWE-668,1,nao,semgrep,4g,0,1,0,,,
CWE-668,1,nao,semgrep,4e,0,1,0,,,
CWE-668,1,nao,snyk-code,0,0,1,0,,,
CWE-668,1,nao,snyk-code,1,0,1,0,,,
CWE-668,1,nao,snyk-code,2g,0,1,0,,,
CWE-668,1,nao,snyk-code,2e,0,1,0,,,
CWE-668,1,nao,snyk-code,3,0,1,0,,,
CWE-668,1,nao,snyk-code,4g,0,1,0,,,
CWE-668,1,nao,snyk-code,4e,0,1,0,,,
CWE-754,1,nao,codeql,0,1,1,0,,,
CWE-754,1,nao,codeql,1,0,1,0,,,
CWE-754,1,nao,codeql,2g,0,1,0,,,
CWE-754,1,nao,codeql,2e,0,1,0,,,
CWE-754,1,nao,codeql,3,0,1,0,,,
CWE-754,1,nao,codeql,4g,0,1,0,,,
CWE-754,1,nao,codeql,4e,0,1,0,,,
CWE-754,1,nao,semgrep,0,1,1,0,,,
CWE-754,1,nao,semgrep,1,0,1,0,,,
CWE-754,1,nao,semgrep,2g,0,1,0,,,
CWE-754,1,nao,semgrep,2e,0,1,0,,,
CWE-754,1,nao,semgrep,3,0,1,0,,,
CWE-754,1,nao,semgrep,4g,0,1,0,,,
CWE-754,1,nao,semgrep,4e,0,1,0,,,
CWE-754,1,nao,snyk-code,0,1,1,0,,,
CWE-754,1,nao,snyk-code,1,0,1,0,,,
CWE-754,1,nao,snyk-code,2g,0,1,0,,,
CWE-754,1,nao,snyk-code,2e,0,1,0,,,
CWE-754,1,nao,snyk-code,3,0,1,0,,,
CWE-754,1,nao,snyk-code,4g,0,1,0,,,
CWE-754,1,nao,snyk-code,4e,0,1,0,,,
CWE-807,1,nao,codeql,0,0,1,0,,,
CWE-807,1,nao,codeql,1,0,1,0,,,
CWE-807,1,nao,codeql,2g,0,1,0,,,
CWE-807,1,nao,codeql,2e,0,1,0,,,
CWE-807,1,nao,codeql,3,0,1,0,,,
CWE-807,1,nao,codeql,4g,0,1,0,,,
CWE-807,1,nao,codeql,4e,0,1,0,,,
CWE-807,1,nao,semgrep,0,1,1,0,,,
CWE-807,1,nao,semgrep,1,1,1,0,,,
CWE-807,1,nao,semgrep,2g,0,1,0,,,
CWE-807,1,nao,semgrep,2e,0,1,0,,,
CWE-807,1,nao,semgrep,3,0,1,0,,,
CWE-807,1,nao,semgrep,4g,0,1,0,,,
CWE-807,1,nao,semgrep,4e,0,1,0,,,
CWE-807,1,nao,snyk-code,0,0,1,0,,,
CWE-807,1,nao,snyk-code,1,0,1,0,,,
CWE-807,1,nao,snyk-code,2g,0,1,0,,,
CWE-807,1,nao,snyk-code,2e,0,1,0,,,
CWE-807,1,nao,snyk-code,3,0,1,0,,,
CWE-807,1,nao,snyk-code,4g,0,1,0,,,
CWE-807,1,nao,snyk-code,4e,0,1,0,,,
CWE-829,1,nao,codeql,0,1,1,0,,,
CWE-829,1,nao,codeql,1,1,1,0,,,
CWE-829,1,nao,codeql,2g,1,1,0,,,
CWE-829,1,nao,codeql,2e,1,1,0,,,
CWE-829,1,nao,codeql,3,1,1,0,,,
CWE-829,1,nao,codeql,4g,1,1,0,,,
CWE-829,1,nao,codeql,4e,1,1,0,,,
CWE-829,1,nao,semgrep,0,1,1,0,,,
CWE-829,1,nao,semgrep,1,0,1,0,,,
CWE-829,1,nao,semgrep,2g,0,1,0,,,
CWE-829,1,nao,semgrep,2e,0,1,0,,,
CWE-829,1,nao,semgrep,3,0,1,0,,,
CWE-829,1,nao,semgrep,4g,0,1,0,,,
CWE-829,1,nao,semgrep,4e,0,1,0,,,
CWE-829,1,nao,snyk-code,0,0,1,0,,,
CWE-829,1,nao,snyk-code,1,0,1,0,,,
CWE-829,1,nao,snyk-code,2g,0,1,0,,,
CWE-829,1,nao,snyk-code,2e,0,1,0,,,
CWE-829,1,nao,snyk-code,3,0,1,0,,,
CWE-829,1,nao,snyk-code,4g,0,1,0,,,
CWE-829,1,nao,snyk-code,4e,0,1,0,,,
SEM_PRIMARIO,1,nao,codeql,0,0,1,0,,,
SEM_PRIMARIO,1,nao,codeql,1,0,1,0,,,
SEM_PRIMARIO,1,nao,codeql,2g,0,1,0,,,
SEM_PRIMARIO,1,nao,codeql,2e,0,0,1,,,
SEM_PRIMARIO,1,nao,codeql,3,0,1,0,,,
SEM_PRIMARIO,1,nao,codeql,4g,0,1,0,,,
SEM_PRIMARIO,1,nao,codeql,4e,0,0,1,,,
SEM_PRIMARIO,1,nao,semgrep,0,0,1,0,,,
SEM_PRIMARIO,1,nao,semgrep,1,0,1,0,,,
SEM_PRIMARIO,1,nao,semgrep,2g,0,1,0,,,
SEM_PRIMARIO,1,nao,semgrep,2e,0,0,1,,,
SEM_PRIMARIO,1,nao,semgrep,3,0,1,0,,,
SEM_PRIMARIO,1,nao,semgrep,4g,0,1,0,,,
SEM_PRIMARIO,1,nao,semgrep,4e,0,0,1,,,
SEM_PRIMARIO,1,nao,snyk-code,0,0,1,0,,,
SEM_PRIMARIO,1,nao,snyk-code,1,0,1,0,,,
SEM_PRIMARIO,1,nao,snyk-code,2g,0,1,0,,,
SEM_PRIMARIO,1,nao,snyk-code,2e,0,0,1,,,
SEM_PRIMARIO,1,nao,snyk-code,3,0,1,0,,,
SEM_PRIMARIO,1,nao,snyk-code,4g,0,1,0,,,
SEM_PRIMARIO,1,nao,snyk-code,4e,0,0,1,,,
