cve,repositorio,fora_do_denominador,pre,post,post_malformado,status,pre_existe,post_existe,post_tipo,relacao,distancia,pre_e_pai_de_post,arquivos_alterados,gt_arquivo,gt_arquivo_no_pre,gt_arquivo_no_post,gt_arquivo_alterado,gt_linhas,gt_linhas_em_trecho_alterado,gt_linhas_deslocadas,duracao_segundos,gt_tipo_ponto,gt_ponto_post
CVE-2016-1000229,https://github.com/linxiaowu66/swagger-ui.git,codigo_indisponivel_repositorio_inexistente,14fad2b4c76efe249db515c98432eb609aa77691,be1d6d4dbed60e3efbb15caede756bdbd2269a41,nao,ERRO_CLONE_RECUSA,indeterminado,indeterminado,,,,,,src/main/javascript/helpers/handlebars.js,,,,68,,,0,,
CVE-2016-10735,https://github.com/twbs/bootstrap.git,,ba6a6f13691000ffaf22ef8e731513737659447f,bcad4bcb5f5a9ef079b2883a48a698b35261e083,nao,OK,sim,sim,commit,post_descende_de_pre,1,sim,2,js/src/util.js,sim,presente,sim,120,sim,,1,trecho,120-120
CVE-2017-0931,https://github.com/guardian/html-janitor.git,,8c99e653a36a85edd740e756d7371ee47a9aee45,0f60a4243f38b81cede9d5742aeccac2a95d0bcb,nao,OK,sim,sim,commit,post_descende_de_pre,1,sim,1,src/html-janitor.js,sim,presente,sim,43,sim,,1,trecho,43-45
CVE-2017-1000006,https://github.com/plotly/plotly.js.git,,16e0fc29690c82282db91f99e651190afa0a9f87,0a1526de6ee872993cabac966ed6fdc67cd052f0,nao,OK,sim,sim,commit,post_descende_de_pre,1,sim,2,src/lib/svg_text_utils.js,sim,presente,sim,270,sim,,1,trecho,280-280
CVE-2017-1000219,https://github.com/KyleRoss/windows-cpu.git,,da656c1a9d5edbf4e8bf0640f349aeb714a4f1a0,b75e19aa2f7459a9506bceb577ba2341fe273117,nao,OK,sim,sim,commit,post_descende_de_pre,1,sim,1,index.js,sim,presente,sim,82,sim,,1,trecho,74-81
CVE-2017-1000427,https://github.com/markedjs/marked.git,,38f1727ffee0820975677027b8968bc1954e6637,cd2f6f5b7091154c5526e79b5f3bfb4d15995a51,nao,OK,sim,sim,commit,post_descende_de_pre,1,sim,3,lib/marked.js,sim,presente,sim,878,sim,,1,trecho,878-878
CVE-2017-1001004,https://github.com/josdejong/typed-function.git,,9a8cac3cb8ae89fd0a9b3ae2dfde27cd1aa5a60a,6478ef4f2c3f3c2d9f2c820e2db4b4ba3425e6fe,nao,OK,sim,sim,commit,post_descende_de_pre,1,sim,3,typed-function.js,sim,presente,sim,1118,nao,1121,1,inalterada,1121
CVE-2017-10910,https://github.com/mqttjs/MQTT.js.git,,800a4ddaaec80f3289b1aa249bf67584588611ff,403ba53b838f2d319a0c0505a045fe00239e9923,nao,OK,sim,sim,commit,post_descende_de_pre,1,sim,2,lib/client.js,sim,presente,sim,267,sim,,1,trecho,271-271
CVE-2017-15010,https://github.com/salesforce/tough-cookie.git,,fcc8abfa3d3cab4f99da38f3f3749b1b186eb5a4,f1ed420a6a92ea7a5418df6e39e676556bc0c71d,nao,OK,sim,sim,commit,post_descende_de_pre,1,sim,2,lib/cookie.js,sim,presente,sim,61,sim,,1,trecho,61-61
CVE-2017-16003,https://github.com/felixrieseberg/windows-build-tools.git,,3a97ea156d07aaccca101ed8f0a1606eea8dfc2d,9835d33e68f2cb5e4d148e954bb3ed0221d98e90,nao,OK,sim,sim,commit,post_descende_de_pre,1,sim,1,src/download.js,sim,presente,nao,38,nao,38,1,inalterada,38
CVE-2017-16006,https://github.com/jonschlinkert/remarkable.git,,a85cf32cd194d7a12d2155256bd38283e431b26b,6da96c34ca5a3e2ab25ef36a62fe29377bdda9ff,nao,OK,sim,sim,commit,post_descende_de_pre,1,sim,3,lib/parser_inline.js,sim,presente,sim,151,nao,151,1,inalterada,151
CVE-2017-16011,https://github.com/jquery/jquery.git,,452e32769d514d835988c544492e4083df2bc1d6,05531fc4080ae24070930d15ae0cea7ae056457d,nao,OK,sim,sim,commit,post_descende_de_pre,1,sim,5,src/core.js,sim,presente,sim,52,sim,,1,trecho,52-53
CVE-2017-16014,https://github.com/http-party/node-http-proxy.git,,0c71119ee58ee84068120be72308ecb28cb3e532,0e36912906640fdb007e0492b75c3f6a7b580ec6,nao,OK,sim,sim,commit,post_descende_de_pre,1,sim,1,lib/node-http-proxy.js,sim,presente,sim,225,sim,,1,trecho,225-235
CVE-2017-16018,https://github.com/restify/node-restify.git,,893895137b6a54a21ebf88cabe3f275636ef28d7,24c57cef13dced488ca698db72b851cecd687924,nao,OK,sim,sim,commit,post_descende_de_pre,1,sim,2,lib/server.js,sim,presente,nao,202,nao,202,1,inalterada,202
CVE-2017-16023,https://github.com/sindresorhus/decamelize.git,,18479821851414d91ad3d42d8560adff5969da4b,76d47d8de360afb574da2e34db87430ce11094e0,nao,OK,sim,sim,commit,post_descende_de_pre,1,sim,3,index.js,sim,presente,sim,8,sim,,1,trecho,14-14
CVE-2017-16026,https://github.com/request/request.git,,85f8235c061f8d0d1697066290a34f43120cb77f,3d31d4526fa4d4e4f59b89cabe194fb671063cdb,nao,OK,sim,sim,commit,post_descende_de_pre,1,sim,1,lib/multipart.js,sim,presente,sim,71,nao,74,1,inalterada,74
CVE-2017-16028,https://github.com/jonschlinkert/randomatic.git,,833f31a5aac0b8c2ddd3ae23ab41a0145c2974d0,4a526959b3a246ae8e4a82f9c182180907227fe1,nao,OK,sim,sim,commit,post_descende_de_pre,1,sim,4,index.js,sim,presente,sim,81,sim,,1,trecho,83-83
CVE-2017-16029,https://github.com/henrytseng/hostr.git,,5827ba48fd4a08c26604b97798c57d45fe1cd51e,789a00047459fd80b6f0a9701a1378a47fb73ba8,nao,OK,sim,sim,commit,post_descende_de_pre,1,sim,2,lib/routes/statics.js,sim,presente,sim,31,nao,33,1,inalterada,33
CVE-2017-16030,https://github.com/3rd-Eden/useragent.git,,50be8cbd7e3b9cbfeaab041de726b5438d07672e,b18cf7c2a13c994ea8d6d0d132feef4eb8193c36,nao,OK,sim,sim,commit,post_descende_de_pre,1,sim,1,lib/regexps.js,sim,presente,nao,887,nao,887,1,inalterada,887
CVE-2017-16031,https://github.com/socketio/socket.io.git,,fe6dd874437ccd13e4753c03d7a98e5382d0b0d5,67b4eb9abdf111dfa9be4176d1709374a2b4ded8,nao,OK,sim,sim,commit,post_descende_de_pre,1,sim,2,lib/manager.js,sim,presente,sim,755,sim,,1,trecho,761-761
CVE-2017-16034,https://github.com/soyuka/pidusage.git,,e3660d8a8e5e61afad9b02af67356a1e239d6bde,b70eca15f7ca7f1b82a15f8a5d4bb48737f5a89d,nao,OK,sim,sim,commit,post_descende_de_pre,1,sim,1,lib/stats.js,sim,presente,sim,103,nao,106,1,inalterada,106
CVE-2017-16042,https://github.com/tj/node-growl.git,,dc8aae046df328edd32dd69f3cd2d6b114d7018e,d71177d5331c9de4658aca62e0ac921f178b0669,nao,OK,sim,sim,commit,post_descende_de_pre,1,sim,3,lib/growl.js,sim,presente,sim,289,sim,,1,trecho,286-288
CVE-2017-16043,https://github.com/erming/shout.git,,890c751bb624cde53dc392b2c851cdcd056033c6,ef041d6612e20369bf49b17b8162c57b4955a1cc,nao,OK,sim,sim,commit,post_descende_de_pre,1,sim,1,client/js/shout.js,sim,presente,sim,318,sim,,1,so_remocao,del:317
CVE-2017-16082,https://github.com/brianc/node-postgres.git,,51a28c226519daaa3a2a3971128355d0440d3819,7008bd9ccfe6a21d66f44a4f536004ca3f40bd71,nao,OK,sim,sim,commit,post_descende_de_pre,1,sim,3,lib/result.js,sim,presente,sim,72,sim,,1,trecho,70-76
CVE-2017-16083,https://github.com/sandy98/node-simple-router.git,,91da4299aee0086cc1e0cc837763578af6f82cea,dfdd52e2e80607af433097d940b3834fd96df488,nao,OK,sim,sim,commit,post_descende_de_pre,1,sim,3,lib/router.js,sim,presente,sim,734,nao,736,1,inalterada,736
CVE-2017-16084,https://github.com/KoryNunn/list-n-stream.git,,87de3f13465e9d4d21eb75be8143cdc4085a19b3,99b0b40b34aaedfcdf25da46bef0a06b9c47fb59,nao,OK,sim,sim,commit,post_descende_de_pre,1,sim,2,server.js,sim,presente,sim,88,nao,95,1,inalterada,95
CVE-2017-16087,https://github.com/vvakame/fs-git.git,,50b33e3faec0b08183a699efb9b154c0d1495bee,eb5f70efa5cfbff1ab299fa7daaa5de549243998,nao,OK,sim,sim,commit,post_descende_de_pre,1,sim,5,lib/index.ts,sim,presente,sim,38,sim,,1,trecho,32-32
CVE-2017-16098,https://github.com/node-modules/charset.git,,5ba8a4942f069d40584cf5a1a7938ff8dc92bcc9,effda0c48c51b47a47f4cad7db0c51ee7407cc1b,nao,OK,sim,sim,commit,post_descende_de_pre,1,sim,6,index.js,sim,presente,sim,44,nao,44,1,inalterada,44
CVE-2017-16100,https://github.com/skoranga/node-dns-sync.git,,b748fe77a87749d95876028eda8e759109be4c73,d9abaae384b198db1095735ad9c1c73d7b890a0d,nao,OK,sim,sim,commit,post_descende_de_pre,1,sim,3,lib/dns-sync.js,sim,presente,sim,21,nao,33,1,inalterada,33
CVE-2017-16107,https://github.com/Eeems/PooledWebSocket.git,,d51217a285c1dc5851743d0756cc43c35d12737c,7b3b4e5c6be6d8a964296fa3c50e38dc07e9701d,nao,OK,sim,sim,commit,post_descende_de_pre,1,sim,1,server.js,sim,presente,sim,9,sim,,0,trecho,10-10
CVE-2017-16114,https://github.com/markedjs/marked.git,,49b7eaca76d14ccd91f87decc11bbe213a6e0af4,a37bd643f05bf95ff18cafa2b06e7d741d2e2157,nao,OK,sim,sim,commit,post_descende_de_pre,1,sim,1,lib/marked.js,sim,presente,sim,459,sim,,1,trecho,459-459
CVE-2017-16117,https://github.com/Trott/node-slug.git,,85ded30a95760b19cd223abe668eade0279a21f2,791b7d8ea1804be341561aa5d44d282bbfd2f780,nao,OK,sim,sim,commit,post_descende_de_pre,1,sim,3,slug.js,sim,presente,sim,64,sim,,1,trecho,64-64
CVE-2017-16118,https://github.com/jshttp/forwarded.git,,ad1efeaf2315c1ccd25c1e5bccb21df626c1d12c,d469116eda4931fbe1c0ccb29497b35930bfa328,nao,OK,sim,sim,commit,post_descende_de_pre,1,sim,2,index.js,sim,presente,sim,14,sim,,1,so_remocao,del:9
CVE-2017-16119,https://github.com/jshttp/fresh.git,,ff5f257b575a70fae6268b9283f7d5796bcfde71,21a0f0c2a5f447e0d40bc16be0c23fa98a7b46ec,nao,OK,sim,sim,commit,post_descende_de_pre,1,sim,2,index.js,sim,presente,sim,22,sim,,1,so_remocao,del:17
CVE-2017-16136,https://github.com/expressjs/method-override.git,,5a7d6a1f2f16ba4ec2bbab3d67b98b30e1d8a0fe,4c58835a61fdf7a8e070d6f8ecd5379a961d0987,nao,OK,sim,sim,commit,post_descende_de_pre,1,sim,2,index.js,sim,presente,sim,120,sim,,1,trecho,127-132
CVE-2017-16137,https://github.com/visionmedia/debug.git,,47747f329fe159e94262318b52b87a48f6c0acd4,c38a0166c266a679c8de012d4eaccec3f944e685,nao,OK,sim,sim,commit,post_descende_de_pre,1,sim,1,src/node.js,sim,presente,sim,86,sim,,1,trecho,86-88
CVE-2017-16138,https://github.com/broofa/node-mime.git,,4a375abebfa3900921217daa270302e01a1c67ae,1df903fdeb9ae7eaa048795b8d580ce2c98f40b0,nao,OK,sim,sim,commit,post_descende_de_pre,1,sim,1,Mime.js,sim,presente,sim,50,sim,,1,trecho,50-51
CVE-2017-16224,https://github.com/isaacs/st.git,,ae7b6768c1d91dd48b368b2b921193fc2b36cff1,579960c629f12a27428e2da84c54f517e37b0a16,nao,OK,sim,sim,commit,post_descende_de_pre,1,sim,3,st.js,sim,presente,sim,351,nao,354,1,inalterada,354
CVE-2017-16226,https://github.com/browserify/static-eval.git,,ab81134a43431457508bc2ead500f2d93ac0a71d,c06f1b8c0a0cd1cc989c025fbb4c5776fc661c2c,nao,OK,sim,sim,commit,post_descende_de_pre,1,sim,1,index.js,sim,presente,sim,118,nao,151,1,inalterada,151
CVE-2017-16877,https://github.com/zeit/next.js.git,,442c611d4956496afc8f32c3bb881f2d37e63960,02fe7cf63f6265d73bdaf8bc50a4f2fb539dcd00,nao,OK,sim,sim,commit,post_descende_de_pre,2,sim,1,server/render.js,sim,presente,nao,218,nao,218,1,inalterada,218
CVE-2017-17461,https://github.com/markedjs/marked.git,,900e50e22a9a8165e6de4df6a91265343fd584d9,3a4f7a5dae661f0844cb7b07e8667b5666ffc83e,nao,OK,sim,sim,commit,post_descende_de_pre,13,sim,15,lib/marked.js,sim,presente,sim,460,sim,,1,trecho,456-456
CVE-2017-18077,https://github.com/juliangruber/brace-expansion.git,,265f6cd6586383eebebbfc3c45da2eaa153d9e63,ed46e5ba619bd938e5b84835fca00eed0adc5585,nao,OK,sim,sim,commit,post_descende_de_pre,2,sim,1,index.js,sim,presente,sim,109,sim,,0,trecho,109-109
CVE-2017-18214,https://github.com/moment/moment.git,,328d51e7235b7a2d443bfdf69c1844939c115660,69ed9d44957fa6ab12b73d2ae29d286a857b80eb,nao,OK,sim,sim,commit,post_descende_de_pre,1,sim,3,src/lib/parse/regex.js,sim,presente,sim,23,sim,,1,trecho,23-23
CVE-2017-18352,https://github.com/GoogleChrome/rendertron.git,,16ade3208c80c3de8f8e36a05ad8242af1eeb7f4,324ac99732c943d7b16aead2fceaa8b31a458eaa,expandido,OK,sim,sim,commit,post_descende_de_pre,1,sim,5,src/main.js,sim,presente,sim,106,sim,,1,trecho,111-112
CVE-2017-18353,https://github.com/GoogleChrome/rendertron.git,,16ade3208c80c3de8f8e36a05ad8242af1eeb7f4,324ac99732c943d7b16aead2fceaa8b31a458eaa,nao,OK,sim,sim,commit,post_descende_de_pre,1,sim,5,src/main.js,sim,presente,sim,130,sim,,0,trecho,133-134
CVE-2017-18354,https://github.com/GoogleChrome/rendertron.git,,16ade3208c80c3de8f8e36a05ad8242af1eeb7f4,324ac99732c943d7b16aead2fceaa8b31a458eaa,nao,OK,sim,sim,commit,post_descende_de_pre,1,sim,5,src/renderer.js,sim,presente,sim,75,nao,74,1,inalterada,74
CVE-2017-18355,https://github.com/GoogleChrome/rendertron.git,,16ade3208c80c3de8f8e36a05ad8242af1eeb7f4,324ac99732c943d7b16aead2fceaa8b31a458eaa,nao,OK,sim,sim,commit,post_descende_de_pre,1,sim,5,src/renderer.js,sim,presente,sim,75,nao,74,0,inalterada,74
CVE-2017-18635,https://github.com/novnc/noVNC.git,,41f476a86357f1404fcca078212c702599bbcc57,6048299a138e078aed210f163111698c8c526a13,nao,OK,sim,sim,commit,post_descende_de_pre,1,sim,5,app/ui.js,sim,presente,sim,534,sim,,1,trecho,534-534
CVE-2017-5954,https://github.com/commenthol/serialize-to-js.git,,a1e8140ed1a07013f644b5b76025f4eaab7fb9d8,1cd433960e5b9db4c0b537afb28366198a319429,nao,OK,sim,sim,commit,post_descende_de_pre,1,sim,9,lib/deserialize.js,sim,presente,sim,28,sim,,1,trecho,32-34
CVE-2018-1000086,https://github.com/nprapps/pym.js.git,,4b9016c30a930608e68dcd831176e1d089fab55b,c3552a6cf2532664c17bd6a318fb3cf8e4cf2f97,nao,OK,sim,sim,commit,post_descende_de_pre,1,sim,10,src/pym.js,sim,presente,sim,569,nao,578,1,inalterada,578
CVE-2018-1000096,https://github.com/brianleroux/tiny-json-http.git,sem_cwe_no_ground_truth,41468a2ba952aa4d59c2fae20a7a7394d3b6d5d7,1460a815c9a657daaf29ebdf085b935221fcf676,nao,OK,sim,sim,commit,post_descende_de_pre,1,sim,2,_read.js,sim,presente,sim,41,nao,40,1,inalterada,40
CVE-2018-1000620,https://github.com/hapijs/cryptiles.git,,96e63fd1605d5a85b19281e4741e28568d8c9822,9332d4263a32b84e76bf538d7470d01ea63fa047,nao,OK,sim,sim,commit,post_descende_de_pre,1,sim,2,lib/index.js,sim,presente,sim,32,sim,,1,trecho,30-43
CVE-2018-1002203,https://github.com/ZJONSSON/node-unzipper.git,,48bd69eaa3cbd30558bd218327ac103d1457e919,2220ddd5b58f6252069a4f99f9475441ad0b50cd,nao,OK,sim,sim,commit,post_descende_de_pre,2,sim,3,lib/extract.js,sim,presente,sim,21,sim,,1,trecho,30-30
CVE-2018-1002204,https://github.com/cthackers/adm-zip.git,,e116bc18df51e4e50c493cede82ae7696954b511,62f64004fefb894c523a7143e8a88ebe6c84df25,nao,OK,sim,sim,commit,post_descende_de_pre,2,sim,1,util/utils.js,sim,presente,nao,109,nao,109,1,inalterada,109
CVE-2018-11093,https://github.com/ckeditor/ckeditor5-link.git,,992bd11d68e0e6d37b5cb4be36afabe7b4b3e9eb,8cb782eceba10fc481e4021cb5d25b2a85d1b04e,expandido,OK,sim,sim,commit,post_descende_de_pre,3,sim,6,src/ui/linkactionsview.js,sim,presente,sim,209,sim,,1,trecho,211-211
CVE-2018-11615,https://github.com/moscajs/mosca.git,,e61f7491519ff69732e91f5afa107cda4c4d271e,21ad292f9ff3d49134afd31ae519755866556dd5,nao,OK,sim,sim,commit,post_descende_de_pre,1,sim,3,lib/persistence/mongo.js,sim,presente,sim,270,sim,,1,trecho,271-272
CVE-2018-11798,https://github.com/apache/thrift.git,,d566da7739c9aae63fe7fc9d267887fa73e5dda7,2a2b72f6c8aef200ecee4984f011e06052288ff2,nao,OK,sim,sim,commit,post_descende_de_pre,1,sim,3,lib/nodejs/lib/thrift/web_server.js,sim,presente,sim,419,nao,427,1,inalterada,427
CVE-2018-13797,https://github.com/scravy/node-macaddress.git,,dd079620d11c91957ac897e88d539dfceec41d56,358fd594adb196a86b94ac9c691f69fe5dad2332,nao,OK,sim,sim,commit,post_descende_de_pre,6,sim,6,lib/linux.js,sim,presente,sim,4,sim,,1,trecho,4-4
CVE-2018-13863,https://github.com/mongodb/js-bson.git,,e403bd94faadee80cd82bae888e28b8b4d6d1e8d,bd61c45157c53a1698ff23770160cf4783e9ea4a,nao,OK,sim,sim,commit,post_descende_de_pre,1,sim,1,lib/bson/decimal128.js,sim,presente,sim,5,nao,5,1,inalterada,5
CVE-2018-14040,https://github.com/twbs/bootstrap.git,,13bf8aeae3db71e28af69782328c22215795c169,2a5ba23ce8f041f3548317acc992ed8a736b609d,nao,OK,sim,sim,commit,post_descende_de_pre,1,sim,6,js/collapse.js,sim,presente,sim,140,sim,,1,trecho,140-140
CVE-2018-14041,https://github.com/twbs/bootstrap.git,,149096016f70fd815540d62c0989fd99cdc809e0,cc61edfa8af7b5ec9d4888c59bf94377e499b78b,nao,OK,sim,sim,commit,post_descende_de_pre,1,sim,1,js/src/scrollspy.js,sim,presente,sim,118,sim,,1,trecho,118-118
CVE-2018-14042,https://github.com/twbs/bootstrap.git,,13bf8aeae3db71e28af69782328c22215795c169,2a5ba23ce8f041f3548317acc992ed8a736b609d,nao,OK,sim,sim,commit,post_descende_de_pre,1,sim,6,js/tooltip.js,sim,presente,sim,207,sim,,1,trecho,207-207
CVE-2018-14380,https://github.com/Graylog2/graylog2-server.git,,f4a6bf94bc084e58afc730881c1a746408e1f574,52d54c86b8050b554db4146c241167c8d444a1dc,nao,OK,sim,sim,commit,post_descende_de_pre,1,sim,2,graylog2-web-interface/src/components/search/QueryInput.ts,sim,presente,sim,51,sim,,1,trecho,46-53
CVE-2018-16460,https://github.com/UmbraEngineering/ps.git,,facfbce24c0dc5505edbae759f4bb991f2724979,47e6f3815c45ac491f0e9f08d3eeeed5217e97c4,nao,OK,sim,sim,commit,post_descende_de_pre,1,sim,3,lib/index.js,sim,presente,sim,8,sim,,1,so_remocao,del:15
CVE-2018-16461,https://github.com/jas-/node-libnmap.git,,49b72239b144ab7ffdf673b62e18bfd0760948f6,c235b24b0342e12a5dbf502f89daabe95883b6c8,nao,OK,sim,sim,commit,post_descende_de_pre,1,sim,2,lib/classes/tools.js,sim,presente,sim,114,sim,,1,trecho,125-126
CVE-2018-16462,https://github.com/vincentmorneau/apex-publish-static-files.git,,8d28fe8a9a49e5ff3f61e239293b5646528e2915,2209af8f2b65c24aa55ab757e0e05b958c16f063,nao,OK,sim,sim,commit,post_descende_de_pre,1,sim,3,index.js,sim,presente,sim,54,sim,,1,trecho,45-61
CVE-2018-16472,https://github.com/ashaffer/cached-path-relative.git,,a63061a1c92cab1a9fd0e938fceeac26fedf30c4,a43cffec84ed0e9eceecb43b534b6937a8028fc0,nao,OK,sim,sim,commit,post_descende_de_pre,1,sim,1,lib/index.js,sim,presente,sim,39,nao,39,1,inalterada,39
CVE-2018-16478,https://github.com/tikonen/blog.git,,08ab167d21ca55e6bb5599fdd599e888c8cc667c,d85f8cf0634aac25b058f47dd6d5a291fce7840c,nao,OK,sim,sim,commit,post_descende_de_pre,1,sim,2,simplehttpserver/simplehttpserver.js,sim,presente,sim,76,sim,,1,trecho,87-99
CVE-2018-16479,https://github.com/prahladyeri/http-live-simulator.git,,8e85a1be562248d0d616c0e5092a3d71bbf5fe5f,354644525f1626c5921abac10913c0d47f1f1433,nao,OK,sim,sim,commit,post_descende_de_pre,1,sim,6,bin/http-live,sim,presente,sim,94,nao,96,1,inalterada,96
CVE-2018-16480,https://github.com/tnantoka/public.git,,6d152eb12b368df70c789aba84d27d01b854ee47,a754943e2b7348e366d4f2a5319cb12fa873a725,nao,OK,sim,sim,commit,post_descende_de_pre,1,sim,2,bin/public,sim,presente,sim,111,nao,129,1,inalterada,129
CVE-2018-16484,https://github.com/nunnly/m-server.git,,e4bf390a3a9180ba2298f3d68bc16d9a69187703,b8613fd1f35b2ba1e3b0cbac254c03f7c9f95232,nao,OK,sim,sim,commit,post_descende_de_pre,1,sim,4,lib/index.js,sim,presente,nao,39,nao,39,1,inalterada,39
CVE-2018-16485,https://github.com/nunnly/m-server.git,,3fcc6771fb14e8452ca80364f5900af362df316f,01f13f040d1961ca3146dce7e2db990156e65e9a,nao,OK,sim,sim,commit,post_descende_de_pre,1,sim,4,lib/index.js,sim,presente,sim,11,nao,18,1,inalterada,18
CVE-2018-16487,https://github.com/lodash/lodash.git,,67389a8c78975d97505fa15aa79bec6397749807,90e6199a161b6445b01454517b40ef65ebecd2ad,nao,OK,sim,sim,commit,post_descende_de_pre,1,sim,2,lodash.js,sim,presente,sim,2573,nao,2559,1,inalterada,2559
CVE-2018-16489,https://github.com/angus-c/just.git,,f5549c99e72a6307ba9846e553db5a9aeef36d86,4ba818b65d89e0bf316aa574322980b4b2bd94bf,nao,OK,sim,sim,commit,post_descende_de_pre,1,sim,3,packages/object-extend/index.js,sim,presente,sim,50,sim,,1,trecho,50-50
CVE-2018-16490,https://github.com/aheckmann/mpath.git,,77204d7e5b0adb2100e862069a3c20d073df8f06,7e2977feb38cf3ce20c1e98b0850909e5f34e6c4,nao,OK,sim,sim,commit,post_descende_de_pre,1,sim,2,lib/index.js,sim,presente,sim,272,nao,284,1,inalterada,284
CVE-2018-16491,https://github.com/dreamerslab/node.extend.git,,91713698d86df0bad356f13ae2e68af7f226bce9,7e6135a5da16a755a28ffa596e14a07bf5e0c95b,nao,OK,sim,sim,commit,post_descende_de_pre,1,sim,4,lib/extend.js,sim,presente,sim,61,sim,,1,trecho,94-94
CVE-2018-16492,https://github.com/justmoon/node-extend.git,,a689700740b44846e76f8f1dc4bdf230a2cb5c0d,0e68e71d93507fcc391e398bc84abd0666b28190,nao,OK,sim,sim,commit,post_descende_de_pre,1,sim,2,index.js,sim,presente,sim,77,sim,,1,trecho,108-108
CVE-2018-18282,https://github.com/zeit/next.js.git,,ae56c7847f32173c0c6954a124fdaa749d44b5dc,e6d79bb88ee47b9f56a84371f65a9eaac75c6fa4,nao,OK,sim,sim,commit,post_descende_de_pre,1,sim,4,server/document.js,sim,presente,sim,190,sim,,1,trecho,189-190
CVE-2018-19048,https://github.com/mycolorway/simditor.git,,65d78cbfcb576f8963ba26a991c33d746be5add7,ef01a643cbb7f8163535d6bfb71135f80ec6a6fd,nao,OK,sim,sim,commit,post_descende_de_pre,1,sim,20,lib/simditor.js,sim,presente,sim,2652,sim,,1,trecho,2652-2652
CVE-2018-20164,https://github.com/ua-parser/uap-core.git,,4e97f111af71597d038eff1730fb8d7e4f4e7ae4,bf80eb25f940f2c2a4672681d753a8034839066c,nao,OK,sim,sim,commit,post_descende_de_pre,1,sim,3,regexes.yaml,sim,presente,sim,911,sim,,1,trecho,911-911
CVE-2018-20676,https://github.com/twbs/bootstrap.git,,13bf8aeae3db71e28af69782328c22215795c169,2a5ba23ce8f041f3548317acc992ed8a736b609d,nao,OK,sim,sim,commit,post_descende_de_pre,1,sim,6,js/tooltip.js,sim,presente,sim,54,sim,,0,trecho,54-54
CVE-2018-20677,https://github.com/twbs/bootstrap.git,,13bf8aeae3db71e28af69782328c22215795c169,2a5ba23ce8f041f3548317acc992ed8a736b609d,nao,OK,sim,sim,commit,post_descende_de_pre,1,sim,6,js/affix.js,sim,presente,sim,19,sim,,1,trecho,19-21
CVE-2018-20801,https://github.com/highcharts/highcharts.git,,9bcb40d7cb6acb7f63345dfe3625378b91cd243a,7c547e1e0f5e4379f94396efd559a566668c0dfa,nao,OK,sim,sim,commit,post_descende_de_pre,1,sim,3,js/parts/SvgRenderer.js,sim,presente,sim,2430,sim,,1,so_remocao,del:2444
CVE-2018-20834,https://github.com/npm/node-tar.git,,58a8d437abccd6dc884541b8bf6554901ec592cc,b0c58433c22f5e7fe8b1c76373f27e3f81dcd4c8,nao,OK,sim,sim,commit,post_descende_de_pre,1,sim,2,lib/unpack.js,sim,presente,sim,403,nao,415,1,inalterada,415
CVE-2018-20835,https://github.com/mafintosh/tar-fs.git,,7b4ab17e950832cfd3e67421e48898fdb50318fc,06672828e6fa29ac8551b1b6f36c852a9a3c58a2,nao,OK,sim,sim,commit,post_descende_de_pre,1,sim,1,index.js,sim,presente,sim,266,nao,266,1,inalterada,266
CVE-2018-21036,https://github.com/balderdashy/sails-hook-sockets.git,,4f78b7946f7a7ac4c762936d7633298606c1e4a7,0533a4864b1920fd8fbb5287bc0889193c5faf44,nao,OK,sim,sim,commit,post_descende_de_pre,1,sim,1,lib/receive-incoming-sails-io-msg.js,sim,presente,sim,250,nao,253,1,inalterada,253
CVE-2018-3712,https://github.com/zeit/serve.git,,ce95709c74873040308c88771821bfdaa569be52,6adad6881c61991da61ebc857857c53409544575,nao,OK,sim,sim,commit,post_descende_de_pre,1,sim,5,lib/server.js,sim,presente,sim,88,nao,98,1,inalterada,98
CVE-2018-3713,https://github.com/simonh1000/angular-http-server.git,,c1b677f493cc97cb63bbda1887d2a9d1b2bd4732,34d4bd0cd0f00c46db30855a8c4aabae27eb0ac8,nao,OK,sim,sim,commit,post_descende_de_pre,1,sim,3,angular-http-server.js,sim,presente,sim,76,nao,70,1,inalterada,70
CVE-2018-3718,https://github.com/zeit/serve.git,,2fece040fb87fed1afcb41c58afd8824482ee15e,dd4a84ee256b4fde2eb259c5c05ea7dc9538826f,nao,OK,sim,sim,commit,post_descende_de_pre,1,sim,5,lib/server.js,sim,presente,sim,98,nao,98,1,inalterada,98
CVE-2018-3719,https://github.com/jonschlinkert/mixin-deep.git,,7705bdf88ff0263242c07c824d20526203876668,578b0bc5e74e14de9ef4975f504dc698796bdf9c,nao,OK,sim,sim,commit,post_descende_de_pre,1,sim,1,index.js,sim,presente,sim,30,nao,34,1,inalterada,34
CVE-2018-3721,https://github.com/lodash/lodash.git,,5a3ff73997b773a28a5a160b95acfd133a8162e7,d8e069cc3410082e44eb18fcf8e7f3d08ebe1d4a,nao,OK,sim,sim,commit,post_descende_de_pre,1,sim,2,lodash.js,sim,presente,sim,2580,nao,2594,1,inalterada,2594
CVE-2018-3722,https://github.com/jonschlinkert/merge-deep.git,,7be7e50163dc4ef467ace5371186a77028a66cc9,2c33634da7129a5aefcc262d2fec2e72224404e5,nao,OK,sim,sim,commit,post_descende_de_pre,1,sim,1,index.js,sim,presente,sim,45,nao,45,1,inalterada,45
CVE-2018-3725,https://github.com/herber/hekto.git,,a3d942d8398a0907d0bbf2682f2fbd54ce73764e,c33aaae609c7236a7cb555a62d8b99dfbcb5da09,nao,OK,sim,sim,commit,post_descende_de_pre,1,sim,3,bin/hekto.js,sim,presente,sim,116|138|141|152|194,nao|nao|nao|nao|nao,118|140|143|154|196,1,inalterada|inalterada|inalterada|inalterada|inalterada,118|140|143|154|196
CVE-2018-3726,https://github.com/omphalos/crud-file-server.git,,0c45fc64f0c0aeb23fe515c95e29f6485803de65,4155bfe068bf211b49a0b3ffd06e78cbaf1b40fa,nao,OK,sim,sim,commit,post_descende_de_pre,1,sim,1,crud-file-server.js,sim,presente,sim,143,sim,,1,trecho,143-145
CVE-2018-3728,https://github.com/hapijs/hoek.git,,dfadda70b192adbcdf9a33ccc3caecfeb3dbe528,32ed5c9413321fbc37da5ca81a7cbab693786dee,nao,OK,sim,sim,commit,post_descende_de_pre,1,sim,2,lib/index.js,sim,presente,sim,129,nao,133,1,inalterada,133
CVE-2018-3731,https://github.com/tnantoka/public.git,,c5c14107c00eb37c677eabcc5566938a0dee685c,eae8ad8017b260f8667ded5e12801bd72b877af2,nao,OK,sim,sim,commit,post_descende_de_pre,1,sim,1,bin/public,sim,presente,sim,78,nao,86,1,inalterada,86
CVE-2018-3732,https://github.com/pillarjs/resolve-path.git,,7330f714649ae4f10de73837f5c9fcfdc7979697,fe5b8052cafd35fcdafe9210e100e9050b37d2a0,nao,OK,sim,sim,commit,post_descende_de_pre,1,sim,3,index.js,sim,presente,sim,89,sim,,1,trecho,86-87
CVE-2018-3733,https://github.com/omphalos/crud-file-server.git,,833e7fcc2bc8406b9c76836a51ae173f50c56bf0,4fc3b404f718abb789f4ce4272c39c7a138c7a82,nao,OK,sim,sim,commit,post_descende_de_pre,1,sim,2,crud-file-server.js,sim,presente,sim,66,nao,66,0,inalterada,66
CVE-2018-3736,https://github.com/TooTallNate/node-https-proxy-agent.git,,c58d365dd153104d1147967a0a6b4e1dd1698e50,1c24219df87524e6ed973127e81f30801d658f07,nao,OK,sim,sim,commit,post_descende_de_pre,1,sim,1,index.js,sim,presente,sim,207,sim,,1,trecho,207-207
CVE-2018-3737,https://github.com/joyent/node-sshpk.git,,4d01aede236ddfefa55ba9bef07308dca315603d,46065d38a5e6d1bccf86d3efb2fb83c14e3f9957,nao,OK,sim,sim,commit,post_descende_de_pre,1,sim,3,lib/formats/ssh.js,sim,presente,sim,19,sim,,1,trecho,19-19
CVE-2018-3738,https://github.com/protobufjs/protobuf.js.git,,b912005cae64176a296baa20b1f56de8a10105b1,2ee1028d631a328e152d7e09f2a0e0c5c83dc2aa,nao,OK,sim,sim,commit,post_descende_de_pre,1,sim,10,src/parse.js,sim,presente,sim,27,sim,,1,trecho,27-28
CVE-2018-3743,https://github.com/herber/hekto.git,,c33aaae609c7236a7cb555a62d8b99dfbcb5da09,408dd526e706246e2c2f378580c66036b768520e,nao,OK,sim,sim,commit,post_descende_de_pre,1,sim,3,bin/hekto.js,sim,presente,sim,187,sim,,1,trecho,194-194
CVE-2018-3746,https://github.com/fagbokforlaget/pdfinfojs.git,,379c0e14db8298b465269653b9ac308d83eb6d4e,5cc59cd8aa13ca8d16bb41da8affdfef370ad4fd,nao,OK,sim,sim,commit,post_descende_de_pre,1,sim,1,lib/pdfinfo.js,sim,presente,sim,26,sim,,1,trecho,26-26
CVE-2018-3747,https://github.com/tnantoka/public.git,,6d152eb12b368df70c789aba84d27d01b854ee47,a754943e2b7348e366d4f2a5319cb12fa873a725,nao,OK,sim,sim,commit,post_descende_de_pre,1,sim,2,bin/public,sim,presente,sim,111,nao,129,0,inalterada,129
CVE-2018-3750,https://github.com/unclechu/node-deep-extend.git,,9653940a75c2ef2b1a503b24cbadd707cccffa8c,9423fae877e2ab6b4aecc4db79a0ed63039d4703,nao,OK,sim,sim,commit,post_descende_de_pre,1,sim,4,lib/deep-extend.js,sim,presente,sim,137,nao,137,1,inalterada,137
CVE-2018-3752,https://github.com/schnittstabil/merge-options.git,,45a889b92251c342453af40c5f8e3fad063b7ef6,d4a93bc2890455e0931ac0779667023e6cb101d4,nao,OK,sim,sim,commit,post_descende_de_pre,1,sim,2,index.js,sim,presente,sim,73,sim,,1,trecho,79-81
CVE-2018-3757,https://github.com/roest01/node-pdf-image.git,,5803471830e0227df33a4b645aefd6521ff441e0,15c13846a966c8513e30aff58471163a872b3b6d,nao,OK,sim,sim,commit,post_descende_de_pre,1,sim,3,index.js,sim,presente,sim,116,sim,,1,trecho,114-119
CVE-2018-3770,https://github.com/alanshaw/markdown-pdf.git,,118c5c558b06d6bc950e92a01881417d996aecc6,5a3d30d1b1ea26702be671e6cbce2dc093e8604f,nao,OK,sim,sim,commit,post_descende_de_pre,1,sim,5,index.js,sim,presente,sim,57,nao,57,1,inalterada,57
CVE-2018-3772,https://github.com/vvo/node-whereis.git,,b8b642b1163baa37f15ed49b4064dcbdb6e1876c,0f64e3780235004fb6e43bfd153ea3e0e210ee2b,nao,OK,sim,sim,commit,post_descende_de_pre,1,sim,2,index.js,sim,presente,sim,4,sim,,1,trecho,4-4
CVE-2018-3783,https://github.com/JasonEtco/flintcms.git,,49e4b6a49e8ba378313845162cd32ba06a2681d6,4ae34238ce39fde00dfa15082397541758c07af1,nao,OK,sim,sim,commit,post_descende_de_pre,1,sim,1,server/apps/routes/auth.js,sim,presente,sim,80,sim,,1,trecho,80-80
CVE-2018-3786,https://github.com/eggjs/egg-scripts.git,,08f8ea9429ee9727f5047af856d41c67de8ba23c,b98fd03d1e3aaed68004b881f0b3d42fe47341dd,nao,OK,sim,sim,commit,post_descende_de_pre,1,sim,5,lib/cmd/start.js,sim,presente,sim,235,sim,,0,trecho,235-237
CVE-2018-6184,https://github.com/zeit/next.js.git,,b5739d53614de76b937435ae1ef7867d40c9dac3,0b6575b47085e4fd86ed657ee66f5136a650acdf,nao,OK,sim,sim,commit,post_descende_de_pre,1,sim,5,server/render.js,sim,presente,nao,230,nao,230,1,inalterada,230
CVE-2018-6333,https://github.com/facebookarchive/nuclide.git,,ee8e058c8b90cb008f3ee151c52aec40cad1174a,65f6bbd683404be1bb569b8d1be84b5d4c74a324,nao,OK,sim,sim,commit,post_descende_de_pre,1,sim,1,pkg/nuclide-hhvm/lib/main.js,sim,presente,sim,129,nao,140,1,inalterada,140
CVE-2018-6341,https://github.com/facebook/react.git,,c44c2a21614ed2e5d3078dcb24dc7ef086df24be,ff41519ec2fea37643ecae7f87f8e15856247faf,nao,OK,sim,sim,commit,post_descende_de_pre,1,sim,2,packages/react-dom/src/server/DOMMarkupOperations.js,sim,presente,sim,64,nao,64,1,inalterada,64
CVE-2018-6342,https://github.com/facebook/create-react-app.git,,69c3d4b04c233ba9fb9d16691056bd09076177b1,577a274d8cf829941d848ce10f69d2a4935a9f2a,nao,OK,sim,sim,commit,post_descende_de_pre,1,sim,1,packages/react-dev-utils/launchEditor.js,sim,presente,sim,336,nao,364,1,inalterada,364
CVE-2018-7560,https://github.com/myshenin/aws-lambda-multipart-parser.git,,573ade8f4bf41acc7d78029d288f37104a650447,56ccb03af4dddebc2b2defb348b6558783d5757e,nao,OK,sim,sim,commit,post_descende_de_pre,1,sim,2,index.js,sim,presente,sim,10,sim,,1,trecho,10-10
CVE-2018-7651,https://github.com/npm/ssri.git,,427f4233b0b3dd8c338e69e5cb0a6641df263603,d0ebcdc22cb5c8f47f89716d08b3518b2485d65d,nao,OK,sim,sim,commit,post_descende_de_pre,1,sim,3,index.js,sim,presente,sim,12,sim,,1,trecho,12-12
CVE-2018-8035,https://github.com/apache/uima-ducc.git,codigo_indisponivel_commit_inexistente,4c20c4fc00d5605ba40fac235df3ccf7dc38cb52,113740c16f829c4a3e6bb3a6014c18b4b0c1fea8,nao,OK,nao,nao,,,,,,uima-ducc-web/src/main/webapp/root/js/ducc.js,,,,2950,,,1,,
CVE-2019-10061,https://github.com/peterbraden/node-opencv.git,,cfc96ba0af8c13d017d9c72f2c61ec968f1c15fb,81a4b8620188e89f7e4fc985f3c89b58d4bcc86b,nao,OK,sim,sim,commit,post_descende_de_pre,1,sim,1,utils/find-opencv.js,sim,presente,sim,15,nao,15,1,inalterada,15
CVE-2019-10090,https://github.com/apache/jspwiki.git,,447b5a634dfb6adcc7ff28181cb174aaa1920577,139746f7c25b84049437d1d9eed9456446a08bf7,nao,OK,sim,sim,commit,post_descende_de_pre,1,sim,34,jspwiki-war/src/main/scripts/moo-extend/Element.Extend.js,sim,presente,nao,530,nao,530,1,inalterada,530
CVE-2019-1010091,https://github.com/tinymce/tinymce.git,,8b29e00959cf37cbc9642178e686aea688a162ee,aa516c52d4f2104c36af3d640b2adb22e379f9a4,nao,OK,sim,sim,commit,post_descende_de_pre,1,sim,3,src/core/main/ts/api/html/SaxParser.ts,sim,presente,sim,60,sim,,1,trecho,59-64
CVE-2019-1010266,https://github.com/lodash/lodash.git,,90e6199a161b6445b01454517b40ef65ebecd2ad,5c08f18d365b64063bfbfa686cbb97cdd6267347,nao,OK,sim,sim,commit,post_descende_de_pre,1,sim,2,lodash.js,sim,presente,sim,279,sim,,1,trecho,279-279
CVE-2019-1020012,https://github.com/parse-community/parse-server.git,,54ba9a0f00eaeb7d8c0938dd555f913d58a5fdcd,8709daf698ea69b59268cb66f0f7cee75b52daa5,nao,OK,sim,sim,commit,post_descende_de_pre,1,sim,2,src/Controllers/SchemaController.js,sim,presente,sim,399,nao,400,1,inalterada,400
CVE-2019-10742,https://github.com/axios/axios.git,,047501f7083665e0924f2680846fd8721e6de50d,0d4fca085b9b44e110f4c5a3dd7384c31abaf756,nao,OK,sim,sim,commit,post_descende_de_pre,1,sim,1,lib/adapters/http.js,sim,presente,sim,214,nao,214,1,inalterada,214
CVE-2019-10744,https://github.com/lodash/lodash.git,,1f8ea07746963a535385a5befc19fa687a627d2b,60eb51791171412bdd7a2bb55415c3821c5240c4,nao,OK,sim,sim,commit,post_descende_de_pre,1,sim,1,lodash.js,sim,presente,sim,6608,nao,6608,1,inalterada,6608
CVE-2019-10745,https://github.com/jonschlinkert/assign-deep.git,,edab79f1fe37bb8f78f4d7a4fe205c66885acee3,90bf1c551d05940898168d04066bbf15060f50cc,nao,OK,sim,sim,commit,post_descende_de_pre,1,sim,4,index.js,sim,presente,sim,22,sim,,1,trecho,24-29
CVE-2019-10746,https://github.com/jonschlinkert/mixin-deep.git,,9925af763440a50891358d00db0e6a5accc50ee6,8f464c8ce9761a8c9c2b3457eaeee9d404fa7af9,nao,OK,sim,sim,commit,post_descende_de_pre,1,sim,5,index.js,sim,presente,sim,21,nao,29,1,inalterada,29
CVE-2019-10747,https://github.com/jonschlinkert/set-value.git,,7bd5011d82e583305a191a9a062abfe177ec29ad,95e9d9923f8a8b4a01da1ea138fcc39ec7b6b15f,nao,OK,sim,sim,commit,post_descende_de_pre,1,sim,6,index.js,sim,presente,sim,59,nao,59,1,inalterada,59
CVE-2019-10750,https://github.com/alexindigo/deeply.git,,d9f59eec37b75ce52038b3fcfb0fd86d4989c0c1,6eccb2f03ec8d3eefc6805053c4cc2a36aab1505,nao,OK,sim,sim,commit,post_descende_de_pre,1,sim,7,lib/reduce_object.js,sim,presente,sim,19,nao,28,1,inalterada,28
CVE-2019-10757,https://github.com/knex/knex.git,,516b0747901c1d3efb4097bb89f2f7bce7e7ba36,988fb243898d746a759d422762685a79eddf99ca,nao,OK,sim,sim,commit,post_descende_de_pre,1,sim,11,lib/dialects/mssql/index.js,sim,presente,sim,210,sim,,1,trecho,210-214
CVE-2019-10758,https://github.com/mongo-express/mongo-express.git,,510a6e78e35a67251d5c53ca680ed3b5c6c259a7,c7c9149702d6069aca7913820ad353f52439ab03,nao,OK,sim,sim,commit,post_descende_de_pre,2,sim,6,lib/bson.js,sim,presente,sim,60,sim,,1,trecho,8-8
CVE-2019-10759,https://github.com/commenthol/safer-eval.git,,1ff9411b4099e71798cfd822d5b0a536b39f31d5,25fbbe53e46c54d10b4c583b8f5c659933400ccb,nao,OK,sim,sim,commit,post_descende_de_pre,1,sim,3,src/browser.js,sim,presente,nao,49,nao,49,1,inalterada,49
CVE-2019-10761,https://github.com/patriksimek/vm2.git,,2ac8ff254a71e516e83f6496635fa61420447fa9,4b22d704e4794af63a5a2d633385fd20948f6f90,nao,OK,sim,sim,commit,post_descende_de_pre,1,sim,1,lib/contextify.js,sim,presente,sim,332,sim,,1,so_remocao,del:330
CVE-2019-10765,https://github.com/ioBroker/ioBroker.admin.git,,9872f452fce58031e8e623d37b7d396386baa9b7,16b2b325ab47896090bc7f54b77b0a97ed74f5cd,nao,OK,sim,sim,commit,post_descende_de_pre,1,sim,10,lib/web.js,sim,presente,sim,363,sim,,1,trecho,421-423
CVE-2019-10767,https://github.com/ioBroker/ioBroker.js-controller.git,,fbdbfbdb766490db65cde0b0ca5dd46221c5a912,f6e292c6750a491a5000d0f851b2fede4f9e2fda,nao,OK,sim,sim,commit,post_descende_de_pre,1,sim,2,lib/objects/objectsInMemFileDB.js,sim,presente,nao,145,nao,145,1,inalterada,145
CVE-2019-10771,https://github.com/ioBroker/ioBroker.web.git,,652fc0ecf77740c13e6b83d1b0c1bd8b2b0b09f5,53b982d408b1366a1d2b75f38d6068cb668917dd,nao,OK,sim,sim,commit,post_descende_de_pre,1,sim,9,main.js,sim,presente,sim,1061,sim,,1,trecho,1131-1131
CVE-2019-10775,https://github.com/jfhbrook/node-ecstatic.git,,dd29df2cedbde4903909ed206acb62dd29782aa7,72044b89941ada4a5e864d77257b4efb20aef498,nao,OK,sim,sim,commit,post_descende_de_pre,1,sim,2,lib/ecstatic.js,sim,presente,sim,396,sim,,1,trecho,406-407
CVE-2019-10776,https://github.com/kellyselden/git-diff-apply.git,,bfcc903a961d9f17bde1889cf49745a2dffefd73,106d61d3ae723b4257c2a13e67b95eb40a27e0b5,nao,OK,sim,sim,commit,post_descende_de_pre,1,sim,1,src/run.js,sim,presente,nao,10,nao,10,1,inalterada,10
CVE-2019-10777,https://github.com/awspilot/cli-lambda-deploy.git,,3621b27347bdff96b5f444c0e31eba06e527005c,0985a18bffb265817bc84836c9a65f2bb04a51ac,nao,OK,sim,sim,commit,post_descende_de_pre,1,sim,1,lib/main.js,sim,presente,sim,187,nao,192,1,inalterada,192
CVE-2019-10778,https://github.com/guybedford/devcert.git,,651bb8ebb97a029be13656c0476d48db85887451,571f4e6d077f7f21c6aed655ae380d85a7a5d3b8,nao,OK,sim,sim,commit,post_descende_de_pre,1,sim,1,src/install-authority.ts,sim,presente,nao,112,nao,112,1,inalterada,112
CVE-2019-10781,https://github.com/Atinux/schema-inspector.git,,7f67b2a95f85ecb76d0dc5326d76d082a2b99e1f,345a7b2eed11bb6128421150d65f4f83fdbb737d,nao,OK,sim,sim,commit,post_descende_de_pre,1,sim,1,lib/schema-inspector.js,sim,presente,sim,83,sim,,1,trecho,83-83
CVE-2019-10785,https://github.com/dojo/dojox.git,,d6b93d9e76752363a402bef31473ce2d2ae356d7,6eb278356ca7b0ac7e9cba6067fcf077d2e3ad9a,nao,OK,sim,sim,commit,post_descende_de_pre,1,sim,1,xmpp/util.js,sim,presente,sim,7,sim,,1,trecho,16-18
CVE-2019-11358,https://github.com/jquery/jquery.git,,669f720edc4f557dfef986db747c09ebfaa16ef5,753d591aea698e57d6db58c9f722cd0808619b1b,nao,OK,sim,sim,commit,post_descende_de_pre,1,sim,2,src/core.js,sim,presente,sim,182,nao,183,1,inalterada,183
CVE-2019-12041,https://github.com/probablyup/markdown-to-jsx.git,,9570018bac22c759899be839089cc33d3d739af0,dab7b5d7bc82c829920cc74a9f959c7750725b00,nao,OK,sim,sim,commit,post_descende_de_pre,1,sim,2,index.js,sim,presente,sim,726,nao,726,1,inalterada,726
CVE-2019-12043,https://github.com/jonschlinkert/remarkable.git,,4ad13a078a8d9a7712b4992b4ba868db81b6f75a,92d79a99c39a29665f7f4fabc9593f1b30924ca9,nao,OK,sim,sim,commit,post_descende_de_pre,1,sim,2,lib/helpers/parse_link_destination.js,sim,presente,sim,52,sim,,1,trecho,52-53
CVE-2019-12313,https://github.com/dollarshaveclub/shave.git,,0e0365d5f1b0d175b0c5ccf4abd040884ce0d8aa,1876911e423c00fdda643ef724d956b3d324d5c2,nao,OK,sim,sim,commit,post_descende_de_pre,1,sim,1,src/shave.js,sim,presente,sim,62,sim,,1,trecho,60-66
CVE-2019-13127,https://github.com/jgraph/mxgraph.git,,33911ed7e055c17b74d0367f5f1f6c9ee4b4fd44,76e8e2809b622659a9c5ffdc4f19922b7a68cfa3,nao,OK,sim,sim,commit,post_descende_de_pre,1,sim,1,javascript/examples/grapheditor/www/js/Format.js,sim,presente,nao,1047,nao,1047,1,inalterada,1047
CVE-2019-13173,https://github.com/npm/fstream.git,,1e4527ffe8688d4f5325283d7cf2cf2d61f14c6b,6a77d2fa6e1462693cf8e46f930da96ec1b0bb22,nao,OK,sim,sim,commit,post_descende_de_pre,1,sim,1,lib/writer.js,sim,presente,sim,151,nao,151,1,inalterada,151
CVE-2019-13506,https://github.com/Rich-Harris/devalue.git,,751ed46deb404f5ed5d3ed49ee400903792530d5,14cae90d1fcd5e0083e3a1741238e017684890d7,nao,OK,sim,sim,commit,post_descende_de_pre,1,sim,2,src/index.ts,sim,presente,sim,190,nao,190,1,inalterada,190
CVE-2019-14772,https://github.com/verdaccio/verdaccio.git,,0b1b3556d9c043857f9bb789197f6d012876e484,5abf71c5e5b1ad190b9cb489b85d96f5f801342b,nao,OK,sim,sim,commit,post_descende_de_pre,1,sim,13,src/webui/components/Readme/index.js,sim,presente,sim,8,sim,,1,trecho,9-11
CVE-2019-14862,https://github.com/knockout/knockout.git,,4d63fceb26acc6de6cdae25bbe12bad57ba2c6f6,7e280b2b8a04cc19176b5171263a5c68bda98efb,nao,OK,sim,sim,commit,post_descende_de_pre,3,sim,2,src/utils.js,sim,presente,sim,485,sim,,1,trecho,485-486
CVE-2019-15478,https://github.com/jameswlane/status-board.git,,115ccc389749a7a946d4e60563f1791ee2f39f7d,1db3afd9332f5d743bc02143ae059bf21500600d,nao,OK,sim,sim,commit,post_descende_de_pre,1,sim,1,src/webapp/logic.ts,sim,presente,sim,44,sim,,1,trecho,44-44
CVE-2019-15479,https://github.com/jameswlane/status-board.git,,115ccc389749a7a946d4e60563f1791ee2f39f7d,19106617865406aa6f8edec036dcb1db427d5f71,nao,OK,sim,sim,commit,post_descende_de_pre,1,sim,1,src/webapp/routes/dashboard.ts,sim,presente,sim,94,nao,93,1,inalterada,93
CVE-2019-15482,https://github.com/SLMNBJ/selectize-plugin-a11y.git,,0824359781d57f1e629c866584e1c64e03ceae6f,99c14f7644fdfc815625d7b54829e6c2dca31a8b,nao,OK,sim,sim,commit,post_descende_de_pre,1,sim,1,selectize-plugin-a11y.js,sim,presente,sim,28,sim,,1,trecho,28-30
CVE-2019-15532,https://github.com/gchq/CyberChef.git,,38ff7ec89f595dbe5971c3577fa29a142b4b2416,01f0625d6a177f9c5df9281f12a27c814c2d8bcf,nao,OK,sim,sim,commit,post_descende_de_pre,1,sim,1,src/core/operations/TextEncodingBruteForce.mjs,sim,presente,sim,82,sim,,1,trecho,82-82
CVE-2019-15657,https://github.com/mysticatea/eslint-utils.git,,587cca2f82c245f5fc4a8b9fb2cf6b35c0d02552,08158db1c98fd71cf0f32ddefbc147e2620e724c,nao,OK,sim,sim,commit,post_descende_de_pre,1,sim,2,src/get-static-value.js,sim,presente,sim,179,sim,,1,trecho,250-255
CVE-2019-15658,https://github.com/voxpelli/node-connect-pg-simple.git,,5779bd26e7374028771141366b419a13778c84a6,df61c9507f804ba72803e4f567c3cbcfa0a9d7e1,nao,OK,sim,sim,commit,post_descende_de_pre,1,sim,2,index.js,sim,presente,sim,170,nao,181,1,inalterada,181
CVE-2019-15782,https://github.com/webtorrent/webtorrent.git,,885a20066363c88563aa02931c3c43da5c1a1868,22546df6d9ba9ca4523142d98b5e70f6db213f3e,nao,OK,sim,sim,commit,post_descende_de_pre,1,sim,2,lib/server.js,sim,presente,sim,156,nao,175,1,inalterada,175
CVE-2019-16763,https://github.com/mpetroff/pannellum.git,,f42e80facb41bb97321a0e2056d9ef5a4779e627,cc2f3d99953de59db908e0c6efd1c2c17f7c6914,nao,OK,sim,sim,commit,post_descende_de_pre,2,sim,1,src/js/pannellum.js,sim,presente,sim,2384,sim,,1,trecho,2384-2391
CVE-2019-16769,https://github.com/yahoo/serialize-javascript.git,,3bab6dee8db7317310a97af5d28f0f0479d21930,16a68ab53d9626fc7c942b48a1163108fcd184c8,nao,OK,sim,sim,commit,post_descende_de_pre,1,sim,4,index.js,sim,presente,sim,191,sim,,1,trecho,191-191
CVE-2019-17495,https://github.com/swagger-api/swagger-ui.git,,c8ad396301ca55075234009e8384ca968b950aab,5f6ec8ce1d0e06ad20a243e1b79a6e68373ce8f5,nao,OK,sim,sim,commit,post_descende_de_pre,1,sim,13,src/core/components/providers/markdown.jsx,sim,presente,sim,41,nao,41,1,inalterada,41
CVE-2019-17592,https://github.com/adaltas/node-csv-parse.git,,76d96e16b166f745bcb137f0535724f4d3584f1c,b9d35940c6815cdf1dfd6b21857a1f6d0fd51e4a,nao,OK,sim,sim,commit,post_descende_de_pre,1,sim,4,lib/index.js,sim,presente,sim,760,sim,,1,trecho,757-762
CVE-2019-18350,https://github.com/ant-design/ant-design-pro.git,,0ad1fb3109f9864fc728bd7c6ebcb99e248d9f25,840034ca90a66ebe7835934cffcb85654e86f593,nao,OK,sim,sim,commit,post_descende_de_pre,1,sim,1,src/models/login.ts,sim,presente,sim,56,sim,,1,trecho,56-56
CVE-2019-18818,https://github.com/strapi/strapi.git,,10e39516b6abbcfd3beed22a14e66b0afab5adf6,e0424d4b880831dd643afff9c6ba475acdbae0be,nao,OK,sim,sim,commit,post_descende_de_pre,1,sim,2,packages/strapi-admin/controllers/Auth.js,sim,presente,sim,253,sim,,1,trecho,253-253
CVE-2019-18954,https://github.com/NetEase/pomelo.git,,c5347270b63efc888ba8260f612e2636412ae557,5b999c56c7244e23e5003878402a3c54ab51ed8c,nao,OK,sim,sim,commit,post_descende_de_pre,1,sim,1,lib/common/service/handlerService.js,sim,presente,nao,59,nao,59,1,inalterada,59
CVE-2019-19507,https://github.com/manvel-khnkoyan/jpv.git,,e93d2f68126f837707427ff6019c448611fe1a1b,fdab85599fd92aea87af35fb4c52ba26ccbdd427,nao,OK,sim,sim,commit,post_descende_de_pre,1,sim,13,index.js,sim,presente,sim,122,sim,,0,trecho,121-121
CVE-2019-20149,https://github.com/jonschlinkert/kind-of.git,,4da96c0047906d22a4d6964a668d3abaca122e50,1df992ce6d5a1292048e5fe9c52c5382f941ee0b,nao,OK,sim,sim,commit,post_descende_de_pre,2,sim,1,index.js,sim,presente,sim,69,sim,,1,trecho,69-69
CVE-2019-20174,https://github.com/auth0/lock.git,,ecd249397d611fcfc381e6e00e51c8ecdb37d1ad,6c15e5659c21cd814ea119af5c51b61399598dd5,nao,OK,sim,sim,commit,post_descende_de_pre,1,sim,8,src/ui/input/checkbox_input.jsx,sim,presente,sim,18,sim,,1,trecho,17-21
CVE-2019-5413,https://github.com/expressjs/morgan.git,,eb1968ac69a3d1ad98bacd06b738e9125630c3d3,e329663836809de4be557b200a5b983ab8b4e6c2,nao,OK,sim,sim,commit,post_descende_de_pre,1,sim,3,index.js,sim,presente,sim,391,nao,391,1,inalterada,391
CVE-2019-5414,https://github.com/tiaanduplessis/kill-port.git,,6963218ea712c60f3c165567abc8441905f28384,52d4e56243557411c558a55c6caffe8675335850,nao,OK,sim,sim,commit,post_descende_de_pre,1,sim,3,index.js,sim,presente,sim,17,nao,20,1,inalterada,20
CVE-2019-5423,https://github.com/prahladyeri/http-live-simulator.git,,8e85a1be562248d0d616c0e5092a3d71bbf5fe5f,354644525f1626c5921abac10913c0d47f1f1433,nao,OK,sim,sim,commit,post_descende_de_pre,1,sim,6,bin/http-live,sim,presente,sim,72,sim,,0,trecho,72-74
CVE-2019-5444,https://github.com/ChristoPy/serve-here.js.git,,ad077637bf7a9fe0dee3262f011aed19a45ce92c,cefb51d03290b6a88dd13143ab2de31b8cf57c39,nao,OK,sim,sim,commit,post_descende_de_pre,1,sim,3,source/server.js,sim,presente,sim,26,nao,35,1,inalterada,35
CVE-2019-5479,https://github.com/larvit/larvitbase-api.git,,9c274f96e113ff9479fce7a6da8bc5cefb5f5d78,0e953337e75770abdcc0a8bb71932a44d2239514,nao,OK,sim,sim,commit,post_descende_de_pre,1,sim,4,index.js,sim,presente,sim,172,nao,179,1,inalterada,179
CVE-2019-5483,https://github.com/senecajs/seneca.git,,f505dc6dd375c1837e12ffa359f118a082d114f4,b0565ba52048b83783186876cec23dd3f851e9ff,nao,OK,sim,sim,commit,post_descende_de_pre,1,sim,2,lib/print.js,sim,presente,nao,138,nao,138,1,inalterada,138
CVE-2019-5484,https://github.com/bower/bower.git,,4f68fc7daa4d6f0a3dfd0da2afdbb8f0b87558af,45c6bfa86f6e57731b153baca9e0b41a1cc699e3,nao,OK,sim,sim,commit,post_descende_de_pre,1,sim,2,lib/util/extract.js,sim,presente,sim,65,nao,65,1,inalterada,65
CVE-2019-8331,https://github.com/twbs/bootstrap.git,,bf2515ae68f1d89e8b795478aec90f8db61159e5,7bc4d2e0bc65151b6f60dccad50c9c8f50252bd6,nao,OK,sim,sim,commit,post_descende_de_pre,1,sim,7,js/src/tooltip.js,sim,presente,sim,433,sim,,1,trecho,453-453
CVE-2019-8903,https://github.com/totaljs/framework.git,,e2f38981c2cbd5c8edb540e031626fa1017edef6,c37cafbf3e379a98db71c1125533d1e8d5b5aef7,nao,OK,sim,sim,commit,post_descende_de_pre,1,sim,2,index.js,sim,presente,sim,7330,sim,,1,trecho,7329-7341
CVE-2019-9844,https://github.com/Khan/simple-markdown.git,,74c304d65ca77fdf5357398d893a6a498c78193f,8ad751f8333ce136d1a0a120d78596a30eb1e1d9,nao,OK,sim,sim,commit,post_descende_de_pre,1,sim,2,simple-markdown.js,sim,presente,sim,564,sim,,1,trecho,564-564
CVE-2020-11021,https://github.com/actions/http-client.git,,cde0b32926ae7938c148121d11271f4cb1f5a57f,f6aae3dda4f4c9dc0b49737b36007330f78fd53a,nao,OK,sim,sim,commit,post_descende_de_pre,1,sim,0,index.ts,sim,presente,nao,482,nao,482,1,inalterada,482
CVE-2020-11022,https://github.com/jquery/jquery.git,,04bf577e2f961c9dde85ddadc77f71bc7bc671cc,1d61fd9407e6fbe82fe55cb0b938307aa0791f77,nao,OK,sim,sim,commit,post_descende_de_pre,1,sim,18,src/manipulation.js,sim,presente,sim,239,sim,,1,trecho,232-232
CVE-2020-11059,https://github.com/ipfs/aegir.git,,0554d925af93ed9cc9355202769fa6bc2947943e,e36e1def57b2dc1e4b7a5beba964c5924e87f8d8,nao,OK,sim,sim,commit,post_descende_de_pre,1,sim,2,src/config/webpack.config.js,sim,presente,sim,111,sim,,1,trecho,111-116
CVE-2020-11079,https://github.com/skoranga/node-dns-sync.git,,93b8034e9475ae65102dac15fffe065616fede1b,cb10a5ac7913eacc031ade7d91596277f31645dc,nao,OK,sim,sim,commit,post_descende_de_pre,1,sim,6,lib/dns-sync.js,sim,presente,sim,34,nao,52,1,inalterada,52
CVE-2020-12265,https://github.com/kevva/decompress.git,,74a462a139cc2561b6695e696266c8dc31562d3d,967146e70f48be32ed1a69daa3941d681944d513,nao,OK,sim,sim,commit,post_descende_de_pre,1,sim,11,index.js,sim,presente,sim,50,sim,,1,trecho,82-84
CVE-2020-14000,https://github.com/LLK/scratch-vm.git,,b67ba75d8b1df4268a9d6727bbc4f32f153c9131,90b9da45f4084958535338d1c4d71a22d6136aab,nao,OK,sim,sim,commit,post_descende_de_pre,1,sim,3,src/extension-support/extension-worker.js,sim,presente,nao,20,nao,20,1,inalterada,20
CVE-2020-15092,https://github.com/NUKnightLab/TimelineJS3.git,,d3b01141fb00a64233d9fc089c917864c1cd4712,cd4d0c60ca1eaad164bdf7935ffab2eb7a68459d,nao,OK,sim,sim,commit,post_descende_de_pre,1,sim,12,source/js/media/TL.Media.js,sim,presente,nao,263,nao,263,1,inalterada,263
CVE-2020-15095,https://github.com/npm/cli.git,,479e45c03be7b452cbe346e96c750d36597c3eb6,a9857b8f6869451ff058789c4631fadfde5bbcbc,nao,OK,sim,sim,commit,post_descende_de_pre,1,sim,5,lib/fetch-package-metadata.js,sim,presente,sim,22,sim,,1,trecho,23-25
CVE-2020-15119,https://github.com/auth0/lock.git,,195b5d20ba57060252318fa82135c9fc11a41d9c,3711fb5b42afd40073a61a58759251f51e768b1b,nao,OK,sim,sim,commit,post_descende_de_pre,1,sim,9,src/i18n.js,sim,presente,nao,18,nao,18,1,inalterada,18
CVE-2020-15123,https://github.com/codecov/codecov-node.git,,5f6cc62d4f83bf3a75c973868259798814cd231e,c0711c656686e902af2cd92d6aecc8074de4d83d,nao,OK,sim,sim,commit,post_descende_de_pre,1,sim,3,lib/codecov.js,sim,presente,sim,478,sim,,1,trecho,487-493
CVE-2020-15135,https://github.com/Neztore/save-server.git,,ab7f29a8acb0812b2c65d0683966e4ffd849cb23,05409a72dfb3d41eb497079f40a4b8e1ff8b4a61,nao,OK,sim,sim,commit,post_descende_de_pre,1,sim,5,server/api/users.js,sim,presente,nao,68,nao,68,1,inalterada,68
CVE-2020-15138,https://github.com/PrismJS/prism.git,,158caf52343e59a66c2351ff1d83648efe871e33,8bba4880202ef6bd7a1e379fe9aebe69dd75f7be,nao,OK,sim,sim,commit,post_descende_de_pre,1,sim,2,plugins/previewers/prism-previewers.js,sim,presente,sim,356,sim,,1,trecho,356-357
CVE-2020-15152,https://github.com/autovance/ftp-srv.git,,296573ae017d137a0b4268a96ea45b753bd66305,e449e75219d918c400dec65b4b0759f60476abca,nao,OK,sim,sim,commit,post_descende_de_pre,1,sim,10,src/connector/active.js,sim,presente,sim,32,nao,38,1,inalterada,38
CVE-2020-15156,https://github.com/psychobunny/nodebb-plugin-blog-comments.git,,ed0156594a44c6429743e314e9b5a313fad60730,cf43beedb05131937ef46f365ab0a0c6fa6ac618,nao,OK,sim,sim,commit,post_descende_de_pre,1,sim,1,library.js,sim,presente,sim,251,sim,,1,trecho,251-252
CVE-2020-15256,https://github.com/mariocasciaro/object-path.git,,404223bc2d6c1cf4dc9cd96a7af8dd6a0e851651,2be3354c6c46215c7635eb1b76d80f1319403c68,nao,OK,sim,sim,commit,post_descende_de_pre,1,sim,2,index.js,sim,presente,sim,117,nao,121,1,inalterada,121
CVE-2020-26226,https://github.com/semantic-release/semantic-release.git,,63fa143023aa3b54e9a9231c7625549ef4d7f17a,ca90b34c4a9333438cc4d69faeb43362bb991e5a,nao,OK,sim,sim,commit,post_descende_de_pre,1,sim,2,lib/hide-sensitive.js,sim,presente,sim,16,nao,21,1,inalterada,21
CVE-2020-26256,https://github.com/C2FO/fast-csv.git,,1d18b894236687a5865ea70647010c1697a61d6d,4bbd39f26a8cd7382151ab4f5fb102234b2f829e,nao,OK,sim,sim,commit,post_descende_de_pre,1,sim,3,packages/parse/src/parser/Parser.ts,sim,presente,sim,7,sim,,1,so_remocao,del:7
CVE-2020-27666,https://github.com/strapi/strapi.git,,4d00bc09b8bd7c0938e2d54f480d503560fcb45e,aedac987254f9613b33c29dbd1450fece3b5c882,nao,OK,sim,sim,commit,post_descende_de_pre,1,sim,4,packages/strapi-plugin-content-manager/admin/src/components/PreviewWysiwyg/index.js,sim,presente,sim,20,nao,21,1,inalterada,21
CVE-2020-4051,https://github.com/dojo/dijit.git,,d7294be76dd7b251980fe033b1901fa4135f4f4a,462bdcd60d0333315fe69ab4709c894d78f61301,nao,OK,sim,sim,commit,post_descende_de_pre,1,sim,2,_editor/RichText.js,sim,presente,nao,2180,nao,2180,1,inalterada,2180
CVE-2020-4059,https://github.com/mikaelbr/mversion.git,,04df60b7e4e5f6068519dee9d1675de3485b0277,6c76c9efd27c7ff5a5c6f187e8b7a435c4722338,nao,OK,sim,sim,commit,post_descende_de_pre,1,sim,2,lib/git.js,sim,presente,sim,49,sim,,1,trecho,59-59
CVE-2020-4066,https://github.com/erelsgl/limdu.git,,92c045d30de99fd490627d0c4b441d532b0e4a83,03475a6a6bb253de6fad8f7f39cfb3504f11438d,nao,OK,sim,sim,commit,post_descende_de_pre,1,sim,1,classifiers/svm/SvmLinear.js,sim,presente,sim,103,sim,,1,trecho,97-97
CVE-2020-5251,https://github.com/parse-community/parse-server.git,,bde8ab6d55e4da556d0e77eb29d4953ca34eeace,3a3a5eee5ffa48da1352423312cb767de14de269,nao,OK,sim,sim,commit,post_descende_de_pre,1,sim,3,src/RestQuery.js,sim,presente,nao,667,nao,667,1,inalterada,667
CVE-2020-5258,https://github.com/dojo/dojo.git,,35d1141221f9885682c067abae296393e611e968,20a00afb68f5587946dc76fbeaa68c39bda2171d,nao,OK,sim,sim,commit,post_descende_de_pre,1,sim,2,request/util.js,sim,presente,sim,61,nao,61,1,inalterada,61
CVE-2020-6836,https://github.com/handsontable/formula-parser.git,,944136096f44ff4ffd4ba0bcef30970ca4702fce,396b089738d4bf30eb570a4fe6a188affa95cd5e,nao,OK,sim,sim,commit,post_descende_de_pre,1,sim,6,src/grammar-parser/grammar-parser.js,sim,presente,sim,226,sim,,1,trecho,225-225
CVE-2020-7638,https://github.com/davideicardi/confinit.git,,d6c022c35aaee0794494651a4341fadd2db2b471,a34e06ca5c1c8b047ef112ef188b2fe30d2a1eab,nao,OK,sim,sim,commit,post_descende_de_pre,1,sim,10,index.ts,sim,presente,sim,108,sim,,1,trecho,127-127
CVE-2020-7656,https://github.com/jquery/jquery.git,,c27dc018e22260b6ad084dff4505172e6b107178,a938d7b1282fc0e5c52502c225ae8f0cef219f0a,nao,OK,sim,sim,commit,post_descende_de_pre,1,sim,4,src/ajax.js,sim,presente,sim,190,sim,,1,trecho,173-173
CVE-2020-7660,https://github.com/yahoo/serialize-javascript.git,,1ac487ed828762eb490ad87022b6b354e0772284,f21a6fb3ace2353413761e79717b2d210ba6ccbd,nao,OK,sim,sim,commit,post_descende_de_pre,1,sim,4,index.js,sim,presente,sim,10,sim,,1,trecho,12-14
CVE-2020-7662,https://github.com/faye/websocket-extensions-node.git,,4a76c75efb1c5d6a2f60550e9501757458d19533,29496f6838bfadfe5a2f85dff33ed0ba33873237,nao,OK,sim,sim,commit,post_descende_de_pre,1,sim,2,lib/parser.js,sim,presente,sim,5,sim,,1,trecho,5-5
CVE-2020-7676,https://github.com/angular/angular.js.git,,295213df9537666254626ffe3e4a6013122e4802,2df43c07779137d1bddf7f3b282a1287a8634acd,nao,OK,sim,sim,commit,post_descende_de_pre,1,sim,5,src/jqLite.js,sim,presente,sim,218,sim,,1,trecho,243-266
CVE-2020-7699,https://github.com/richardgirges/express-fileupload.git,,e9848fc1b5c92e175adb18afa0850f6e7dfc0b5c,d81bee9bc07f98246b7c580e2c25c1db656af7b5,nao,OK,sim,sim,commit,post_descende_de_pre,1,sim,4,lib/processNested.js,sim,presente,sim,19,nao,27,1,inalterada,27
CVE-2020-7720,https://github.com/digitalbazaar/forge.git,,30d560c6b522b9a97a67d9101ecf8f860a4ba63a,6a1e3ef74f6eb345bcff1b82184201d1e28b6756,nao,OK,sim,sim,commit,post_descende_de_pre,1,sim,3,lib/util.js,sim,presente,sim,2539,sim,,1,so_remocao,del:2516
CVE-2020-7750,https://github.com/LLK/scratch-svg-renderer.git,,16974b462c02b2915db728f75eaf682559c50a0b,21d8f1668f6a8926280f9a9247b062c8ec6957fd,nao,OK,sim,sim,commit,post_descende_de_pre,1,sim,2,src/svg-renderer.js,sim,presente,sim,371,sim,,1,trecho,383-384
CVE-2020-7752,https://github.com/sebhildebrandt/systeminformation.git,,147550532ab11cac4b609844a519a1d945f5c103,bad372e654cdd549e7d786acbba0035ded54c607,nao,OK,sim,sim,commit,post_descende_de_pre,1,sim,1,lib/network.js,sim,presente,nao,1079,nao,1079,1,inalterada,1079
CVE-2020-7763,https://github.com/pofider/phantom-html-to-pdf.git,,c1c4d4df05f3d019e74ed209bae345d2c38d8962,b5d2da2639a49a95e0bdb3bc0c987cb6406b8259,nao,OK,sim,sim,commit,post_descende_de_pre,1,sim,2,lib/conversion.js,sim,presente,nao,14,nao,14,1,inalterada,14
CVE-2020-8116,https://github.com/sindresorhus/dot-prop.git,,e0f8abf71164321caf1b20109000b08be506f227,3039c8c07f6fdaa8b595ec869ae0895686a7a0f2,nao,OK,sim,sim,commit,post_descende_de_pre,1,sim,3,index.js,sim,presente,sim,70,nao,85,1,inalterada,85
CVE-2020-8135,https://github.com/transloadit/uppy.git,,4aeef4dac0490ebb1d1fccd5582ba42c6c0fb87d,aa1fa387187d53e2652ba8c9c97fe623bb9d8039,nao,OK,sim,sim,commit,post_descende_de_pre,1,sim,5,packages/@uppy/companion/src/server/helpers/utils.js,sim,presente,sim,73,nao,73,1,inalterada,73
CVE-2020-8149,https://github.com/zamotany/logkitty.git,,e1e229687472d8c9266d17f2969ff7431a78db86,ef2f673e25c629544dd3de6429999318447dd6bf,nao,OK,sim,sim,commit,post_descende_de_pre,1,sim,1,src/android/adb.ts,sim,presente,sim,55,sim,,0,trecho,54-59
CVE-2020-8192,https://github.com/fastify/fastify.git,,854e150c0d78e7c31f4f6eca57908f9da19c379f,74c3157ca90c3ffed9e4434f63c2017471ec970e,nao,OK,sim,sim,commit,post_descende_de_pre,1,sim,3,lib/validation.js,sim,presente,sim,37,nao,37,1,inalterada,37
CVE-2020-8203,https://github.com/lodash/lodash.git,,e7b28ea6cb17b4ca021e7c9d66218c8c89782f32,c84fe82760fb2d3e03a63379b297a1cc1a2fce12,nao,OK,sim,sim,commit,post_descende_de_pre,1,sim,2,lodash.js,sim,presente,sim,2559,nao,2559,1,inalterada,2559
CVE-2020-8205,https://github.com/transloadit/uppy.git,,ab88612dff3ce24b001acb3b626516f0e2f7fd0c,740ba1d5b31d946b83c8624d51eedbd9b4e612f0,nao,OK,sim,sim,commit,post_descende_de_pre,1,sim,4,packages/@uppy/companion/src/server/controllers/url.js,sim,presente,sim,120,nao,122,1,inalterada,122
CVE-2020-8244,https://github.com/rvagg/bl.git,,ecc0cc51ef62f41ae151e82d61a8eac71c2ca672,8a8c13c880e2bef519133ea43e0e9b78b5d0c91e,nao,OK,sim,sim,commit,post_descende_de_pre,1,sim,2,bl.js,sim,presente,sim,189,nao,190,1,inalterada,190
CVE-2020-9038,https://github.com/laurent22/joplin.git,,06d807d9ff86527151fd219b98e11b76adfb8068,3db47b575b9cb0a765da3d283baa2c065df0d0bc,nao,OK,sim,sim,commit,post_descende_de_pre,1,sim,24,Clipper/joplin-webclipper/content_scripts/index.js,sim,presente,sim,24,sim,,1,trecho,24-24
CVE-2021-23344,https://github.com/totaljs/framework.git,,b3f901561d66ab799a4a99279893b94cad7ae4ff,c812bbcab8981797d3a1b9993fc42dad3d246f04,nao,OK,sim,sim,commit,post_descende_de_pre,21,nao,10,utils.js,sim,presente,sim,6625,sim,,1,trecho,6625-6626
CVE-2021-23364,https://github.com/browserslist/browserslist.git,,209adf9e0051fa39a2b25354cffd493300f34b02,bd1e9e01c95cad24be706fb11be7d151cd99ed0a,nao,OK,sim,sim,commit,post_descende_de_pre,1,sim,1,index.js,sim,presente,sim,802|827|855|890|921|925,sim|sim|sim|sim|sim|sim,|||||,1,trecho|trecho|trecho|trecho|trecho|trecho,802-802|827-827|855-855|890-890|921-921|925-925
CVE-2021-31712,https://github.com/jpuri/react-draft-wysiwyg.git,,f59ee8419cdbd45aab3bdfdf1995f112b09bbb6a,f71fb3ca96f4596135ee739d29dfed7cc7b25b4b,nao,OK,sim,sim,commit,post_descende_de_pre,1,sim,3,src/decorators/Link/index.js,sim,presente,sim,35|59,sim|sim,|,1,trecho|trecho,36-36|60-60
