cve,repositorio,url,commit_vulneravel,cwes,cwe_primario,arquivo,linhas,situacao,descricao
CVE-2016-10735,twbs/bootstrap,https://github.com/twbs/bootstrap.git,ba6a6f13691000ffaf22ef8e731513737659447f,CWE-079|CWE-116,CWE-079,js/src/util.js,120,analisado,DOM text reinterpreted as HTML
CVE-2016-1000229,linxiaowu66/swagger-ui,https://github.com/linxiaowu66/swagger-ui.git,14fad2b4c76efe249db515c98432eb609aa77691,CWE-079|CWE-116,CWE-079,src/main/javascript/helpers/handlebars.js,68,fora: repositório inexistente,Client-side cross-site scripting
CVE-2017-0931,guardian/html-janitor,https://github.com/guardian/html-janitor.git,8c99e653a36a85edd740e756d7371ee47a9aee45,CWE-079|CWE-116,CWE-079,src/html-janitor.js,43,analisado,Client-side cross-site scripting
CVE-2017-5954,commenthol/serialize-to-js,https://github.com/commenthol/serialize-to-js.git,a1e8140ed1a07013f644b5b76025f4eaab7fb9d8,CWE-094|CWE-079|CWE-116,CWE-094,lib/deserialize.js,28,analisado,Code injection
CVE-2017-10910,mqttjs/MQTT.js,https://github.com/mqttjs/MQTT.js.git,800a4ddaaec80f3289b1aa249bf67584588611ff,CWE-770,CWE-770,lib/client.js,267,analisado,Resource exhaustion
CVE-2017-15010,salesforce/tough-cookie,https://github.com/salesforce/tough-cookie.git,fcc8abfa3d3cab4f99da38f3f3749b1b186eb5a4,CWE-730|CWE-400,CWE-400,lib/cookie.js,61,analisado,Polynomial regular expression used on uncontrolled data
CVE-2017-16003,felixrieseberg/windows-build-tools,https://github.com/felixrieseberg/windows-build-tools.git,3a97ea156d07aaccca101ed8f0a1606eea8dfc2d,CWE-829,CWE-829,src/download.js,38,analisado,Download of sensitive file through insecure connection
CVE-2017-16006,jonschlinkert/remarkable,https://github.com/jonschlinkert/remarkable.git,a85cf32cd194d7a12d2155256bd38283e431b26b,CWE-020,CWE-020,lib/parser_inline.js,151,analisado,Incomplete URL scheme check
CVE-2017-16011,jquery/jquery,https://github.com/jquery/jquery.git,452e32769d514d835988c544492e4083df2bc1d6,CWE-079,CWE-079,src/core.js,52,analisado,Cross-site scripting
CVE-2017-16014,http-party/node-http-proxy,https://github.com/http-party/node-http-proxy.git,0c71119ee58ee84068120be72308ecb28cb3e532,CWE-730,CWE-730,lib/node-http-proxy.js,225,analisado,Server crash
CVE-2017-16018,restify/node-restify,https://github.com/restify/node-restify.git,893895137b6a54a21ebf88cabe3f275636ef28d7,CWE-079|CWE-116,CWE-079,lib/server.js,202,analisado,Reflected cross-site scripting
CVE-2017-16023,sindresorhus/decamelize,https://github.com/sindresorhus/decamelize.git,18479821851414d91ad3d42d8560adff5969da4b,CWE-730|CWE-400,CWE-400,index.js,8,analisado,Regular expression injection
CVE-2017-16026,request/request,https://github.com/request/request.git,85f8235c061f8d0d1697066290a34f43120cb77f,CWE-770,CWE-770,lib/multipart.js,71,analisado,Resource exhaustion
CVE-2017-16028,jonschlinkert/randomatic,https://github.com/jonschlinkert/randomatic.git,833f31a5aac0b8c2ddd3ae23ab41a0145c2974d0,CWE-338,CWE-338,index.js,81,analisado,Insecure randomness
CVE-2017-16029,henrytseng/hostr,https://github.com/henrytseng/hostr.git,5827ba48fd4a08c26604b97798c57d45fe1cd51e,CWE-022|CWE-023|CWE-036|CWE-073|CWE-099,CWE-022,lib/routes/statics.js,31,analisado,Uncontrolled data used in path expression
CVE-2017-16030,3rd-Eden/useragent,https://github.com/3rd-Eden/useragent.git,50be8cbd7e3b9cbfeaab041de726b5438d07672e,CWE-730|CWE-400,CWE-400,lib/regexps.js,887,analisado,Polynomial regular expression used on uncontrolled data
CVE-2017-16031,socketio/socket.io,https://github.com/socketio/socket.io.git,fe6dd874437ccd13e4753c03d7a98e5382d0b0d5,CWE-338,CWE-338,lib/manager.js,755,analisado,Insecure randomness
CVE-2017-16034,soyuka/pidusage,https://github.com/soyuka/pidusage.git,e3660d8a8e5e61afad9b02af67356a1e239d6bde,CWE-078|CWE-088,CWE-078,lib/stats.js,103,analisado,Unsafe shell command constructed from library input
CVE-2017-16042,tj/node-growl,https://github.com/tj/node-growl.git,dc8aae046df328edd32dd69f3cd2d6b114d7018e,CWE-078|CWE-088,CWE-078,lib/growl.js,289,analisado,Unsafe shell command constructed from library input
CVE-2017-16043,erming/shout,https://github.com/erming/shout.git,890c751bb624cde53dc392b2c851cdcd056033c6,CWE-079|CWE-116,CWE-079,client/js/shout.js,318,analisado,Client-side cross-site scripting
CVE-2017-16082,brianc/node-postgres,https://github.com/brianc/node-postgres.git,51a28c226519daaa3a2a3971128355d0440d3819,CWE-116|CWE-020,CWE-116,lib/result.js,72,analisado,Incomplete string escaping or encoding
CVE-2017-16083,sandy98/node-simple-router,https://github.com/sandy98/node-simple-router.git,91da4299aee0086cc1e0cc837763578af6f82cea,CWE-022|CWE-023|CWE-036|CWE-073|CWE-099,CWE-022,lib/router.js,734,analisado,Uncontrolled data used in path expression
CVE-2017-16084,KoryNunn/list-n-stream,https://github.com/KoryNunn/list-n-stream.git,87de3f13465e9d4d21eb75be8143cdc4085a19b3,CWE-022|CWE-023|CWE-036|CWE-073|CWE-099,CWE-022,server.js,88,analisado,Uncontrolled data used in path expression
CVE-2017-16087,vvakame/fs-git,https://github.com/vvakame/fs-git.git,50b33e3faec0b08183a699efb9b154c0d1495bee,CWE-078|CWE-088,CWE-078,lib/index.ts,38,analisado,Unsafe shell command constructed from library input
CVE-2017-16098,node-modules/charset,https://github.com/node-modules/charset.git,5ba8a4942f069d40584cf5a1a7938ff8dc92bcc9,CWE-730|CWE-400,CWE-400,index.js,44,analisado,Polynomial regular expression used on uncontrolled data
CVE-2017-16100,skoranga/node-dns-sync,https://github.com/skoranga/node-dns-sync.git,b748fe77a87749d95876028eda8e759109be4c73,CWE-078|CWE-088,CWE-078,lib/dns-sync.js,21,analisado,Unsafe shell command constructed from library input
CVE-2017-16107,Eeems/PooledWebSocket,https://github.com/Eeems/PooledWebSocket.git,d51217a285c1dc5851743d0756cc43c35d12737c,CWE-022|CWE-023|CWE-036|CWE-073|CWE-099,CWE-022,server.js,9,analisado,Uncontrolled data used in path expression
CVE-2017-16114,markedjs/marked,https://github.com/markedjs/marked.git,49b7eaca76d14ccd91f87decc11bbe213a6e0af4,CWE-730|CWE-400,CWE-400,lib/marked.js,459,analisado,Inefficient regular expression
CVE-2017-16117,Trott/node-slug,https://github.com/Trott/node-slug.git,85ded30a95760b19cd223abe668eade0279a21f2,CWE-730|CWE-400,CWE-400,slug.js,64,analisado,Polynomial regular expression used on uncontrolled data
CVE-2017-16118,jshttp/forwarded,https://github.com/jshttp/forwarded.git,ad1efeaf2315c1ccd25c1e5bccb21df626c1d12c,CWE-730|CWE-400,CWE-400,index.js,14,analisado,Polynomial regular expression used on uncontrolled data
CVE-2017-16119,jshttp/fresh,https://github.com/jshttp/fresh.git,ff5f257b575a70fae6268b9283f7d5796bcfde71,CWE-730|CWE-400,CWE-400,index.js,22,analisado,Polynomial regular expression used on uncontrolled data
CVE-2017-16136,expressjs/method-override,https://github.com/expressjs/method-override.git,5a7d6a1f2f16ba4ec2bbab3d67b98b30e1d8a0fe,CWE-730|CWE-400,CWE-400,index.js,120,analisado,Polynomial regular expression used on uncontrolled data
CVE-2017-16137,visionmedia/debug,https://github.com/visionmedia/debug.git,47747f329fe159e94262318b52b87a48f6c0acd4,CWE-730|CWE-400,CWE-400,src/node.js,86,analisado,Polynomial regular expression used on uncontrolled data
CVE-2017-16138,broofa/node-mime,https://github.com/broofa/node-mime.git,4a375abebfa3900921217daa270302e01a1c67ae,CWE-730|CWE-400,CWE-400,Mime.js,50,analisado,Polynomial regular expression used on uncontrolled data
CVE-2017-16224,isaacs/st,https://github.com/isaacs/st.git,ae7b6768c1d91dd48b368b2b921193fc2b36cff1,CWE-601,CWE-601,st.js,351,analisado,Server-side URL redirect
CVE-2017-16226,browserify/static-eval,https://github.com/browserify/static-eval.git,ab81134a43431457508bc2ead500f2d93ac0a71d,CWE-020|CWE-094,CWE-094,index.js,118,analisado,sandbox escape / arbitrary code execution
CVE-2017-16877,zeit/next.js,https://github.com/zeit/next.js.git,442c611d4956496afc8f32c3bb881f2d37e63960,CWE-022|CWE-023|CWE-036|CWE-073|CWE-099,CWE-022,server/render.js,218,analisado,Uncontrolled data used in path expression
CVE-2017-17461,markedjs/marked,https://github.com/markedjs/marked.git,900e50e22a9a8165e6de4df6a91265343fd584d9,CWE-730|CWE-400,CWE-400,lib/marked.js,460,analisado,Polynomial regular expression used on uncontrolled data
CVE-2017-18077,juliangruber/brace-expansion,https://github.com/juliangruber/brace-expansion.git,265f6cd6586383eebebbfc3c45da2eaa153d9e63,CWE-730|CWE-400,CWE-400,index.js,109,analisado,Inefficient regular expression
CVE-2017-18214,moment/moment,https://github.com/moment/moment.git,328d51e7235b7a2d443bfdf69c1844939c115660,CWE-730|CWE-400,CWE-400,src/lib/parse/regex.js,23,analisado,Polynomial regular expression used on uncontrolled data
CVE-2017-18352,GoogleChrome/rendertron,https://github.com/GoogleChrome/rendertron.git,16ade3208c80c3de8f8e36a05ad8242af1eeb7f4,CWE-079|CWE-116,CWE-079,src/main.js,106,analisado,Reflected cross-site scripting
CVE-2017-18353,GoogleChrome/rendertron,https://github.com/GoogleChrome/rendertron.git,16ade3208c80c3de8f8e36a05ad8242af1eeb7f4,CWE-079|CWE-116,CWE-079,src/main.js,130,analisado,Reflected cross-site scripting
CVE-2017-18354,GoogleChrome/rendertron,https://github.com/GoogleChrome/rendertron.git,16ade3208c80c3de8f8e36a05ad8242af1eeb7f4,CWE-918,CWE-918,src/renderer.js,75,analisado,Uncontrolled data used in network request
CVE-2017-18355,GoogleChrome/rendertron,https://github.com/GoogleChrome/rendertron.git,16ade3208c80c3de8f8e36a05ad8242af1eeb7f4,CWE-200,CWE-200,src/renderer.js,75,analisado,Exposure of private files
CVE-2017-18635,novnc/noVNC,https://github.com/novnc/noVNC.git,41f476a86357f1404fcca078212c702599bbcc57,CWE-079|CWE-116,CWE-079,app/ui.js,534,analisado,Exception text reinterpreted as HTML
CVE-2017-1000006,plotly/plotly.js,https://github.com/plotly/plotly.js.git,16e0fc29690c82282db91f99e651190afa0a9f87,CWE-079|CWE-116|CWE-020,CWE-079,src/lib/svg_text_utils.js,270,analisado,Incomplete HTML attribute sanitization
CVE-2017-1000219,KyleRoss/windows-cpu,https://github.com/KyleRoss/windows-cpu.git,da656c1a9d5edbf4e8bf0640f349aeb714a4f1a0,CWE-078|CWE-088,CWE-078,index.js,82,analisado,Unsafe shell command constructed from library input
CVE-2017-1000427,markedjs/marked,https://github.com/markedjs/marked.git,38f1727ffee0820975677027b8968bc1954e6637,CWE-020,CWE-020,lib/marked.js,878,analisado,Incomplete URL scheme check
CVE-2017-1001004,josdejong/typed-function,https://github.com/josdejong/typed-function.git,9a8cac3cb8ae89fd0a9b3ae2dfde27cd1aa5a60a,CWE-094|CWE-079|CWE-116,CWE-094,typed-function.js,1118,analisado,Code injection
CVE-2018-3712,zeit/serve,https://github.com/zeit/serve.git,ce95709c74873040308c88771821bfdaa569be52,CWE-022|CWE-023|CWE-036|CWE-073|CWE-099,CWE-022,lib/server.js,88,analisado,Uncontrolled data used in path expression
CVE-2018-3713,simonh1000/angular-http-server,https://github.com/simonh1000/angular-http-server.git,c1b677f493cc97cb63bbda1887d2a9d1b2bd4732,CWE-022|CWE-023|CWE-036|CWE-073|CWE-099,CWE-022,angular-http-server.js,76,analisado,Uncontrolled data used in path expression
CVE-2018-3718,zeit/serve,https://github.com/zeit/serve.git,2fece040fb87fed1afcb41c58afd8824482ee15e,CWE-022|CWE-023|CWE-036|CWE-073|CWE-099,CWE-022,lib/server.js,98,analisado,Uncontrolled data used in path expression
CVE-2018-3719,jonschlinkert/mixin-deep,https://github.com/jonschlinkert/mixin-deep.git,7705bdf88ff0263242c07c824d20526203876668,CWE-078|CWE-079|CWE-094|CWE-400|CWE-915,CWE-915,index.js,30,analisado,Prototype-polluting function
CVE-2018-3721,lodash/lodash,https://github.com/lodash/lodash.git,5a3ff73997b773a28a5a160b95acfd133a8162e7,CWE-078|CWE-079|CWE-094|CWE-400|CWE-915,CWE-915,lodash.js,2580,analisado,Prototype-polluting function
CVE-2018-3722,jonschlinkert/merge-deep,https://github.com/jonschlinkert/merge-deep.git,7be7e50163dc4ef467ace5371186a77028a66cc9,CWE-078|CWE-079|CWE-094|CWE-400|CWE-915,CWE-915,index.js,45,analisado,Prototype-polluting function
CVE-2018-3725,herber/hekto,https://github.com/herber/hekto.git,a3d942d8398a0907d0bbf2682f2fbd54ce73764e,CWE-022|CWE-023|CWE-036|CWE-073|CWE-099,CWE-022,bin/hekto.js,116|138|141|152|194,analisado,Uncontrolled data used in path expression
CVE-2018-3726,omphalos/crud-file-server,https://github.com/omphalos/crud-file-server.git,0c45fc64f0c0aeb23fe515c95e29f6485803de65,CWE-079|CWE-116,CWE-079,crud-file-server.js,143,analisado,Stored cross-site scripting
CVE-2018-3728,hapijs/hoek,https://github.com/hapijs/hoek.git,dfadda70b192adbcdf9a33ccc3caecfeb3dbe528,CWE-078|CWE-079|CWE-094|CWE-400|CWE-915,CWE-915,lib/index.js,129,analisado,Prototype-polluting function
CVE-2018-3731,tnantoka/public,https://github.com/tnantoka/public.git,c5c14107c00eb37c677eabcc5566938a0dee685c,CWE-022|CWE-023|CWE-036|CWE-073|CWE-099,CWE-022,bin/public,78,analisado,Uncontrolled data used in path expression
CVE-2018-3732,pillarjs/resolve-path,https://github.com/pillarjs/resolve-path.git,7330f714649ae4f10de73837f5c9fcfdc7979697,CWE-022,CWE-022,index.js,89,analisado,Lack of file path sanitization for windows based paths
CVE-2018-3733,omphalos/crud-file-server,https://github.com/omphalos/crud-file-server.git,833e7fcc2bc8406b9c76836a51ae173f50c56bf0,CWE-022|CWE-023|CWE-036|CWE-073|CWE-099,CWE-022,crud-file-server.js,66,analisado,Uncontrolled data used in path expression
CVE-2018-3736,TooTallNate/node-https-proxy-agent,https://github.com/TooTallNate/node-https-proxy-agent.git,c58d365dd153104d1147967a0a6b4e1dd1698e50,CWE-770,CWE-770,index.js,207,analisado,Resource exhaustion
CVE-2018-3737,joyent/node-sshpk,https://github.com/joyent/node-sshpk.git,4d01aede236ddfefa55ba9bef07308dca315603d,CWE-730|CWE-400,CWE-400,lib/formats/ssh.js,19,analisado,Polynomial regular expression used on uncontrolled data
CVE-2018-3738,protobufjs/protobuf.js,https://github.com/protobufjs/protobuf.js.git,b912005cae64176a296baa20b1f56de8a10105b1,CWE-730|CWE-400,CWE-400,src/parse.js,27,analisado,Inefficient regular expression
CVE-2018-3743,herber/hekto,https://github.com/herber/hekto.git,c33aaae609c7236a7cb555a62d8b99dfbcb5da09,CWE-601,CWE-601,bin/hekto.js,187,analisado,Server-side URL redirect
CVE-2018-3746,fagbokforlaget/pdfinfojs,https://github.com/fagbokforlaget/pdfinfojs.git,379c0e14db8298b465269653b9ac308d83eb6d4e,CWE-078|CWE-088,CWE-078,lib/pdfinfo.js,26,analisado,Unsafe shell command constructed from library input
CVE-2018-3747,tnantoka/public,https://github.com/tnantoka/public.git,6d152eb12b368df70c789aba84d27d01b854ee47,CWE-079|CWE-116,CWE-079,bin/public,111,analisado,Stored cross-site scripting
CVE-2018-3750,unclechu/node-deep-extend,https://github.com/unclechu/node-deep-extend.git,9653940a75c2ef2b1a503b24cbadd707cccffa8c,CWE-078|CWE-079|CWE-094|CWE-400|CWE-915,CWE-915,lib/deep-extend.js,137,analisado,Prototype-polluting function
CVE-2018-3752,schnittstabil/merge-options,https://github.com/schnittstabil/merge-options.git,45a889b92251c342453af40c5f8e3fad063b7ef6,CWE-078|CWE-079|CWE-094|CWE-400|CWE-915,CWE-915,index.js,73,analisado,Prototype-polluting function
CVE-2018-3757,roest01/node-pdf-image,https://github.com/roest01/node-pdf-image.git,5803471830e0227df33a4b645aefd6521ff441e0,CWE-078|CWE-088,CWE-078,index.js,116,analisado,Unsafe shell command constructed from library input
CVE-2018-3770,alanshaw/markdown-pdf,https://github.com/alanshaw/markdown-pdf.git,118c5c558b06d6bc950e92a01881417d996aecc6,CWE-094,CWE-094,index.js,57,analisado,Insecure default value: HTML supported by default
CVE-2018-3772,vvo/node-whereis,https://github.com/vvo/node-whereis.git,b8b642b1163baa37f15ed49b4064dcbdb6e1876c,CWE-078|CWE-088,CWE-078,index.js,4,analisado,Unsafe shell command constructed from library input
CVE-2018-3783,JasonEtco/flintcms,https://github.com/JasonEtco/flintcms.git,49e4b6a49e8ba378313845162cd32ba06a2681d6,CWE-089,CWE-089,server/apps/routes/auth.js,80,analisado,Database query built from user-controlled sources
CVE-2018-3786,eggjs/egg-scripts,https://github.com/eggjs/egg-scripts.git,08f8ea9429ee9727f5047af856d41c67de8ba23c,CWE-078|CWE-088,CWE-078,lib/cmd/start.js,235,analisado,Unsafe shell command constructed from library input
CVE-2018-6184,zeit/next.js,https://github.com/zeit/next.js.git,b5739d53614de76b937435ae1ef7867d40c9dac3,CWE-022|CWE-023|CWE-036|CWE-073|CWE-099,CWE-022,server/render.js,230,analisado,Uncontrolled data used in path expression
CVE-2018-6333,facebookarchive/nuclide,https://github.com/facebookarchive/nuclide.git,ee8e058c8b90cb008f3ee151c52aec40cad1174a,CWE-601,CWE-601,pkg/nuclide-hhvm/lib/main.js,129,analisado,Server-side URL redirect
CVE-2018-6341,facebook/react,https://github.com/facebook/react.git,c44c2a21614ed2e5d3078dcb24dc7ef086df24be,CWE-079,CWE-079,packages/react-dom/src/server/DOMMarkupOperations.js,64,analisado,Cross-site scripting due to incomplete sanitization of HTML attribute names
CVE-2018-6342,facebook/create-react-app,https://github.com/facebook/create-react-app.git,69c3d4b04c233ba9fb9d16691056bd09076177b1,CWE-078|CWE-088,CWE-078,packages/react-dev-utils/launchEditor.js,336,analisado,Uncontrolled command line
CVE-2018-7560,myshenin/aws-lambda-multipart-parser,https://github.com/myshenin/aws-lambda-multipart-parser.git,573ade8f4bf41acc7d78029d288f37104a650447,CWE-730|CWE-400,CWE-400,index.js,10,analisado,Regular expression injection
CVE-2018-7651,npm/ssri,https://github.com/npm/ssri.git,427f4233b0b3dd8c338e69e5cb0a6641df263603,CWE-730|CWE-400,CWE-400,index.js,12,analisado,Polynomial regular expression used on uncontrolled data
CVE-2018-8035,apache/uima-ducc,https://github.com/apache/uima-ducc.git,4c20c4fc00d5605ba40fac235df3ccf7dc38cb52,CWE-079|CWE-116,CWE-079,uima-ducc-web/src/main/webapp/root/js/ducc.js,2950,fora: commit inexistente,XSS through the `value` property of a DOM element which was supposed to be plain text
CVE-2018-11093,ckeditor/ckeditor5-link,https://github.com/ckeditor/ckeditor5-link.git,992bd11d68e0e6d37b5cb4be36afabe7b4b3e9eb,CWE-079|CWE-116,CWE-079,src/ui/linkactionsview.js,209,analisado,Client-side cross-site scripting
CVE-2018-11615,moscajs/mosca,https://github.com/moscajs/mosca.git,e61f7491519ff69732e91f5afa107cda4c4d271e,CWE-116|CWE-020,CWE-116,lib/persistence/mongo.js,270,analisado,Incomplete string escaping or encoding
CVE-2018-11798,apache/thrift,https://github.com/apache/thrift.git,d566da7739c9aae63fe7fc9d267887fa73e5dda7,CWE-022|CWE-023|CWE-036|CWE-073|CWE-099,CWE-022,lib/nodejs/lib/thrift/web_server.js,419,analisado,Uncontrolled data used in path expression
CVE-2018-13797,scravy/node-macaddress,https://github.com/scravy/node-macaddress.git,dd079620d11c91957ac897e88d539dfceec41d56,CWE-078|CWE-088,CWE-078,lib/linux.js,4,analisado,Unsafe shell command constructed from library input
CVE-2018-13863,mongodb/js-bson,https://github.com/mongodb/js-bson.git,e403bd94faadee80cd82bae888e28b8b4d6d1e8d,CWE-730|CWE-400,CWE-400,lib/bson/decimal128.js,5,analisado,Polynomial regular expression used on uncontrolled data
CVE-2018-14040,twbs/bootstrap,https://github.com/twbs/bootstrap.git,13bf8aeae3db71e28af69782328c22215795c169,CWE-079|CWE-116,CWE-079,js/collapse.js,140,analisado,Unsafe jQuery plugin
CVE-2018-14041,twbs/bootstrap,https://github.com/twbs/bootstrap.git,149096016f70fd815540d62c0989fd99cdc809e0,CWE-079|CWE-116,CWE-079,js/src/scrollspy.js,118,analisado,Unsafe jQuery plugin
CVE-2018-14042,twbs/bootstrap,https://github.com/twbs/bootstrap.git,13bf8aeae3db71e28af69782328c22215795c169,CWE-079|CWE-116,CWE-079,js/tooltip.js,207,analisado,Unsafe jQuery plugin
CVE-2018-14380,Graylog2/graylog2-server,https://github.com/Graylog2/graylog2-server.git,f4a6bf94bc084e58afc730881c1a746408e1f574,CWE-079|CWE-116,CWE-079,graylog2-web-interface/src/components/search/QueryInput.ts,51,analisado,Client-side cross-site scripting
CVE-2018-16460,UmbraEngineering/ps,https://github.com/UmbraEngineering/ps.git,facfbce24c0dc5505edbae759f4bb991f2724979,CWE-078|CWE-088,CWE-078,lib/index.js,8,analisado,Unsafe shell command constructed from library input
CVE-2018-16461,jas-/node-libnmap,https://github.com/jas-/node-libnmap.git,49b72239b144ab7ffdf673b62e18bfd0760948f6,CWE-078|CWE-088,CWE-078,lib/classes/tools.js,114,analisado,Unsafe shell command constructed from library input
CVE-2018-16462,vincentmorneau/apex-publish-static-files,https://github.com/vincentmorneau/apex-publish-static-files.git,8d28fe8a9a49e5ff3f61e239293b5646528e2915,CWE-078|CWE-088,CWE-078,index.js,54,analisado,Unsafe shell command constructed from library input
CVE-2018-16472,ashaffer/cached-path-relative,https://github.com/ashaffer/cached-path-relative.git,a63061a1c92cab1a9fd0e938fceeac26fedf30c4,CWE-250|CWE-400,,lib/index.js,39,analisado,Remote property injection
CVE-2018-16478,tikonen/blog,https://github.com/tikonen/blog.git,08ab167d21ca55e6bb5599fdd599e888c8cc667c,CWE-022|CWE-023|CWE-036|CWE-073|CWE-099,CWE-022,simplehttpserver/simplehttpserver.js,76,analisado,Uncontrolled data used in path expression
CVE-2018-16479,prahladyeri/http-live-simulator,https://github.com/prahladyeri/http-live-simulator.git,8e85a1be562248d0d616c0e5092a3d71bbf5fe5f,CWE-022|CWE-023|CWE-036|CWE-073|CWE-099,CWE-022,bin/http-live,94,analisado,Uncontrolled data used in path expression
CVE-2018-16480,tnantoka/public,https://github.com/tnantoka/public.git,6d152eb12b368df70c789aba84d27d01b854ee47,CWE-079|CWE-116,CWE-079,bin/public,111,analisado,Stored cross-site scripting
CVE-2018-16484,nunnly/m-server,https://github.com/nunnly/m-server.git,e4bf390a3a9180ba2298f3d68bc16d9a69187703,CWE-079|CWE-116,CWE-079,lib/index.js,39,analisado,Stored cross-site scripting
CVE-2018-16485,nunnly/m-server,https://github.com/nunnly/m-server.git,3fcc6771fb14e8452ca80364f5900af362df316f,CWE-022|CWE-023|CWE-036|CWE-073|CWE-099,CWE-022,lib/index.js,11,analisado,Uncontrolled data used in path expression
CVE-2018-16487,lodash/lodash,https://github.com/lodash/lodash.git,67389a8c78975d97505fa15aa79bec6397749807,CWE-078|CWE-079|CWE-094|CWE-400|CWE-915,CWE-915,lodash.js,2573,analisado,Prototype-polluting function
CVE-2018-16489,angus-c/just,https://github.com/angus-c/just.git,f5549c99e72a6307ba9846e553db5a9aeef36d86,CWE-078|CWE-079|CWE-094|CWE-400|CWE-915,CWE-915,packages/object-extend/index.js,50,analisado,Prototype-polluting function
CVE-2018-16490,aheckmann/mpath,https://github.com/aheckmann/mpath.git,77204d7e5b0adb2100e862069a3c20d073df8f06,CWE-078|CWE-079|CWE-094|CWE-400|CWE-915,CWE-915,lib/index.js,272,analisado,Prototype-polluting function
CVE-2018-16491,dreamerslab/node.extend,https://github.com/dreamerslab/node.extend.git,91713698d86df0bad356f13ae2e68af7f226bce9,CWE-078|CWE-079|CWE-094|CWE-400|CWE-915,CWE-915,lib/extend.js,61,analisado,Prototype-polluting function
CVE-2018-16492,justmoon/node-extend,https://github.com/justmoon/node-extend.git,a689700740b44846e76f8f1dc4bdf230a2cb5c0d,CWE-078|CWE-079|CWE-094|CWE-400|CWE-915,CWE-915,index.js,77,analisado,Prototype-polluting function
CVE-2018-18282,zeit/next.js,https://github.com/zeit/next.js.git,ae56c7847f32173c0c6954a124fdaa749d44b5dc,CWE-094|CWE-079|CWE-116,CWE-094,server/document.js,190,analisado,Improper code sanitization
CVE-2018-19048,mycolorway/simditor,https://github.com/mycolorway/simditor.git,65d78cbfcb576f8963ba26a991c33d746be5add7,CWE-079|CWE-116,CWE-079,lib/simditor.js,2652,analisado,DOM text reinterpreted as HTML
CVE-2018-20164,ua-parser/uap-core,https://github.com/ua-parser/uap-core.git,4e97f111af71597d038eff1730fb8d7e4f4e7ae4,CWE-730|CWE-400,CWE-400,regexes.yaml,911,analisado,Inefficient regular expression
CVE-2018-20676,twbs/bootstrap,https://github.com/twbs/bootstrap.git,13bf8aeae3db71e28af69782328c22215795c169,CWE-079|CWE-116,CWE-079,js/tooltip.js,54,analisado,Unsafe jQuery plugin
CVE-2018-20677,twbs/bootstrap,https://github.com/twbs/bootstrap.git,13bf8aeae3db71e28af69782328c22215795c169,CWE-079|CWE-116,CWE-079,js/affix.js,19,analisado,Unsafe jQuery plugin
CVE-2018-20801,highcharts/highcharts,https://github.com/highcharts/highcharts.git,9bcb40d7cb6acb7f63345dfe3625378b91cd243a,CWE-730|CWE-400,CWE-400,js/parts/SvgRenderer.js,2430,analisado,Polynomial regular expression used on uncontrolled data
CVE-2018-20834,npm/node-tar,https://github.com/npm/node-tar.git,58a8d437abccd6dc884541b8bf6554901ec592cc,CWE-022,CWE-022,lib/unpack.js,403,analisado,"Arbitrary file write during zip extraction (""Zip Slip"")"
CVE-2018-20835,mafintosh/tar-fs,https://github.com/mafintosh/tar-fs.git,7b4ab17e950832cfd3e67421e48898fdb50318fc,CWE-022,CWE-022,index.js,266,analisado,"Arbitrary file write during zip extraction (""Zip Slip"")"
CVE-2018-21036,balderdashy/sails-hook-sockets,https://github.com/balderdashy/sails-hook-sockets.git,4f78b7946f7a7ac4c762936d7633298606c1e4a7,CWE-730,CWE-730,lib/receive-incoming-sails-io-msg.js,250,analisado,Server crash
CVE-2018-1000086,nprapps/pym.js,https://github.com/nprapps/pym.js.git,4b9016c30a930608e68dcd831176e1d089fab55b,CWE-079|CWE-116|CWE-601,CWE-601,src/pym.js,569,analisado,Client-side URL redirect
CVE-2018-1000096,brianleroux/tiny-json-http,https://github.com/brianleroux/tiny-json-http.git,41468a2ba952aa4d59c2fae20a7a7394d3b6d5d7,,,_read.js,41,fora: sem CWE,Disabling certificate validation
CVE-2018-1000620,hapijs/cryptiles,https://github.com/hapijs/cryptiles.git,96e63fd1605d5a85b19281e4741e28568d8c9822,CWE-327,CWE-327,lib/index.js,32,analisado,Creating biased random numbers from a cryptographically secure source.
CVE-2018-1002203,ZJONSSON/node-unzipper,https://github.com/ZJONSSON/node-unzipper.git,48bd69eaa3cbd30558bd218327ac103d1457e919,CWE-022,CWE-022,lib/extract.js,21,analisado,"Arbitrary file write during zip extraction (""Zip Slip"")"
CVE-2018-1002204,cthackers/adm-zip,https://github.com/cthackers/adm-zip.git,e116bc18df51e4e50c493cede82ae7696954b511,CWE-022,CWE-022,util/utils.js,109,analisado,"Arbitrary file write during zip extraction (""Zip Slip"")"
CVE-2019-5413,expressjs/morgan,https://github.com/expressjs/morgan.git,eb1968ac69a3d1ad98bacd06b738e9125630c3d3,CWE-094|CWE-079|CWE-116,CWE-094,index.js,391,analisado,Code injection
CVE-2019-5414,tiaanduplessis/kill-port,https://github.com/tiaanduplessis/kill-port.git,6963218ea712c60f3c165567abc8441905f28384,CWE-078|CWE-088,CWE-078,index.js,17,analisado,Indirect uncontrolled command line
CVE-2019-5423,prahladyeri/http-live-simulator,https://github.com/prahladyeri/http-live-simulator.git,8e85a1be562248d0d616c0e5092a3d71bbf5fe5f,CWE-116|CWE-020,CWE-116,bin/http-live,72,analisado,Incomplete string escaping or encoding
CVE-2019-5444,ChristoPy/serve-here.js,https://github.com/ChristoPy/serve-here.js.git,ad077637bf7a9fe0dee3262f011aed19a45ce92c,CWE-022|CWE-023|CWE-036|CWE-073|CWE-099,CWE-022,source/server.js,26,analisado,Uncontrolled data used in path expression
CVE-2019-5479,larvit/larvitbase-api,https://github.com/larvit/larvitbase-api.git,9c274f96e113ff9479fce7a6da8bc5cefb5f5d78,CWE-022|CWE-023|CWE-036|CWE-073|CWE-099,CWE-022,index.js,172,analisado,Uncontrolled data used in path expression
CVE-2019-5483,senecajs/seneca,https://github.com/senecajs/seneca.git,f505dc6dd375c1837e12ffa359f118a082d114f4,CWE-312|CWE-315|CWE-359,CWE-312,lib/print.js,138,analisado,Clear-text logging of sensitive information
CVE-2019-5484,bower/bower,https://github.com/bower/bower.git,4f68fc7daa4d6f0a3dfd0da2afdbb8f0b87558af,CWE-022,CWE-022,lib/util/extract.js,65,analisado,"Arbitrary file write during zip extraction (""Zip Slip"")"
CVE-2019-8331,twbs/bootstrap,https://github.com/twbs/bootstrap.git,bf2515ae68f1d89e8b795478aec90f8db61159e5,CWE-079|CWE-116,CWE-079,js/src/tooltip.js,433,analisado,DOM text reinterpreted as HTML
CVE-2019-8903,totaljs/framework,https://github.com/totaljs/framework.git,e2f38981c2cbd5c8edb540e031626fa1017edef6,CWE-116|CWE-020,CWE-116,index.js,7330,analisado,Incomplete multi-character sanitization
CVE-2019-9844,Khan/simple-markdown,https://github.com/Khan/simple-markdown.git,74c304d65ca77fdf5357398d893a6a498c78193f,CWE-020,CWE-020,simple-markdown.js,564,analisado,Incomplete URL scheme check
CVE-2019-10061,peterbraden/node-opencv,https://github.com/peterbraden/node-opencv.git,cfc96ba0af8c13d017d9c72f2c61ec968f1c15fb,CWE-078|CWE-088,CWE-078,utils/find-opencv.js,15,analisado,Indirect uncontrolled command line
CVE-2019-10090,apache/jspwiki,https://github.com/apache/jspwiki.git,447b5a634dfb6adcc7ff28181cb174aaa1920577,CWE-079|CWE-116,CWE-079,jspwiki-war/src/main/scripts/moo-extend/Element.Extend.js,530,analisado,Client-side cross-site scripting
CVE-2019-10742,axios/axios,https://github.com/axios/axios.git,047501f7083665e0924f2680846fd8721e6de50d,CWE-730|CWE-404,CWE-404,lib/adapters/http.js,214,analisado,Unclosed stream
CVE-2019-10744,lodash/lodash,https://github.com/lodash/lodash.git,1f8ea07746963a535385a5befc19fa687a627d2b,CWE-094|CWE-079|CWE-116,CWE-094,lodash.js,6608,analisado,Code injection
CVE-2019-10745,jonschlinkert/assign-deep,https://github.com/jonschlinkert/assign-deep.git,edab79f1fe37bb8f78f4d7a4fe205c66885acee3,CWE-078|CWE-079|CWE-094|CWE-400|CWE-915,CWE-915,index.js,22,analisado,Prototype pollution in recursive merge function due to missing filtering of property names `__proto__` and `constructor`
CVE-2019-10746,jonschlinkert/mixin-deep,https://github.com/jonschlinkert/mixin-deep.git,9925af763440a50891358d00db0e6a5accc50ee6,CWE-078|CWE-079|CWE-094|CWE-400|CWE-915,CWE-915,index.js,21,analisado,Prototype-polluting function
CVE-2019-10747,jonschlinkert/set-value,https://github.com/jonschlinkert/set-value.git,7bd5011d82e583305a191a9a062abfe177ec29ad,CWE-078|CWE-079|CWE-094|CWE-400|CWE-915,CWE-915,index.js,59,analisado,Prototype-polluting function
CVE-2019-10750,alexindigo/deeply,https://github.com/alexindigo/deeply.git,d9f59eec37b75ce52038b3fcfb0fd86d4989c0c1,CWE-078|CWE-079|CWE-094|CWE-400|CWE-915,CWE-915,lib/reduce_object.js,19,analisado,Prototype-polluting function
CVE-2019-10757,knex/knex,https://github.com/knex/knex.git,516b0747901c1d3efb4097bb89f2f7bce7e7ba36,CWE-116,CWE-116,lib/dialects/mssql/index.js,210,analisado,Replacement of a substring with itself
CVE-2019-10758,mongo-express/mongo-express,https://github.com/mongo-express/mongo-express.git,510a6e78e35a67251d5c53ca680ed3b5c6c259a7,CWE-094|CWE-079|CWE-116,CWE-094,lib/bson.js,60,analisado,Code injection
CVE-2019-10759,commenthol/safer-eval,https://github.com/commenthol/safer-eval.git,1ff9411b4099e71798cfd822d5b0a536b39f31d5,CWE-094,CWE-094,src/browser.js,49,analisado,sandbox escape / arbitrary code execution
CVE-2019-10761,patriksimek/vm2,https://github.com/patriksimek/vm2.git,2ac8ff254a71e516e83f6496635fa61420447fa9,CWE-074|CWE-094,CWE-094,lib/contextify.js,332,analisado,sandbox escape / arbitrary code execution
CVE-2019-10765,ioBroker/ioBroker.admin,https://github.com/ioBroker/ioBroker.admin.git,9872f452fce58031e8e623d37b7d396386baa9b7,CWE-022|CWE-023|CWE-036|CWE-073|CWE-099,CWE-022,lib/web.js,363,analisado,Access to log files is vulnerable to path injection due to a missing directory containment check
CVE-2019-10767,ioBroker/ioBroker.js-controller,https://github.com/ioBroker/ioBroker.js-controller.git,fbdbfbdb766490db65cde0b0ca5dd46221c5a912,CWE-022|CWE-023|CWE-036|CWE-073|CWE-099,CWE-022,lib/objects/objectsInMemFileDB.js,145,analisado,Uncontrolled data used in path expression
CVE-2019-10771,ioBroker/ioBroker.web,https://github.com/ioBroker/ioBroker.web.git,652fc0ecf77740c13e6b83d1b0c1bd8b2b0b09f5,CWE-079|CWE-116,CWE-079,main.js,1061,analisado,Reflected cross-site scripting
CVE-2019-10775,jfhbrook/node-ecstatic,https://github.com/jfhbrook/node-ecstatic.git,dd29df2cedbde4903909ed206acb62dd29782aa7,CWE-730,CWE-730,lib/ecstatic.js,396,analisado,Server crash
CVE-2019-10776,kellyselden/git-diff-apply,https://github.com/kellyselden/git-diff-apply.git,bfcc903a961d9f17bde1889cf49745a2dffefd73,CWE-078|CWE-088,CWE-078,src/run.js,10,analisado,Unsafe shell command constructed from library input
CVE-2019-10777,awspilot/cli-lambda-deploy,https://github.com/awspilot/cli-lambda-deploy.git,3621b27347bdff96b5f444c0e31eba06e527005c,CWE-078|CWE-088,CWE-078,lib/main.js,187,analisado,Uncontrolled command line
CVE-2019-10778,guybedford/devcert,https://github.com/guybedford/devcert.git,651bb8ebb97a029be13656c0476d48db85887451,CWE-078|CWE-088,CWE-078,src/install-authority.ts,112,analisado,Unsafe shell command constructed from library input
CVE-2019-10781,Atinux/schema-inspector,https://github.com/Atinux/schema-inspector.git,7f67b2a95f85ecb76d0dc5326d76d082a2b99e1f,CWE-668,CWE-668,lib/schema-inspector.js,83,analisado,A maliciously crafted JavaScript object can bypass the sanitize() and the validate() function.
CVE-2019-10785,dojo/dojox,https://github.com/dojo/dojox.git,d6b93d9e76752363a402bef31473ce2d2ae356d7,CWE-116|CWE-020,CWE-116,xmpp/util.js,7,analisado,Incomplete string escaping or encoding
CVE-2019-11358,jquery/jquery,https://github.com/jquery/jquery.git,669f720edc4f557dfef986db747c09ebfaa16ef5,CWE-078|CWE-079|CWE-094|CWE-400|CWE-915,CWE-915,src/core.js,182,analisado,Prototype-polluting function
CVE-2019-12041,probablyup/markdown-to-jsx,https://github.com/probablyup/markdown-to-jsx.git,9570018bac22c759899be839089cc33d3d739af0,CWE-399,CWE-399,index.js,726,analisado,Regular expression denial of service (redos)
CVE-2019-12043,jonschlinkert/remarkable,https://github.com/jonschlinkert/remarkable.git,4ad13a078a8d9a7712b4992b4ba868db81b6f75a,CWE-079,CWE-079,lib/helpers/parse_link_destination.js,52,analisado,Incomplete sanitization of control characters
CVE-2019-12313,dollarshaveclub/shave,https://github.com/dollarshaveclub/shave.git,0e0365d5f1b0d175b0c5ccf4abd040884ce0d8aa,CWE-079|CWE-116,CWE-079,src/shave.js,62,analisado,DOM text reinterpreted as HTML
CVE-2019-13127,jgraph/mxgraph,https://github.com/jgraph/mxgraph.git,33911ed7e055c17b74d0367f5f1f6c9ee4b4fd44,CWE-079|CWE-116,CWE-079,javascript/examples/grapheditor/www/js/Format.js,1047,analisado,Client-side cross-site scripting
CVE-2019-13173,npm/fstream,https://github.com/npm/fstream.git,1e4527ffe8688d4f5325283d7cf2cf2d61f14c6b,CWE-022,CWE-022,lib/writer.js,151,analisado,"Arbitrary file write during zip extraction (""Zip Slip"")"
CVE-2019-13506,Rich-Harris/devalue,https://github.com/Rich-Harris/devalue.git,751ed46deb404f5ed5d3ed49ee400903792530d5,CWE-094|CWE-079|CWE-116,CWE-094,src/index.ts,190,analisado,Improper code sanitization
CVE-2019-14772,verdaccio/verdaccio,https://github.com/verdaccio/verdaccio.git,0b1b3556d9c043857f9bb789197f6d012876e484,CWE-079|CWE-116,CWE-079,src/webui/components/Readme/index.js,8,analisado,Client-side cross-site scripting
CVE-2019-14862,knockout/knockout,https://github.com/knockout/knockout.git,4d63fceb26acc6de6cdae25bbe12bad57ba2c6f6,CWE-079|CWE-116,CWE-079,src/utils.js,485,analisado,DOM text reinterpreted as HTML
CVE-2019-15478,jameswlane/status-board,https://github.com/jameswlane/status-board.git,115ccc389749a7a946d4e60563f1791ee2f39f7d,CWE-079|CWE-116,CWE-079,src/webapp/logic.ts,44,analisado,Reflected cross-site scripting
CVE-2019-15479,jameswlane/status-board,https://github.com/jameswlane/status-board.git,115ccc389749a7a946d4e60563f1791ee2f39f7d,CWE-079|CWE-116,CWE-079,src/webapp/routes/dashboard.ts,94,analisado,Reflected cross-site scripting
CVE-2019-15482,SLMNBJ/selectize-plugin-a11y,https://github.com/SLMNBJ/selectize-plugin-a11y.git,0824359781d57f1e629c866584e1c64e03ceae6f,CWE-079|CWE-116,CWE-079,selectize-plugin-a11y.js,28,analisado,DOM text reinterpreted as HTML
CVE-2019-15532,gchq/CyberChef,https://github.com/gchq/CyberChef.git,38ff7ec89f595dbe5971c3577fa29a142b4b2416,CWE-079|CWE-116,CWE-079,src/core/operations/TextEncodingBruteForce.mjs,82,analisado,Client-side cross-site scripting
CVE-2019-15657,mysticatea/eslint-utils,https://github.com/mysticatea/eslint-utils.git,587cca2f82c245f5fc4a8b9fb2cf6b35c0d02552,CWE-094,CWE-094,src/get-static-value.js,179,analisado,Arbitrary Code Execution
CVE-2019-15658,voxpelli/node-connect-pg-simple,https://github.com/voxpelli/node-connect-pg-simple.git,5779bd26e7374028771141366b419a13778c84a6,CWE-089,CWE-089,index.js,170,analisado,Database query built from user-controlled sources
CVE-2019-15782,webtorrent/webtorrent,https://github.com/webtorrent/webtorrent.git,885a20066363c88563aa02931c3c43da5c1a1868,CWE-079|CWE-116,CWE-079,lib/server.js,156,analisado,Reflected cross-site scripting
CVE-2019-16763,mpetroff/pannellum,https://github.com/mpetroff/pannellum.git,f42e80facb41bb97321a0e2056d9ef5a4779e627,CWE-020,CWE-020,src/js/pannellum.js,2384,analisado,Incomplete URL scheme check
CVE-2019-16769,yahoo/serialize-javascript,https://github.com/yahoo/serialize-javascript.git,3bab6dee8db7317310a97af5d28f0f0479d21930,CWE-079,CWE-079,index.js,191,analisado,cross-site scripting due to unsafe characters in serialized regular expressions
CVE-2019-17495,swagger-api/swagger-ui,https://github.com/swagger-api/swagger-ui.git,c8ad396301ca55075234009e8384ca968b950aab,CWE-079,CWE-079,src/core/components/providers/markdown.jsx,41,analisado,Cascading Style Sheets injection
CVE-2019-17592,adaltas/node-csv-parse,https://github.com/adaltas/node-csv-parse.git,76d96e16b166f745bcb137f0535724f4d3584f1c,CWE-730|CWE-400,CWE-400,lib/index.js,760,analisado,Polynomial regular expression used on uncontrolled data
CVE-2019-18350,ant-design/ant-design-pro,https://github.com/ant-design/ant-design-pro.git,0ad1fb3109f9864fc728bd7c6ebcb99e248d9f25,CWE-079|CWE-116|CWE-601,CWE-601,src/models/login.ts,56,analisado,Client-side URL redirect
CVE-2019-18818,strapi/strapi,https://github.com/strapi/strapi.git,10e39516b6abbcfd3beed22a14e66b0afab5adf6,CWE-089,CWE-089,packages/strapi-admin/controllers/Auth.js,253,analisado,Database query built from user-controlled sources
CVE-2019-18954,NetEase/pomelo,https://github.com/NetEase/pomelo.git,c5347270b63efc888ba8260f612e2636412ae557,CWE-754,CWE-754,lib/common/service/handlerService.js,59,analisado,Unvalidated dynamic method call
CVE-2019-19507,manvel-khnkoyan/jpv,https://github.com/manvel-khnkoyan/jpv.git,e93d2f68126f837707427ff6019c448611fe1a1b,CWE-807|CWE-290,CWE-807,index.js,122,analisado,User-controlled bypass of security check
CVE-2019-20149,jonschlinkert/kind-of,https://github.com/jonschlinkert/kind-of.git,4da96c0047906d22a4d6964a668d3abaca122e50,CWE-668|CWE-020,CWE-020,index.js,69,analisado,improper input validation
CVE-2019-20174,auth0/lock,https://github.com/auth0/lock.git,ecd249397d611fcfc381e6e00e51c8ecdb37d1ad,CWE-079|CWE-116,CWE-079,src/ui/input/checkbox_input.jsx,18,analisado,Client-side cross-site scripting
CVE-2019-1010091,tinymce/tinymce,https://github.com/tinymce/tinymce.git,8b29e00959cf37cbc9642178e686aea688a162ee,CWE-116|CWE-020,CWE-116,src/core/main/ts/api/html/SaxParser.ts,60,analisado,Incomplete multi-character sanitization
CVE-2019-1010266,lodash/lodash,https://github.com/lodash/lodash.git,90e6199a161b6445b01454517b40ef65ebecd2ad,CWE-730|CWE-400,CWE-400,lodash.js,279,analisado,Polynomial regular expression used on uncontrolled data
CVE-2019-1020012,parse-community/parse-server,https://github.com/parse-community/parse-server.git,54ba9a0f00eaeb7d8c0938dd555f913d58a5fdcd,CWE-444,CWE-444,src/Controllers/SchemaController.js,399,analisado,Denial of Service for any subsequent POST requests
CVE-2020-4051,dojo/dijit,https://github.com/dojo/dijit.git,d7294be76dd7b251980fe033b1901fa4135f4f4a,CWE-079|CWE-116,CWE-079,_editor/RichText.js,2180,analisado,Client-side cross-site scripting
CVE-2020-4059,mikaelbr/mversion,https://github.com/mikaelbr/mversion.git,04df60b7e4e5f6068519dee9d1675de3485b0277,CWE-078|CWE-088,CWE-078,lib/git.js,49,analisado,Unsafe shell command constructed from library input
CVE-2020-4066,erelsgl/limdu,https://github.com/erelsgl/limdu.git,92c045d30de99fd490627d0c4b441d532b0e4a83,CWE-078|CWE-088,CWE-078,classifiers/svm/SvmLinear.js,103,analisado,Unsafe shell command constructed from library input
CVE-2020-5251,parse-community/parse-server,https://github.com/parse-community/parse-server.git,bde8ab6d55e4da556d0e77eb29d4953ca34eeace,CWE-089,CWE-089,src/RestQuery.js,667,analisado,Database query built from user-controlled sources
CVE-2020-5258,dojo/dojo,https://github.com/dojo/dojo.git,35d1141221f9885682c067abae296393e611e968,CWE-078|CWE-079|CWE-094|CWE-400|CWE-915,CWE-915,request/util.js,61,analisado,Prototype-polluting function
CVE-2020-6836,handsontable/formula-parser,https://github.com/handsontable/formula-parser.git,944136096f44ff4ffd4ba0bcef30970ca4702fce,CWE-094|CWE-079|CWE-116,CWE-094,src/grammar-parser/grammar-parser.js,226,analisado,Code injection
CVE-2020-7638,davideicardi/confinit,https://github.com/davideicardi/confinit.git,d6c022c35aaee0794494651a4341fadd2db2b471,CWE-078|CWE-079|CWE-094|CWE-400|CWE-915,CWE-915,index.ts,108,analisado,Prototype-polluting function
CVE-2020-7656,jquery/jquery,https://github.com/jquery/jquery.git,c27dc018e22260b6ad084dff4505172e6b107178,CWE-116|CWE-020,CWE-116,src/ajax.js,190,analisado,Incomplete multi-character sanitization
CVE-2020-7660,yahoo/serialize-javascript,https://github.com/yahoo/serialize-javascript.git,1ac487ed828762eb490ad87022b6b354e0772284,CWE-502,CWE-502,index.js,10,analisado,Remote code execution
CVE-2020-7662,faye/websocket-extensions-node,https://github.com/faye/websocket-extensions-node.git,4a76c75efb1c5d6a2f60550e9501757458d19533,CWE-730|CWE-400,CWE-400,lib/parser.js,5,analisado,Inefficient regular expression
CVE-2020-7676,angular/angular.js,https://github.com/angular/angular.js.git,295213df9537666254626ffe3e4a6013122e4802,CWE-079|CWE-116,CWE-079,src/jqLite.js,218,analisado,Unsafe expansion of self-closing HTML tag
CVE-2020-7699,richardgirges/express-fileupload,https://github.com/richardgirges/express-fileupload.git,e9848fc1b5c92e175adb18afa0850f6e7dfc0b5c,CWE-078|CWE-079|CWE-094|CWE-400|CWE-915,CWE-915,lib/processNested.js,19,analisado,Prototype-polluting function
CVE-2020-7720,digitalbazaar/forge,https://github.com/digitalbazaar/forge.git,30d560c6b522b9a97a67d9101ecf8f860a4ba63a,CWE-078|CWE-079|CWE-094|CWE-400|CWE-915,CWE-915,lib/util.js,2539,analisado,Prototype-polluting function
CVE-2020-7750,LLK/scratch-svg-renderer,https://github.com/LLK/scratch-svg-renderer.git,16974b462c02b2915db728f75eaf682559c50a0b,CWE-079|CWE-116,CWE-079,src/svg-renderer.js,371,analisado,Client-side cross-site scripting
CVE-2020-7752,sebhildebrandt/systeminformation,https://github.com/sebhildebrandt/systeminformation.git,147550532ab11cac4b609844a519a1d945f5c103,CWE-078|CWE-088,CWE-078,lib/network.js,1079,analisado,Command injection in library function that dynamically builds a `netstat` shell command without sanitizing the `iface` argument.
CVE-2020-7763,pofider/phantom-html-to-pdf,https://github.com/pofider/phantom-html-to-pdf.git,c1c4d4df05f3d019e74ed209bae345d2c38d8962,CWE-022|CWE-023|CWE-036|CWE-073|CWE-099,CWE-022,lib/conversion.js,14,analisado,Uncontrolled data used in path expression
CVE-2020-8116,sindresorhus/dot-prop,https://github.com/sindresorhus/dot-prop.git,e0f8abf71164321caf1b20109000b08be506f227,CWE-078|CWE-079|CWE-094|CWE-400|CWE-915,CWE-915,index.js,70,analisado,Prototype-polluting function
CVE-2020-8135,transloadit/uppy,https://github.com/transloadit/uppy.git,4aeef4dac0490ebb1d1fccd5582ba42c6c0fb87d,CWE-601,CWE-601,packages/@uppy/companion/src/server/helpers/utils.js,73,analisado,Server-side URL redirect
CVE-2020-8149,zamotany/logkitty,https://github.com/zamotany/logkitty.git,e1e229687472d8c9266d17f2969ff7431a78db86,CWE-078|CWE-088,CWE-078,src/android/adb.ts,55,analisado,Indirect uncontrolled command line
CVE-2020-8192,fastify/fastify,https://github.com/fastify/fastify.git,854e150c0d78e7c31f4f6eca57908f9da19c379f,CWE-770,CWE-770,lib/validation.js,37,analisado,Resource exhaustion
CVE-2020-8203,lodash/lodash,https://github.com/lodash/lodash.git,e7b28ea6cb17b4ca021e7c9d66218c8c89782f32,CWE-078|CWE-079|CWE-094|CWE-400|CWE-915,CWE-915,lodash.js,2559,analisado,Prototype-polluting function
CVE-2020-8205,transloadit/uppy,https://github.com/transloadit/uppy.git,ab88612dff3ce24b001acb3b626516f0e2f7fd0c,CWE-918,CWE-918,packages/@uppy/companion/src/server/controllers/url.js,120,analisado,Uncontrolled data used in network request
CVE-2020-8244,rvagg/bl,https://github.com/rvagg/bl.git,ecc0cc51ef62f41ae151e82d61a8eac71c2ca672,CWE-125|CWE-126,CWE-125,bl.js,189,analisado,Buffer over-read vulnerability resulting in exposure of uninitialized memory
CVE-2020-9038,laurent22/joplin,https://github.com/laurent22/joplin.git,06d807d9ff86527151fd219b98e11b76adfb8068,CWE-020,CWE-020,Clipper/joplin-webclipper/content_scripts/index.js,24,analisado,Incomplete URL scheme check
CVE-2020-11021,actions/http-client,https://github.com/actions/http-client.git,cde0b32926ae7938c148121d11271f4cb1f5a57f,CWE-200,CWE-200,index.ts,482,analisado,Authorization headers are sent to untrusted host
CVE-2020-11022,jquery/jquery,https://github.com/jquery/jquery.git,04bf577e2f961c9dde85ddadc77f71bc7bc671cc,CWE-079|CWE-116,CWE-079,src/manipulation.js,239,analisado,Expansion of *sanitsed* self-closing HTML tags may introduce new mXSS vulnerabilities
CVE-2020-11059,ipfs/aegir,https://github.com/ipfs/aegir.git,0554d925af93ed9cc9355202769fa6bc2947943e,CWE-312|CWE-315|CWE-359,CWE-312,src/config/webpack.config.js,111,analisado,Build artifact created by `webpack.DefinePlugin` includes sensitive `process.env` values
CVE-2020-11079,skoranga/node-dns-sync,https://github.com/skoranga/node-dns-sync.git,93b8034e9475ae65102dac15fffe065616fede1b,CWE-078|CWE-088,CWE-078,lib/dns-sync.js,34,analisado,Unsafe shell command constructed from library input
CVE-2020-12265,kevva/decompress,https://github.com/kevva/decompress.git,74a462a139cc2561b6695e696266c8dc31562d3d,CWE-022,CWE-022,index.js,50,analisado,"Arbitrary file write during zip extraction (""Zip Slip"")"
CVE-2020-14000,LLK/scratch-vm,https://github.com/LLK/scratch-vm.git,b67ba75d8b1df4268a9d6727bbc4f32f153c9131,CWE-079|CWE-116|CWE-601,CWE-601,src/extension-support/extension-worker.js,20,analisado,Client-side URL redirect
CVE-2020-15092,NUKnightLab/TimelineJS3,https://github.com/NUKnightLab/TimelineJS3.git,d3b01141fb00a64233d9fc089c917864c1cd4712,CWE-079|CWE-116,CWE-079,source/js/media/TL.Media.js,263,analisado,Stored cross-site scripting
CVE-2020-15095,npm/cli,https://github.com/npm/cli.git,479e45c03be7b452cbe346e96c750d36597c3eb6,CWE-312|CWE-315|CWE-359,CWE-312,lib/fetch-package-metadata.js,22,analisado,Clear-text logging of sensitive information
CVE-2020-15119,auth0/lock,https://github.com/auth0/lock.git,195b5d20ba57060252318fa82135c9fc11a41d9c,CWE-079|CWE-116,CWE-079,src/i18n.js,18,analisado,Client-side cross-site scripting
CVE-2020-15123,codecov/codecov-node,https://github.com/codecov/codecov-node.git,5f6cc62d4f83bf3a75c973868259798814cd231e,CWE-078|CWE-088,CWE-078,lib/codecov.js,478,analisado,Unsafe shell command constructed from library input
CVE-2020-15135,Neztore/save-server,https://github.com/Neztore/save-server.git,ab7f29a8acb0812b2c65d0683966e4ffd849cb23,CWE-352,CWE-352,server/api/users.js,68,analisado,Missing CSRF middleware
CVE-2020-15138,PrismJS/prism,https://github.com/PrismJS/prism.git,158caf52343e59a66c2351ff1d83648efe871e33,CWE-079|CWE-116,CWE-079,plugins/previewers/prism-previewers.js,356,analisado,Client-side cross-site scripting
CVE-2020-15152,autovance/ftp-srv,https://github.com/autovance/ftp-srv.git,296573ae017d137a0b4268a96ea45b753bd66305,CWE-918,CWE-918,src/connector/active.js,32,analisado,Uncontrolled data used in network request
CVE-2020-15156,psychobunny/nodebb-plugin-blog-comments,https://github.com/psychobunny/nodebb-plugin-blog-comments.git,ed0156594a44c6429743e314e9b5a313fad60730,CWE-352,CWE-352,library.js,251,analisado,Missing CSRF middleware
CVE-2020-15256,mariocasciaro/object-path,https://github.com/mariocasciaro/object-path.git,404223bc2d6c1cf4dc9cd96a7af8dd6a0e851651,CWE-078|CWE-079|CWE-094|CWE-400|CWE-915,CWE-915,index.js,117,analisado,Prototype-polluting function
CVE-2020-26226,semantic-release/semantic-release,https://github.com/semantic-release/semantic-release.git,63fa143023aa3b54e9a9231c7625549ef4d7f17a,CWE-116,CWE-116,lib/hide-sensitive.js,16,analisado,Incomplete sanitization of of sensitive values in the presence of url-encoding.
CVE-2020-26256,C2FO/fast-csv,https://github.com/C2FO/fast-csv.git,1d18b894236687a5865ea70647010c1697a61d6d,CWE-730|CWE-400,CWE-400,packages/parse/src/parser/Parser.ts,7,analisado,"Inefficient regular expression for strings containing many repetitions of ' ,'."
CVE-2020-27666,strapi/strapi,https://github.com/strapi/strapi.git,4d00bc09b8bd7c0938e2d54f480d503560fcb45e,CWE-079|CWE-116,CWE-079,packages/strapi-plugin-content-manager/admin/src/components/PreviewWysiwyg/index.js,20,analisado,XSS in markdown WYSIWYG previewer due to lack of HTML sanitization.
CVE-2021-23344,totaljs/framework,https://github.com/totaljs/framework.git,b3f901561d66ab799a4a99279893b94cad7ae4ff,CWE-094,CWE-094,utils.js,6625,analisado,The package total.js before 3.4.8 are vulnerable to Remote Code Execution (RCE) via set.
CVE-2021-23364,browserslist/browserslist,https://github.com/browserslist/browserslist.git,209adf9e0051fa39a2b25354cffd493300f34b02,CWE-400,CWE-400,index.js,802|827|855|890|921|925,analisado,The package browserslist from 4.0.0 and before 4.16.5 are vulnerable to Regular Expression Denial of Service (ReDoS) during parsing of queries.
CVE-2021-31712,jpuri/react-draft-wysiwyg,https://github.com/jpuri/react-draft-wysiwyg.git,f59ee8419cdbd45aab3bdfdf1995f112b09bbb6a,CWE-079,CWE-079,src/decorators/Link/index.js,35|59,analisado,"react-draft-wysiwyg (aka React Draft Wysiwyg) before 1.14.6 allows a javascript: URi in a Link Target of the link decorator in decorators/Link/index.js when a draft is shared across users, leading to XSS."
