ferramenta,versao,categoria,universo_cves,cves_com_achado,achados,maior_cve,achados_maior_cve
codeql,js_ts_extensao,CWE-400,221,118,722,CVE-2019-10767,77
codeql,js_ts_extensao,CWE-116,221,92,794,CVE-2018-20801,66
codeql,js_ts_extensao,CWE-079,221,91,640,CVE-2019-10767,51
codeql,js_ts_extensao,CWE-020,221,84,638,CVE-2020-15092,141
codeql,js_ts_extensao,CWE-730,221,83,324,CVE-2020-15138,42
codeql,js_ts_extensao,CWE-1333,221,76,305,CVE-2020-15138,42
codeql,js_ts_extensao,CWE-078,221,72,340,CVE-2019-10767,48
codeql,js_ts_extensao,CWE-080,221,63,322,CVE-2018-20801,42
codeql,js_ts_extensao,CWE-094,221,52,262,CVE-2019-10767,49
codeql,js_ts_extensao,CWE-471,221,43,177,CVE-2019-10767,42
codeql,js_ts_extensao,CWE-915,221,43,177,CVE-2019-10767,42
codeql,js_ts_extensao,CWE-088,221,38,162,CVE-2017-16042,23
codeql,js_ts_extensao,CWE-250,221,34,138,CVE-2019-10767,32
codeql,js_ts_extensao,CWE-184,221,31,52,CVE-2018-20801,10
codeql,js_ts_extensao,CWE-117,221,30,164,CVE-2019-10767,38
codeql,js_ts_extensao,CWE-770,221,26,86,CVE-2018-3783,12
codeql,js_ts_extensao,CWE-307,221,25,85,CVE-2018-3783,12
codeql,js_ts_extensao,CWE-022,221,23,123,CVE-2019-10767,26
codeql,js_ts_extensao,CWE-367,221,23,46,CVE-2018-6333,9
codeql,js_ts_extensao,CWE-023,221,22,122,CVE-2019-10767,26
codeql,js_ts_extensao,CWE-036,221,22,122,CVE-2019-10767,26
codeql,js_ts_extensao,CWE-073,221,22,122,CVE-2019-10767,26
codeql,js_ts_extensao,CWE-099,221,22,122,CVE-2019-10767,26
codeql,js_ts_extensao,CWE-185,221,22,41,CVE-2018-20801,10
codeql,js_ts_extensao,CWE-186,221,22,41,CVE-2018-20801,10
codeql,js_ts_extensao,CWE-940,221,19,34,CVE-2018-1000086,5
codeql,js_ts_extensao,CWE-918,221,18,22,CVE-2017-18635,2
codeql,js_ts_extensao,CWE-312,221,17,29,CVE-2020-8135,6
codeql,js_ts_extensao,CWE-377,221,14,29,CVE-2019-5484,5
codeql,js_ts_extensao,CWE-378,221,14,29,CVE-2019-5484,5
codeql,js_ts_extensao,CWE-601,221,13,34,CVE-2019-10758,10
codeql,js_ts_extensao,CWE-295,221,12,17,CVE-2018-3736,4
codeql,js_ts_extensao,CWE-297,221,12,17,CVE-2018-3736,4
codeql,js_ts_extensao,CWE-338,221,10,14,CVE-2017-1000006,3
codeql,js_ts_extensao,CWE-200,221,9,22,CVE-2019-10767,5
codeql,js_ts_extensao,CWE-311,221,9,19,CVE-2020-8135,6
codeql,js_ts_extensao,CWE-319,221,9,19,CVE-2020-8135,6
codeql,js_ts_extensao,CWE-614,221,9,19,CVE-2020-8135,6
codeql,js_ts_extensao,CWE-359,221,9,10,CVE-2018-18282,2
codeql,js_ts_extensao,CWE-916,221,7,10,CVE-2019-10767,4
codeql,js_ts_extensao,CWE-327,221,7,7,CVE-2018-1000620,1
codeql,js_ts_extensao,CWE-532,221,7,7,CVE-2017-16082,1
codeql,js_ts_extensao,CWE-754,221,6,6,CVE-2017-10910,1
codeql,js_ts_extensao,CWE-290,221,5,12,CVE-2017-16026,4
codeql,js_ts_extensao,CWE-807,221,5,12,CVE-2017-16026,4
codeql,js_ts_extensao,CWE-434,221,5,6,CVE-2017-16018,2
codeql,js_ts_extensao,CWE-912,221,5,6,CVE-2017-16018,2
codeql,js_ts_extensao,CWE-942,221,4,6,CVE-2020-8135,2
codeql,js_ts_extensao,CWE-219,221,4,4,CVE-2017-18352,1
codeql,js_ts_extensao,CWE-328,221,4,4,CVE-2018-11615,1
codeql,js_ts_extensao,CWE-346,221,4,4,CVE-2017-16018,1
codeql,js_ts_extensao,CWE-352,221,4,4,CVE-2017-16877,1
codeql,js_ts_extensao,CWE-548,221,4,4,CVE-2017-18352,1
codeql,js_ts_extensao,CWE-639,221,4,4,CVE-2017-16018,1
codeql,js_ts_extensao,CWE-095,221,3,15,CVE-2019-10765,7
codeql,js_ts_extensao,CWE-843,221,3,9,CVE-2019-10758,3
codeql,js_ts_extensao,CWE-315,221,3,3,CVE-2018-18282,1
codeql,js_ts_extensao,CWE-384,221,3,3,CVE-2017-16877,1
codeql,js_ts_extensao,CWE-134,221,2,3,CVE-2020-8205,2
codeql,js_ts_extensao,CWE-248,221,2,3,CVE-2018-19048,2
codeql,js_ts_extensao,CWE-209,221,2,2,CVE-2018-3725,1
codeql,js_ts_extensao,CWE-497,221,2,2,CVE-2018-3725,1
codeql,js_ts_extensao,CWE-089,221,1,3,CVE-2018-3783,3
codeql,js_ts_extensao,CWE-090,221,1,3,CVE-2018-3783,3
codeql,js_ts_extensao,CWE-943,221,1,3,CVE-2018-3783,3
codeql,js_ts_extensao,CWE-506,221,1,2,CVE-2018-13863,2
codeql,js_ts_extensao,CWE-829,221,1,1,CVE-2017-16003,1
codeql,js_ts_extensao,CWE-830,221,1,1,CVE-2020-7763,1
codeql,js_ts_extensao,SEM_CWE,221,0,0,,0
codeql,todos,CWE-400,221,119,732,CVE-2019-10767,77
codeql,todos,CWE-116,221,100,870,CVE-2018-20801,67
codeql,todos,CWE-079,221,100,690,CVE-2019-10767,51
codeql,todos,CWE-020,221,91,672,CVE-2020-15092,141
codeql,todos,CWE-730,221,83,327,CVE-2020-15138,42
codeql,todos,CWE-1333,221,76,308,CVE-2020-15138,42
codeql,todos,CWE-078,221,73,341,CVE-2019-10767,48
codeql,todos,CWE-080,221,70,348,CVE-2018-20801,42
codeql,todos,CWE-094,221,52,264,CVE-2019-10767,49
codeql,todos,CWE-471,221,43,177,CVE-2019-10767,42
codeql,todos,CWE-915,221,43,177,CVE-2019-10767,42
codeql,todos,CWE-088,221,39,163,CVE-2017-16042,23
codeql,todos,CWE-117,221,37,173,CVE-2019-10767,38
codeql,todos,CWE-250,221,35,145,CVE-2019-10767,32
codeql,todos,CWE-184,221,31,52,CVE-2018-20801,10
codeql,todos,CWE-830,221,27,552,CVE-2018-20801,471
codeql,todos,CWE-022,221,26,129,CVE-2019-10767,26
codeql,todos,CWE-770,221,26,86,CVE-2018-3783,12
codeql,todos,CWE-023,221,25,128,CVE-2019-10767,26
codeql,todos,CWE-036,221,25,128,CVE-2019-10767,26
codeql,todos,CWE-073,221,25,128,CVE-2019-10767,26
codeql,todos,CWE-099,221,25,128,CVE-2019-10767,26
codeql,todos,CWE-307,221,25,85,CVE-2018-3783,12
codeql,todos,CWE-367,221,24,51,CVE-2018-6333,9
codeql,todos,CWE-185,221,22,41,CVE-2018-20801,10
codeql,todos,CWE-186,221,22,41,CVE-2018-20801,10
codeql,todos,CWE-940,221,19,34,CVE-2018-1000086,5
codeql,todos,CWE-312,221,18,32,CVE-2020-8135,7
codeql,todos,CWE-918,221,18,22,CVE-2017-18635,2
codeql,todos,CWE-377,221,14,29,CVE-2019-5484,5
codeql,todos,CWE-378,221,14,29,CVE-2019-5484,5
codeql,todos,CWE-601,221,13,34,CVE-2019-10758,10
codeql,todos,CWE-295,221,12,17,CVE-2018-3736,4
codeql,todos,CWE-297,221,12,17,CVE-2018-3736,4
codeql,todos,CWE-359,221,12,13,CVE-2018-18282,2
codeql,todos,CWE-200,221,11,24,CVE-2019-10767,5
codeql,todos,CWE-338,221,10,14,CVE-2017-1000006,3
codeql,todos,CWE-311,221,9,19,CVE-2020-8135,6
codeql,todos,CWE-319,221,9,19,CVE-2020-8135,6
codeql,todos,CWE-614,221,9,19,CVE-2020-8135,6
codeql,todos,CWE-916,221,9,12,CVE-2019-10767,4
codeql,todos,CWE-532,221,8,8,CVE-2017-16082,1
codeql,todos,CWE-327,221,7,7,CVE-2018-1000620,1
codeql,todos,CWE-754,221,6,6,CVE-2017-10910,1
codeql,todos,CWE-290,221,5,12,CVE-2017-16026,4
codeql,todos,CWE-807,221,5,12,CVE-2017-16026,4
codeql,todos,CWE-434,221,5,6,CVE-2017-16018,2
codeql,todos,CWE-912,221,5,6,CVE-2017-16018,2
codeql,todos,CWE-315,221,5,5,CVE-2018-18282,1
codeql,todos,CWE-942,221,4,6,CVE-2020-8135,2
codeql,todos,CWE-219,221,4,4,CVE-2017-18352,1
codeql,todos,CWE-328,221,4,4,CVE-2018-11615,1
codeql,todos,CWE-346,221,4,4,CVE-2017-16018,1
codeql,todos,CWE-352,221,4,4,CVE-2017-16877,1
codeql,todos,CWE-548,221,4,4,CVE-2017-18352,1
codeql,todos,CWE-639,221,4,4,CVE-2017-16018,1
codeql,todos,CWE-095,221,3,17,CVE-2019-10765,7
codeql,todos,CWE-843,221,3,9,CVE-2019-10758,3
codeql,todos,CWE-384,221,3,3,CVE-2017-16877,1
codeql,todos,CWE-134,221,2,3,CVE-2020-8205,2
codeql,todos,CWE-248,221,2,3,CVE-2018-19048,2
codeql,todos,CWE-209,221,2,2,CVE-2018-3725,1
codeql,todos,CWE-497,221,2,2,CVE-2018-3725,1
codeql,todos,CWE-089,221,1,3,CVE-2018-3783,3
codeql,todos,CWE-090,221,1,3,CVE-2018-3783,3
codeql,todos,CWE-943,221,1,3,CVE-2018-3783,3
codeql,todos,CWE-506,221,1,2,CVE-2018-13863,2
codeql,todos,CWE-829,221,1,1,CVE-2017-16003,1
codeql,todos,SEM_CWE,221,0,0,,0
semgrep,js_ts_extensao,CWE-1333,221,91,596,CVE-2019-10785,59
semgrep,js_ts_extensao,CWE-022,221,87,1532,CVE-2020-27666,236
semgrep,js_ts_extensao,CWE-915,221,49,213,CVE-2018-1000086,40
semgrep,js_ts_extensao,CWE-319,221,41,93,CVE-2017-16014,21
semgrep,js_ts_extensao,CWE-095,221,27,136,CVE-2019-10785,55
semgrep,js_ts_extensao,CWE-352,221,25,72,CVE-2018-18282,11
semgrep,js_ts_extensao,CWE-078,221,23,76,CVE-2019-10778,14
semgrep,js_ts_extensao,CWE-079,221,23,42,CVE-2019-10785,5
semgrep,js_ts_extensao,CWE-116,221,22,58,CVE-2019-10785,7
semgrep,js_ts_extensao,CWE-134,221,21,65,CVE-2019-13173,10
semgrep,js_ts_extensao,CWE-522,221,16,100,CVE-2020-8135,25
semgrep,js_ts_extensao,CWE-798,221,13,24,CVE-2019-1020012,4
semgrep,js_ts_extensao,CWE-345,221,12,38,CVE-2020-9038,9
semgrep,js_ts_extensao,CWE-346,221,6,12,CVE-2020-8135,4
semgrep,js_ts_extensao,CWE-601,221,6,7,CVE-2020-9038,2
semgrep,js_ts_extensao,CWE-918,221,5,9,CVE-2017-18352,2
semgrep,js_ts_extensao,CWE-119,221,4,18,CVE-2018-11798,11
semgrep,js_ts_extensao,CWE-1204,221,4,16,CVE-2019-15532,6
semgrep,js_ts_extensao,CWE-073,221,3,3,CVE-2019-15478,1
semgrep,js_ts_extensao,CWE-094,221,1,120,CVE-2020-7676,120
semgrep,js_ts_extensao,CWE-327,221,1,1,CVE-2018-11615,1
semgrep,js_ts_extensao,CWE-338,221,1,1,CVE-2019-14772,1
semgrep,js_ts_extensao,CWE-020,221,0,0,,0
semgrep,js_ts_extensao,CWE-089,221,0,0,,0
semgrep,js_ts_extensao,CWE-093,221,0,0,,0
semgrep,js_ts_extensao,CWE-096,221,0,0,,0
semgrep,js_ts_extensao,CWE-150,221,0,0,,0
semgrep,js_ts_extensao,CWE-200,221,0,0,,0
semgrep,js_ts_extensao,CWE-242,221,0,0,,0
semgrep,js_ts_extensao,CWE-250,221,0,0,,0
semgrep,js_ts_extensao,CWE-269,221,0,0,,0
semgrep,js_ts_extensao,CWE-284,221,0,0,,0
semgrep,js_ts_extensao,CWE-295,221,0,0,,0
semgrep,js_ts_extensao,CWE-297,221,0,0,,0
semgrep,js_ts_extensao,CWE-321,221,0,0,,0
semgrep,js_ts_extensao,CWE-326,221,0,0,,0
semgrep,js_ts_extensao,CWE-328,221,0,0,,0
semgrep,js_ts_extensao,CWE-353,221,0,0,,0
semgrep,js_ts_extensao,CWE-470,221,0,0,,0
semgrep,js_ts_extensao,CWE-502,221,0,0,,0
semgrep,js_ts_extensao,CWE-611,221,0,0,,0
semgrep,js_ts_extensao,CWE-614,221,0,0,,0
semgrep,js_ts_extensao,CWE-668,221,0,0,,0
semgrep,js_ts_extensao,CWE-706,221,0,0,,0
semgrep,js_ts_extensao,CWE-732,221,0,0,,0
semgrep,js_ts_extensao,CWE-776,221,0,0,,0
semgrep,js_ts_extensao,CWE-829,221,0,0,,0
semgrep,js_ts_extensao,CWE-926,221,0,0,,0
semgrep,js_ts_extensao,CWE-1004,221,0,0,,0
semgrep,js_ts_extensao,CWE-1357,221,0,0,,0
semgrep,js_ts_extensao,SEM_CWE,221,0,0,,0
semgrep,todos,CWE-1333,221,91,596,CVE-2019-10785,59
semgrep,todos,CWE-022,221,88,1613,CVE-2020-27666,236
semgrep,todos,CWE-319,221,66,1531,CVE-2019-13127,1051
semgrep,todos,CWE-915,221,49,219,CVE-2018-1000086,40
semgrep,todos,CWE-353,221,48,6395,CVE-2018-20801,5765
semgrep,todos,CWE-079,221,37,298,CVE-2020-8205,104
semgrep,todos,CWE-352,221,29,96,CVE-2019-10758,15
semgrep,todos,CWE-095,221,28,173,CVE-2019-10785,55
semgrep,todos,CWE-798,221,27,42,CVE-2019-1020012,4
semgrep,todos,CWE-078,221,26,81,CVE-2019-10778,14
semgrep,todos,CWE-829,221,23,26,CVE-2020-27666,3
semgrep,todos,CWE-116,221,22,59,CVE-2019-10785,7
semgrep,todos,CWE-134,221,21,67,CVE-2019-13173,10
semgrep,todos,CWE-522,221,16,100,CVE-2020-8135,25
semgrep,todos,CWE-345,221,12,38,CVE-2020-9038,9
semgrep,todos,CWE-1357,221,10,62,CVE-2020-27666,22
semgrep,todos,CWE-918,221,7,36,CVE-2018-20801,25
semgrep,todos,CWE-346,221,6,20,CVE-2020-8135,8
semgrep,todos,CWE-250,221,6,9,CVE-2019-10777,2
semgrep,todos,CWE-601,221,6,7,CVE-2020-9038,2
semgrep,todos,CWE-094,221,5,137,CVE-2020-7676,120
semgrep,todos,CWE-732,221,5,49,CVE-2019-10757,26
semgrep,todos,CWE-502,221,4,33,CVE-2018-6333,28
semgrep,todos,CWE-119,221,4,18,CVE-2018-11798,11
semgrep,todos,CWE-1204,221,4,16,CVE-2019-15532,6
semgrep,todos,CWE-327,221,4,8,CVE-2018-6333,4
semgrep,todos,CWE-326,221,3,8,CVE-2018-6333,4
semgrep,todos,CWE-295,221,3,7,CVE-2018-11798,3
semgrep,todos,CWE-269,221,3,4,CVE-2018-11615,2
semgrep,todos,CWE-328,221,3,4,CVE-2019-10090,2
semgrep,todos,CWE-073,221,3,3,CVE-2019-15478,1
semgrep,todos,CWE-321,221,2,10,CVE-2020-27666,9
semgrep,todos,CWE-470,221,2,10,CVE-2019-10090,8
semgrep,todos,CWE-150,221,2,9,CVE-2019-13127,8
semgrep,todos,CWE-614,221,2,7,CVE-2019-10090,6
semgrep,todos,CWE-1004,221,2,7,CVE-2019-10090,6
semgrep,todos,CWE-611,221,2,6,CVE-2019-10090,4
semgrep,todos,CWE-242,221,1,8,CVE-2018-11798,8
semgrep,todos,CWE-020,221,1,5,CVE-2020-15095,5
semgrep,todos,CWE-284,221,1,2,CVE-2018-20801,2
semgrep,todos,CWE-926,221,1,2,CVE-2020-9038,2
semgrep,todos,CWE-089,221,1,1,CVE-2018-20801,1
semgrep,todos,CWE-093,221,1,1,CVE-2019-10090,1
semgrep,todos,CWE-096,221,1,1,CVE-2018-6333,1
semgrep,todos,CWE-200,221,1,1,CVE-2018-6333,1
semgrep,todos,CWE-297,221,1,1,CVE-2018-14380,1
semgrep,todos,CWE-338,221,1,1,CVE-2019-14772,1
semgrep,todos,CWE-668,221,1,1,CVE-2020-15092,1
semgrep,todos,CWE-706,221,1,1,CVE-2020-15092,1
semgrep,todos,CWE-776,221,1,1,CVE-2018-16478,1
semgrep,todos,SEM_CWE,221,0,0,,0
snyk-code,js_ts_extensao,CWE-319,216,70,469,CVE-2020-15095,71
snyk-code,js_ts_extensao,CWE-079,216,62,268,CVE-2019-10765,32
snyk-code,js_ts_extensao,CWE-023,216,52,217,CVE-2018-20834,18
snyk-code,js_ts_extensao,CWE-770,216,50,109,CVE-2017-16083,15
snyk-code,js_ts_extensao,CWE-200,216,46,139,CVE-2020-7699,10
snyk-code,js_ts_extensao,CWE-916,216,28,185,CVE-2019-5484,40
snyk-code,js_ts_extensao,CWE-547,216,27,184,CVE-2017-16026,31
snyk-code,js_ts_extensao,CWE-094,216,25,46,CVE-2017-1000006,3
snyk-code,js_ts_extensao,CWE-209,216,24,41,CVE-2020-7699,8
snyk-code,js_ts_extensao,CWE-601,216,22,45,CVE-2018-16487,3
snyk-code,js_ts_extensao,CWE-798,216,21,699,CVE-2020-5251,208
snyk-code,js_ts_extensao,CWE-614,216,21,55,CVE-2020-7676,13
snyk-code,js_ts_extensao,CWE-259,216,20,430,CVE-2020-15119,86
snyk-code,js_ts_extensao,CWE-1287,216,19,59,CVE-2019-18818,8
snyk-code,js_ts_extensao,CWE-400,216,18,37,CVE-2020-15095,11
snyk-code,js_ts_extensao,CWE-020,216,17,41,CVE-2020-5258,10
snyk-code,js_ts_extensao,CWE-918,216,15,45,CVE-2019-10742,21
snyk-code,js_ts_extensao,CWE-942,216,12,38,CVE-2018-1000086,12
snyk-code,js_ts_extensao,CWE-116,216,12,36,CVE-2017-16011,7
snyk-code,js_ts_extensao,CWE-327,216,10,23,CVE-2020-7720,9
snyk-code,js_ts_extensao,CWE-078,216,9,12,CVE-2020-15095,3
snyk-code,js_ts_extensao,CWE-1321,216,8,42,CVE-2019-10767,24
snyk-code,js_ts_extensao,CWE-352,216,8,18,CVE-2020-8135,6
snyk-code,js_ts_extensao,CWE-346,216,4,4,CVE-2017-16018,1
snyk-code,js_ts_extensao,CWE-347,216,3,5,CVE-2019-15532,3
snyk-code,js_ts_extensao,CWE-016,216,3,3,CVE-2018-18282,1
snyk-code,js_ts_extensao,CWE-126,216,2,7,CVE-2018-3738,4
snyk-code,js_ts_extensao,CWE-208,216,2,4,CVE-2019-1020012,2
snyk-code,js_ts_extensao,CWE-089,216,2,3,CVE-2019-10785,2
snyk-code,js_ts_extensao,CWE-1004,216,2,2,CVE-2020-15135,1
snyk-code,js_ts_extensao,CWE-943,216,1,13,CVE-2018-3783,13
snyk-code,js_ts_extensao,CWE-022,216,1,8,CVE-2018-20835,8
snyk-code,js_ts_extensao,CWE-096,216,1,1,CVE-2020-15095,1
snyk-code,js_ts_extensao,CWE-643,216,1,1,CVE-2019-10785,1
snyk-code,js_ts_extensao,CWE-098,216,0,0,,0
snyk-code,js_ts_extensao,CWE-113,216,0,0,,0
snyk-code,js_ts_extensao,CWE-117,216,0,0,,0
snyk-code,js_ts_extensao,CWE-122,216,0,0,,0
snyk-code,js_ts_extensao,CWE-125,216,0,0,,0
snyk-code,js_ts_extensao,CWE-134,216,0,0,,0
snyk-code,js_ts_extensao,CWE-190,216,0,0,,0
snyk-code,js_ts_extensao,CWE-284,216,0,0,,0
snyk-code,js_ts_extensao,CWE-295,216,0,0,,0
snyk-code,js_ts_extensao,CWE-297,216,0,0,,0
snyk-code,js_ts_extensao,CWE-326,216,0,0,,0
snyk-code,js_ts_extensao,CWE-377,216,0,0,,0
snyk-code,js_ts_extensao,CWE-401,216,0,0,,0
snyk-code,js_ts_extensao,CWE-415,216,0,0,,0
snyk-code,js_ts_extensao,CWE-416,216,0,0,,0
snyk-code,js_ts_extensao,CWE-470,216,0,0,,0
snyk-code,js_ts_extensao,CWE-501,216,0,0,,0
snyk-code,js_ts_extensao,CWE-502,216,0,0,,0
snyk-code,js_ts_extensao,CWE-611,216,0,0,,0
snyk-code,js_ts_extensao,CWE-730,216,0,0,,0
snyk-code,js_ts_extensao,CWE-775,216,0,0,,0
snyk-code,js_ts_extensao,CWE-787,216,0,0,,0
snyk-code,js_ts_extensao,SEM_CWE,216,0,0,,0
snyk-code,todos,CWE-319,216,70,472,CVE-2020-15095,71
snyk-code,todos,CWE-079,216,68,451,CVE-2018-20801,61
snyk-code,todos,CWE-023,216,55,550,CVE-2019-10090,286
snyk-code,todos,CWE-770,216,50,109,CVE-2017-16083,15
snyk-code,todos,CWE-200,216,49,144,CVE-2020-7699,10
snyk-code,todos,CWE-916,216,36,212,CVE-2019-5484,40
snyk-code,todos,CWE-547,216,33,198,CVE-2017-16026,31
snyk-code,todos,CWE-209,216,28,47,CVE-2020-7699,8
snyk-code,todos,CWE-798,216,25,714,CVE-2020-5251,208
snyk-code,todos,CWE-094,216,25,50,CVE-2020-15095,4
snyk-code,todos,CWE-259,216,23,437,CVE-2020-15119,86
snyk-code,todos,CWE-601,216,23,106,CVE-2019-10090,61
snyk-code,todos,CWE-614,216,22,63,CVE-2020-7676,13
snyk-code,todos,CWE-1287,216,19,59,CVE-2019-18818,8
snyk-code,todos,CWE-918,216,19,53,CVE-2019-10742,21
snyk-code,todos,CWE-400,216,19,40,CVE-2020-15095,11
snyk-code,todos,CWE-020,216,17,41,CVE-2020-5258,10
snyk-code,todos,CWE-942,216,12,48,CVE-2018-1000086,12
snyk-code,todos,CWE-116,216,12,36,CVE-2017-16011,7
snyk-code,todos,CWE-327,216,11,25,CVE-2020-7720,9
snyk-code,todos,CWE-078,216,11,21,CVE-2020-15095,6
snyk-code,todos,CWE-1321,216,8,42,CVE-2019-10767,24
snyk-code,todos,CWE-352,216,8,18,CVE-2020-8135,6
snyk-code,todos,CWE-346,216,5,13,CVE-2020-8135,5
snyk-code,todos,CWE-113,216,4,16,CVE-2019-10090,8
snyk-code,todos,CWE-611,216,4,11,CVE-2019-13127,4
snyk-code,todos,CWE-1004,216,4,9,CVE-2019-10090,6
snyk-code,todos,CWE-401,216,3,44,CVE-2018-11798,30
snyk-code,todos,CWE-470,216,3,6,CVE-2018-11798,2
snyk-code,todos,CWE-089,216,3,5,CVE-2019-10785,2
snyk-code,todos,CWE-190,216,3,5,CVE-2018-11798,3
snyk-code,todos,CWE-208,216,3,5,CVE-2019-1020012,2
snyk-code,todos,CWE-347,216,3,5,CVE-2019-15532,3
snyk-code,todos,CWE-016,216,3,3,CVE-2018-18282,1
snyk-code,todos,CWE-122,216,2,8,CVE-2018-11798,7
snyk-code,todos,CWE-126,216,2,7,CVE-2018-3738,4
snyk-code,todos,CWE-326,216,2,6,CVE-2018-11798,5
snyk-code,todos,CWE-295,216,2,5,CVE-2018-11798,3
snyk-code,todos,CWE-730,216,2,3,CVE-2018-14380,2
snyk-code,todos,CWE-134,216,1,38,CVE-2019-10090,38
snyk-code,todos,CWE-415,216,1,29,CVE-2018-11798,29
snyk-code,todos,CWE-416,216,1,16,CVE-2018-11798,16
snyk-code,todos,CWE-943,216,1,13,CVE-2018-3783,13
snyk-code,todos,CWE-022,216,1,8,CVE-2018-20835,8
snyk-code,todos,CWE-098,216,1,4,CVE-2018-20801,4
snyk-code,todos,CWE-125,216,1,2,CVE-2018-11798,2
snyk-code,todos,CWE-787,216,1,2,CVE-2018-11798,2
snyk-code,todos,CWE-096,216,1,1,CVE-2020-15095,1
snyk-code,todos,CWE-117,216,1,1,CVE-2018-11798,1
snyk-code,todos,CWE-284,216,1,1,CVE-2018-6333,1
snyk-code,todos,CWE-297,216,1,1,CVE-2018-14380,1
snyk-code,todos,CWE-377,216,1,1,CVE-2018-6333,1
snyk-code,todos,CWE-501,216,1,1,CVE-2019-13127,1
snyk-code,todos,CWE-502,216,1,1,CVE-2019-10090,1
snyk-code,todos,CWE-643,216,1,1,CVE-2019-10785,1
snyk-code,todos,CWE-775,216,1,1,CVE-2018-11798,1
snyk-code,todos,SEM_CWE,216,0,0,,0
