check_id,languages,js_ts
bash.curl.security.curl-eval.curl-eval,bash,nao
bash.curl.security.curl-pipe-bash.curl-pipe-bash,bash,nao
bash.lang.security.ifs-tampering.ifs-tampering,bash,nao
c.lang.security.insecure-use-gets-fn.insecure-use-gets-fn,c,nao
c.lang.security.insecure-use-scanf-fn.insecure-use-scanf-fn,c,nao
c.lang.security.insecure-use-strtok-fn.insecure-use-strtok-fn,c,nao
c.lang.security.random-fd-exhaustion.random-fd-exhaustion,c,nao
clojure.lang.security.documentbuilderfactory-xxe.documentbuilderfactory-xxe,clojure,nao
clojure.lang.security.use-of-md5.use-of-md5,clojure,nao
clojure.lang.security.use-of-sha1.use-of-sha1,clojure,nao
csharp.dotnet.security.audit.mass-assignment.mass-assignment,csharp,nao
csharp.dotnet.security.mvc-missing-antiforgery.mvc-missing-antiforgery,csharp,nao
csharp.dotnet.security.net-webconfig-debug.net-webconfig-debug,generic,nao
csharp.dotnet.security.net-webconfig-trace-enabled.net-webconfig-trace-enabled,generic,nao
csharp.dotnet.security.razor-template-injection.razor-template-injection,csharp,nao
csharp.dotnet.security.use_ecb_mode.use_ecb_mode,csharp,nao
csharp.dotnet.security.use_weak_rng_for_keygeneration.use_weak_rng_for_keygeneration,csharp,nao
csharp.dotnet.security.web-config-insecure-cookie-settings.web-config-insecure-cookie-settings,generic,nao
csharp.lang.security.ad.jwt-tokenvalidationparameters-no-expiry-validation.jwt-tokenvalidationparameters-no-expiry-validation,csharp,nao
csharp.lang.security.cryptography.x509-subject-name-validation.X509-subject-name-validation,csharp,nao
csharp.lang.security.filesystem.unsafe-path-combine.unsafe-path-combine,csharp,nao
csharp.lang.security.http.http-listener-wildcard-bindings.http-listener-wildcard-bindings,c#,nao
csharp.lang.security.injections.os-command.os-command-injection,csharp,nao
csharp.lang.security.insecure-deserialization.binary-formatter.insecure-binaryformatter-deserialization,c#,nao
csharp.lang.security.insecure-deserialization.data-contract-resolver.data-contract-resolver,c#,nao
csharp.lang.security.insecure-deserialization.fast-json.insecure-fastjson-deserialization,c#,nao
csharp.lang.security.insecure-deserialization.fs-pickler.insecure-fspickler-deserialization,c#,nao
csharp.lang.security.insecure-deserialization.insecure-typefilterlevel-full.insecure-typefilterlevel-full,c#,nao
csharp.lang.security.insecure-deserialization.javascript-serializer.insecure-javascriptserializer-deserialization,c#,nao
csharp.lang.security.insecure-deserialization.los-formatter.insecure-losformatter-deserialization,c#,nao
csharp.lang.security.insecure-deserialization.net-data-contract.insecure-netdatacontract-deserialization,c#,nao
csharp.lang.security.insecure-deserialization.newtonsoft.insecure-newtonsoft-deserialization,csharp,nao
csharp.lang.security.insecure-deserialization.soap-formatter.insecure-soapformatter-deserialization,c#,nao
csharp.lang.security.memory.memory-marshal-create-span.memory-marshal-create-span,c#,nao
csharp.lang.security.regular-expression-dos.regular-expression-dos-infinite-timeout.regular-expression-dos-infinite-timeout,c#,nao
csharp.lang.security.regular-expression-dos.regular-expression-dos.regular-expression-dos,c#,nao
csharp.lang.security.sqli.csharp-sqli.csharp-sqli,csharp,nao
csharp.lang.security.ssrf.http-client.ssrf,csharp,nao
csharp.lang.security.ssrf.rest-client.ssrf,csharp,nao
csharp.lang.security.ssrf.web-client.ssrf,csharp,nao
csharp.lang.security.ssrf.web-request.ssrf,csharp,nao
csharp.lang.security.stacktrace-disclosure.stacktrace-disclosure,csharp,nao
csharp.lang.security.xxe.xmldocument-unsafe-parser-override.xmldocument-unsafe-parser-override,csharp,nao
csharp.lang.security.xxe.xmlreadersettings-unsafe-parser-override.xmlreadersettings-unsafe-parser-override,csharp,nao
csharp.lang.security.xxe.xmltextreader-unsafe-defaults.xmltextreader-unsafe-defaults,csharp,nao
dockerfile.audit.dockerfile-pip-extra-index-url.dockerfile-pip-extra-index-url,dockerfile,nao
dockerfile.security.dockerd-socket-mount.dockerfile-dockerd-socket-mount,dockerfile|yaml,nao
dockerfile.security.last-user-is-root.last-user-is-root,dockerfile,nao
dockerfile.security.missing-user-entrypoint.missing-user-entrypoint,dockerfile,nao
dockerfile.security.missing-user.missing-user,dockerfile,nao
dockerfile.security.no-sudo-in-dockerfile.no-sudo-in-dockerfile,dockerfile,nao
generic.ci.security.bash-reverse-shell.bash_reverse_shell,generic,nao
generic.nginx.security.alias-path-traversal.alias-path-traversal,generic,nao
generic.nginx.security.dynamic-proxy-host.dynamic-proxy-host,generic,nao
generic.nginx.security.dynamic-proxy-scheme.dynamic-proxy-scheme,generic,nao
generic.nginx.security.header-injection.header-injection,generic,nao
generic.nginx.security.header-redefinition.header-redefinition,generic,nao
generic.nginx.security.insecure-redirect.insecure-redirect,generic,nao
generic.nginx.security.insecure-ssl-version.insecure-ssl-version,generic,nao
generic.nginx.security.missing-internal.missing-internal,generic,nao
generic.nginx.security.missing-ssl-version.missing-ssl-version,generic,nao
generic.nginx.security.possible-h2c-smuggling.possible-nginx-h2c-smuggling,generic,nao
generic.secrets.security.detected-amazon-mws-auth-token.detected-amazon-mws-auth-token,regex,nao
generic.secrets.security.detected-artifactory-password.detected-artifactory-password,regex,nao
generic.secrets.security.detected-artifactory-token.detected-artifactory-token,regex,nao
generic.secrets.security.detected-aws-access-key-id-value.detected-aws-access-key-id-value,regex,nao
generic.secrets.security.detected-aws-appsync-graphql-key.detected-aws-appsync-graphql-key,regex,nao
generic.secrets.security.detected-aws-secret-access-key.detected-aws-secret-access-key,regex,nao
generic.secrets.security.detected-aws-session-token.detected-aws-session-token,regex,nao
generic.secrets.security.detected-bcrypt-hash.detected-bcrypt-hash,regex,nao
generic.secrets.security.detected-codeclimate.detected-codeclimate,regex,nao
generic.secrets.security.detected-etc-shadow.detected-etc-shadow,regex,nao
generic.secrets.security.detected-facebook-access-token.detected-facebook-access-token,regex,nao
generic.secrets.security.detected-facebook-oauth.detected-facebook-oauth,regex,nao
generic.secrets.security.detected-generic-api-key.detected-generic-api-key,regex,nao
generic.secrets.security.detected-generic-secret.detected-generic-secret,regex,nao
generic.secrets.security.detected-github-token.detected-github-token,generic,nao
generic.secrets.security.detected-google-oauth-access-token.detected-google-oauth-access-token,regex,nao
generic.secrets.security.detected-heroku-api-key.detected-heroku-api-key,regex,nao
generic.secrets.security.detected-hockeyapp.detected-hockeyapp,regex,nao
generic.secrets.security.detected-jwt-token.detected-jwt-token,regex,nao
generic.secrets.security.detected-kolide-api-key.detected-kolide-api-key,regex,nao
generic.secrets.security.detected-mailchimp-api-key.detected-mailchimp-api-key,regex,nao
generic.secrets.security.detected-mailgun-api-key.detected-mailgun-api-key,regex,nao
generic.secrets.security.detected-npm-registry-auth-token.detected-npm-registry-auth-token,generic,nao
generic.secrets.security.detected-onfido-live-api-token.detected-onfido-live-api-token,regex,nao
generic.secrets.security.detected-outlook-team.detected-outlook-team,regex,nao
generic.secrets.security.detected-paypal-braintree-access-token.detected-paypal-braintree-access-token,regex,nao
generic.secrets.security.detected-pgp-private-key-block.detected-pgp-private-key-block,regex,nao
generic.secrets.security.detected-picatic-api-key.detected-picatic-api-key,regex,nao
generic.secrets.security.detected-private-key.detected-private-key,generic,nao
generic.secrets.security.detected-sauce-token.detected-sauce-token,regex,nao
generic.secrets.security.detected-sendgrid-api-key.detected-sendgrid-api-key,regex,nao
generic.secrets.security.detected-slack-token.detected-slack-token,regex,nao
generic.secrets.security.detected-slack-webhook.detected-slack-webhook,regex,nao
generic.secrets.security.detected-snyk-api-key.detected-snyk-api-key,regex,nao
generic.secrets.security.detected-softlayer-api-key.detected-softlayer-api-key,regex,nao
generic.secrets.security.detected-sonarqube-docs-api-key.detected-sonarqube-docs-api-key,regex,nao
generic.secrets.security.detected-square-access-token.detected-square-access-token,regex,nao
generic.secrets.security.detected-square-oauth-secret.detected-square-oauth-secret,regex,nao
generic.secrets.security.detected-ssh-password.detected-ssh-password,regex,nao
generic.secrets.security.detected-stripe-api-key.detected-stripe-api-key,regex,nao
generic.secrets.security.detected-stripe-restricted-api-key.detected-stripe-restricted-api-key,regex,nao
generic.secrets.security.detected-telegram-bot-api-key.detected-telegram-bot-api-key,regex,nao
generic.secrets.security.detected-twilio-api-key.detected-twilio-api-key,regex,nao
generic.secrets.security.google-maps-apikeyleak.google-maps-apikeyleak,generic,nao
generic.unicode.security.bidi.contains-bidirectional-characters,bash|c|csharp|go|java|javascript|json|kotlin|lua|ocaml|php|python|ruby|rust|scala|sh|typescript|yaml,sim
generic.visualforce.security.ncino.html.usesriforcdns.use-SRI-for-CDNs,generic,nao
generic.visualforce.security.ncino.vf.xssfromunescapedurlparam.xss-from-unescaped-url-param,generic,nao
generic.visualforce.security.ncino.xml.cspheaderattribute.csp-header-attribute,generic,nao
generic.visualforce.security.ncino.xml.visualforceapiversion.visualforce-page-api-version,generic,nao
go.aws-lambda.security.database-sqli.database-sqli,go,nao
go.aws-lambda.security.tainted-sql-string.tainted-sql-string,go,nao
go.gorilla.security.audit.session-cookie-missing-httponly.session-cookie-missing-httponly,go,nao
go.gorilla.security.audit.session-cookie-missing-secure.session-cookie-missing-secure,go,nao
go.gorilla.security.audit.session-cookie-samesitenone.session-cookie-samesitenone,go,nao
go.gorilla.security.audit.websocket-missing-origin-check.websocket-missing-origin-check,go,nao
go.grpc.security.grpc-client-insecure-connection.grpc-client-insecure-connection,go,nao
go.grpc.security.grpc-server-insecure-connection.grpc-server-insecure-connection,go,nao
go.jwt-go.security.audit.jwt-parse-unverified.jwt-go-parse-unverified,go,nao
go.jwt-go.security.jwt-none-alg.jwt-go-none-algorithm,go,nao
go.jwt-go.security.jwt.hardcoded-jwt-key,go,nao
go.lang.security.audit.crypto.bad_imports.insecure-module-used,go,nao
go.lang.security.audit.crypto.insecure_ssh.avoid-ssh-insecure-ignore-host-key,go,nao
go.lang.security.audit.crypto.math_random.math-random-used,go,nao
go.lang.security.audit.crypto.missing-ssl-minversion.missing-ssl-minversion,go,nao
go.lang.security.audit.crypto.sha224-hash.sha224-hash,go,nao
go.lang.security.audit.crypto.ssl.ssl-v3-is-insecure,go,nao
go.lang.security.audit.crypto.tls.tls-with-insecure-cipher,go,nao
go.lang.security.audit.crypto.use_of_weak_crypto.use-of-DES,go,nao
go.lang.security.audit.crypto.use_of_weak_crypto.use-of-md5,go,nao
go.lang.security.audit.crypto.use_of_weak_crypto.use-of-rc4,go,nao
go.lang.security.audit.crypto.use_of_weak_crypto.use-of-sha1,go,nao
go.lang.security.audit.crypto.use_of_weak_rsa_key.use-of-weak-rsa-key,go,nao
go.lang.security.audit.dangerous-command-write.dangerous-command-write,go,nao
go.lang.security.audit.dangerous-exec-cmd.dangerous-exec-cmd,go,nao
go.lang.security.audit.dangerous-exec-command.dangerous-exec-command,go,nao
go.lang.security.audit.dangerous-syscall-exec.dangerous-syscall-exec,go,nao
go.lang.security.audit.database.string-formatted-query.string-formatted-query,go,nao
go.lang.security.audit.md5-used-as-password.md5-used-as-password,go,nao
go.lang.security.audit.net.bind_all.avoid-bind-to-all-interfaces,go,nao
go.lang.security.audit.net.cookie-missing-httponly.cookie-missing-httponly,go,nao
go.lang.security.audit.net.cookie-missing-secure.cookie-missing-secure,go,nao
go.lang.security.audit.net.dynamic-httptrace-clienttrace.dynamic-httptrace-clienttrace,go,nao
go.lang.security.audit.net.formatted-template-string.formatted-template-string,go,nao
go.lang.security.audit.net.pprof.pprof-debug-exposure,go,nao
go.lang.security.audit.net.unescaped-data-in-htmlattr.unescaped-data-in-htmlattr,go,nao
go.lang.security.audit.net.unescaped-data-in-js.unescaped-data-in-js,go,nao
go.lang.security.audit.net.unescaped-data-in-url.unescaped-data-in-url,go,nao
go.lang.security.audit.net.use-tls.use-tls,go,nao
go.lang.security.audit.net.wip-xss-using-responsewriter-and-printf.wip-xss-using-responsewriter-and-printf,go,nao
go.lang.security.audit.reflect-makefunc.reflect-makefunc,go,nao
go.lang.security.audit.sqli.gosql-sqli.gosql-sqli,go,nao
go.lang.security.audit.sqli.pg-orm-sqli.pg-orm-sqli,go,nao
go.lang.security.audit.sqli.pg-sqli.pg-sqli,go,nao
go.lang.security.audit.sqli.pgx-sqli.pgx-sqli,go,nao
go.lang.security.audit.unsafe-reflect-by-name.unsafe-reflect-by-name,go,nao
go.lang.security.audit.xss.import-text-template.import-text-template,go,nao
go.lang.security.audit.xss.no-direct-write-to-responsewriter.no-direct-write-to-responsewriter,go,nao
go.lang.security.audit.xss.no-fprintf-to-responsewriter.no-fprintf-to-responsewriter,go,nao
go.lang.security.audit.xss.no-interpolation-in-tag.no-interpolation-in-tag,generic,nao
go.lang.security.audit.xss.no-interpolation-js-template-string.no-interpolation-js-template-string,generic,nao
go.lang.security.audit.xss.no-io-writestring-to-responsewriter.no-io-writestring-to-responsewriter,go,nao
go.lang.security.audit.xss.no-printf-in-responsewriter.no-printf-in-responsewriter,go,nao
go.lang.security.audit.xss.template-html-does-not-escape.unsafe-template-type,go,nao
go.lang.security.bad_tmp.bad-tmp-file-creation,go,nao
go.lang.security.decompression_bomb.potential-dos-via-decompression-bomb,go,nao
go.lang.security.deserialization.unsafe-deserialization-interface.go-unsafe-deserialization-interface,go,nao
go.lang.security.filepath-clean-misuse.filepath-clean-misuse,go,nao
go.lang.security.injection.open-redirect.open-redirect,go,nao
go.lang.security.injection.raw-html-format.raw-html-format,go,nao
go.lang.security.injection.tainted-sql-string.tainted-sql-string,go,nao
go.lang.security.injection.tainted-url-host.tainted-url-host,go,nao
go.lang.security.reverseproxy-director.reverseproxy-director,go,nao
go.lang.security.zip.path-traversal-inside-zip-extraction,go,nao
go.otto.security.audit.dangerous-execution.dangerous-execution,go,nao
html.security.audit.missing-integrity.missing-integrity,generic,nao
html.security.plaintext-http-link.plaintext-http-link,html,nao
java.android.security.exported_activity.exported_activity,generic,nao
java.aws-lambda.security.tainted-sql-string.tainted-sql-string,java,nao
java.aws-lambda.security.tainted-sqli.tainted-sqli,java,nao
java.java-jwt.security.audit.jwt-decode-without-verify.java-jwt-decode-without-verify,java,nao
java.java-jwt.security.jwt-hardcode.java-jwt-hardcoded-secret,java,nao
java.java-jwt.security.jwt-none-alg.java-jwt-none-alg,java,nao
java.jax-rs.security.jax-rs-path-traversal.jax-rs-path-traversal,java,nao
java.jboss.security.seam-log-injection.seam-log-injection,java,nao
java.jboss.security.session_sqli.find-sql-string-concatenation,java,nao
java.jjwt.security.jwt-none-alg.jjwt-none-alg,java,nao
java.lang.security.audit.anonymous-ldap-bind.anonymous-ldap-bind,java,nao
java.lang.security.audit.bad-hexa-conversion.bad-hexa-conversion,java,nao
java.lang.security.audit.blowfish-insufficient-key-size.blowfish-insufficient-key-size,java,nao
java.lang.security.audit.cbc-padding-oracle.cbc-padding-oracle,java,nao
java.lang.security.audit.command-injection-formatted-runtime-call.command-injection-formatted-runtime-call,java,nao
java.lang.security.audit.command-injection-process-builder.command-injection-process-builder,java,nao
java.lang.security.audit.cookie-missing-httponly.cookie-missing-httponly,java,nao
java.lang.security.audit.cookie-missing-secure-flag.cookie-missing-secure-flag,java,nao
java.lang.security.audit.crlf-injection-logs.crlf-injection-logs,java,nao
java.lang.security.audit.crypto.des-is-deprecated.des-is-deprecated,java|kt,nao
java.lang.security.audit.crypto.desede-is-deprecated.desede-is-deprecated,java|kt,nao
java.lang.security.audit.crypto.ecb-cipher.ecb-cipher,java,nao
java.lang.security.audit.crypto.gcm-nonce-reuse.gcm-nonce-reuse,java,nao
java.lang.security.audit.crypto.no-null-cipher.no-null-cipher,java,nao
java.lang.security.audit.crypto.no-static-initialization-vector.no-static-initialization-vector,java,nao
java.lang.security.audit.crypto.rsa-no-padding.rsa-no-padding,java|kt,nao
java.lang.security.audit.crypto.ssl.avoid-implementing-custom-digests.avoid-implementing-custom-digests,java,nao
java.lang.security.audit.crypto.ssl.defaulthttpclient-is-deprecated.defaulthttpclient-is-deprecated,java,nao
java.lang.security.audit.crypto.ssl.insecure-hostname-verifier.insecure-hostname-verifier,java,nao
java.lang.security.audit.crypto.ssl.insecure-trust-manager.insecure-trust-manager,java,nao
java.lang.security.audit.crypto.unencrypted-socket.unencrypted-socket,java,nao
java.lang.security.audit.crypto.use-of-aes-ecb.use-of-aes-ecb,java,nao
java.lang.security.audit.crypto.use-of-blowfish.use-of-blowfish,java,nao
java.lang.security.audit.crypto.use-of-default-aes.use-of-default-aes,java,nao
java.lang.security.audit.crypto.use-of-md5-digest-utils.use-of-md5-digest-utils,java,nao
java.lang.security.audit.crypto.use-of-md5.use-of-md5,java,nao
java.lang.security.audit.crypto.use-of-rc2.use-of-rc2,java,nao
java.lang.security.audit.crypto.use-of-rc4.use-of-rc4,java,nao
java.lang.security.audit.crypto.use-of-sha1.use-of-sha1,java,nao
java.lang.security.audit.crypto.use-of-sha224.use-of-sha224,java,nao
java.lang.security.audit.crypto.weak-random.weak-random,java,nao
java.lang.security.audit.crypto.weak-rsa.use-of-weak-rsa-key,java,nao
java.lang.security.audit.dangerous-groovy-shell.dangerous-groovy-shell,java,nao
java.lang.security.audit.el-injection.el-injection,java,nao
java.lang.security.audit.formatted-sql-string.formatted-sql-string,java,nao
java.lang.security.audit.http-response-splitting.http-response-splitting,java,nao
java.lang.security.audit.insecure-smtp-connection.insecure-smtp-connection,java,nao
java.lang.security.audit.java-reverse-shell.java-reverse-shell,java,nao
java.lang.security.audit.jdbc-sql-formatted-string.jdbc-sql-formatted-string,java,nao
java.lang.security.audit.ldap-entry-poisoning.ldap-entry-poisoning,java,nao
java.lang.security.audit.ldap-injection.ldap-injection,java,nao
java.lang.security.audit.md5-used-as-password.md5-used-as-password,java,nao
java.lang.security.audit.object-deserialization.object-deserialization,java,nao
java.lang.security.audit.ognl-injection.ognl-injection,java,nao
java.lang.security.audit.overly-permissive-file-permission.overly-permissive-file-permission,java,nao
java.lang.security.audit.permissive-cors.permissive-cors,java,nao
java.lang.security.audit.script-engine-injection.script-engine-injection,java,nao
java.lang.security.audit.sqli.hibernate-sqli.hibernate-sqli,java,nao
java.lang.security.audit.sqli.jdbc-sqli.jdbc-sqli,java,nao
java.lang.security.audit.sqli.jdo-sqli.jdo-sqli,java,nao
java.lang.security.audit.sqli.jpa-sqli.jpa-sqli,java,nao
java.lang.security.audit.sqli.tainted-sql-from-http-request.tainted-sql-from-http-request,java,nao
java.lang.security.audit.sqli.turbine-sqli.turbine-sqli,java,nao
java.lang.security.audit.sqli.vertx-sqli.vertx-sqli,java,nao
java.lang.security.audit.tainted-cmd-from-http-request.tainted-cmd-from-http-request,java,nao
java.lang.security.audit.tainted-env-from-http-request.tainted-env-from-http-request,java,nao
java.lang.security.audit.tainted-ldapi-from-http-request.tainted-ldapi-from-http-request,java,nao
java.lang.security.audit.tainted-session-from-http-request.tainted-session-from-http-request,java,nao
java.lang.security.audit.tainted-xpath-from-http-request.tainted-xpath-from-http-request,java,nao
java.lang.security.audit.unsafe-reflection.unsafe-reflection,java,nao
java.lang.security.audit.unvalidated-redirect.unvalidated-redirect,java,nao
java.lang.security.audit.url-rewriting.url-rewriting,java,nao
java.lang.security.audit.weak-ssl-context.weak-ssl-context,java,nao
java.lang.security.audit.xml-decoder.xml-decoder,java,nao
java.lang.security.audit.xss.jsf.autoescape-disabled.autoescape-disabled,regex,nao
java.lang.security.audit.xss.no-direct-response-writer.no-direct-response-writer,java,nao
java.lang.security.audit.xssrequestwrapper-is-insecure.xssrequestwrapper-is-insecure,java,nao
java.lang.security.audit.xxe.documentbuilderfactory-disallow-doctype-decl-false.documentbuilderfactory-disallow-doctype-decl-false,java,nao
java.lang.security.audit.xxe.documentbuilderfactory-disallow-doctype-decl-missing.documentbuilderfactory-disallow-doctype-decl-missing,java,nao
java.lang.security.audit.xxe.documentbuilderfactory-external-general-entities-true.documentbuilderfactory-external-general-entities-true,java,nao
java.lang.security.audit.xxe.documentbuilderfactory-external-parameter-entities-true.documentbuilderfactory-external-parameter-entities-true,java,nao
java.lang.security.audit.xxe.saxparserfactory-disallow-doctype-decl-missing.saxparserfactory-disallow-doctype-decl-missing,java,nao
java.lang.security.audit.xxe.transformerfactory-dtds-not-disabled.transformerfactory-dtds-not-disabled,java,nao
java.lang.security.do-privileged-use.do-privileged-use,java,nao
java.lang.security.httpservlet-path-traversal.httpservlet-path-traversal,java,nao
java.lang.security.insecure-jms-deserialization.insecure-jms-deserialization,java,nao
java.lang.security.jackson-unsafe-deserialization.jackson-unsafe-deserialization,java,nao
java.lang.security.servletresponse-writer-xss.servletresponse-writer-xss,java,nao
java.lang.security.use-snakeyaml-constructor.use-snakeyaml-constructor,java,nao
java.lang.security.xmlinputfactory-external-entities-enabled.xmlinputfactory-external-entities-enabled,java,nao
java.lang.security.xmlinputfactory-possible-xxe.xmlinputfactory-possible-xxe,java,nao
java.rmi.security.server-dangerous-class-deserialization.server-dangerous-class-deserialization,java,nao
java.rmi.security.server-dangerous-object-deserialization.server-dangerous-object-deserialization,java,nao
java.servlets.security.cookie-issecure-false.cookie-issecure-false,java,nao
java.spring.security.audit.spel-injection.spel-injection,java,nao
java.spring.security.audit.spring-actuator-fully-enabled.spring-actuator-fully-enabled,generic,nao
java.spring.security.audit.spring-csrf-disabled.spring-csrf-disabled,java,nao
java.spring.security.audit.spring-jsp-eval.spring-jsp-eval,generic,nao
java.spring.security.audit.spring-sqli.spring-sqli,java,nao
java.spring.security.audit.spring-unvalidated-redirect.spring-unvalidated-redirect,java,nao
java.spring.security.injection.tainted-file-path.tainted-file-path,java,nao
java.spring.security.injection.tainted-html-string.tainted-html-string,java,nao
java.spring.security.injection.tainted-sql-string.tainted-sql-string,java,nao
java.spring.security.injection.tainted-system-command.tainted-system-command,java,nao
java.spring.security.injection.tainted-url-host.tainted-url-host,java,nao
java.spring.security.unrestricted-request-mapping.unrestricted-request-mapping,java,nao
javascript.ajv.security.audit.ajv-allerrors-true.ajv-allerrors-true,javascript|typescript,sim
javascript.angular.security.detect-angular-element-methods.detect-angular-element-methods,javascript|typescript,sim
javascript.angular.security.detect-angular-element-taint.detect-angular-element-taint,javascript|typescript,sim
javascript.angular.security.detect-angular-resource-loading.detect-angular-resource-loading,javascript|typescript,sim
javascript.angular.security.detect-angular-sce-disabled.detect-angular-sce-disabled,javascript|typescript,sim
javascript.angular.security.detect-angular-trust-as-css.detect-angular-trust-as-css-method,javascript|typescript,sim
javascript.angular.security.detect-angular-trust-as-html-method.detect-angular-trust-as-html-method,javascript|typescript,sim
javascript.angular.security.detect-angular-trust-as-js-method.detect-angular-trust-as-js-method,javascript|typescript,sim
javascript.angular.security.detect-angular-trust-as-method.detect-angular-trust-as-method,javascript|typescript,sim
javascript.angular.security.detect-angular-trust-as-resourceurl-method.detect-angular-trust-as-resourceurl-method,javascript|typescript,sim
javascript.angular.security.detect-angular-trust-as-url-method.detect-angular-trust-as-url-method,javascript|typescript,sim
javascript.angular.security.detect-third-party-angular-translate.detect-angular-translateprovider-translations-method,javascript,sim
javascript.apollo.security.apollo-axios-ssrf.apollo-axios-ssrf,javascript,sim
javascript.argon2.security.unsafe-argon2-config.unsafe-argon2-config,javascript|typescript,sim
javascript.audit.detect-replaceall-sanitization.detect-replaceall-sanitization,javascript|typescript,sim
javascript.aws-lambda.security.detect-child-process.detect-child-process,javascript|typescript,sim
javascript.aws-lambda.security.dynamodb-request-object.dynamodb-request-object,javascript|typescript,sim
javascript.aws-lambda.security.knex-sqli.knex-sqli,javascript|typescript,sim
javascript.aws-lambda.security.mysql-sqli.mysql-sqli,javascript|typescript,sim
javascript.aws-lambda.security.pg-sqli.pg-sqli,javascript|typescript,sim
javascript.aws-lambda.security.sequelize-sqli.sequelize-sqli,javascript|typescript,sim
javascript.aws-lambda.security.tainted-eval.tainted-eval,javascript|typescript,sim
javascript.aws-lambda.security.tainted-html-response.tainted-html-response,javascript|typescript,sim
javascript.aws-lambda.security.tainted-html-string.tainted-html-string,javascript|typescript,sim
javascript.aws-lambda.security.vm-runincontext-injection.vm-runincontext-injection,javascript|typescript,sim
javascript.bluebird.security.audit.tofastproperties-code-execution.tofastproperties-code-execution,javascript|typescript,sim
javascript.browser.security.eval-detected.eval-detected,javascript|typescript,sim
javascript.browser.security.insufficient-postmessage-origin-validation.insufficient-postmessage-origin-validation,javascript|typescript,sim
javascript.browser.security.open-redirect.js-open-redirect,javascript|typescript,sim
javascript.browser.security.raw-html-concat.raw-html-concat,javascript|typescript,sim
javascript.browser.security.wildcard-postmessage-configuration.wildcard-postmessage-configuration,javascript|typescript,sim
javascript.chrome-remote-interface.security.audit.chrome-remote-interface-compilescript-injection.chrome-remote-interface-compilescript-injection,javascript|typescript,sim
javascript.deno.security.audit.deno-dangerous-run.deno-dangerous-run,javascript|typescript,sim
javascript.express.security.audit.express-check-csurf-middleware-usage.express-check-csurf-middleware-usage,javascript|typescript,sim
javascript.express.security.audit.express-check-directory-listing.express-check-directory-listing,javascript|typescript,sim
javascript.express.security.audit.express-cookie-settings.express-cookie-session-default-name,javascript|typescript,sim
javascript.express.security.audit.express-cookie-settings.express-cookie-session-no-domain,javascript|typescript,sim
javascript.express.security.audit.express-cookie-settings.express-cookie-session-no-expires,javascript|typescript,sim
javascript.express.security.audit.express-cookie-settings.express-cookie-session-no-httponly,javascript|typescript,sim
javascript.express.security.audit.express-cookie-settings.express-cookie-session-no-path,javascript|typescript,sim
javascript.express.security.audit.express-cookie-settings.express-cookie-session-no-secure,javascript|typescript,sim
javascript.express.security.audit.express-detect-notevil-usage.express-detect-notevil-usage,javascript|typescript,sim
javascript.express.security.audit.express-jwt-not-revoked.express-jwt-not-revoked,javascript|typescript,sim
javascript.express.security.audit.express-libxml-noent.express-libxml-noent,javascript|typescript,sim
javascript.express.security.audit.express-libxml-vm-noent.express-libxml-vm-noent,javascript|typescript,sim
javascript.express.security.audit.express-open-redirect.express-open-redirect,javascript|typescript,sim
javascript.express.security.audit.express-path-join-resolve-traversal.express-path-join-resolve-traversal,javascript|typescript,sim
javascript.express.security.audit.express-res-sendfile.express-res-sendfile,javascript|typescript,sim
javascript.express.security.audit.express-session-hardcoded-secret.express-session-hardcoded-secret,javascript|typescript,sim
javascript.express.security.audit.express-ssrf.express-ssrf,javascript|typescript,sim
javascript.express.security.audit.express-third-party-object-deserialization.express-third-party-object-deserialization,javascript|typescript,sim
javascript.express.security.audit.express-xml2json-xxe-event.express-xml2json-xxe-event,javascript|typescript,sim
javascript.express.security.audit.remote-property-injection.remote-property-injection,javascript|typescript,sim
javascript.express.security.audit.res-render-injection.res-render-injection,javascript|typescript,sim
javascript.express.security.audit.xss.direct-response-write.direct-response-write,javascript|typescript,sim
javascript.express.security.audit.xss.ejs.explicit-unescape.template-explicit-unescape,regex,nao
javascript.express.security.audit.xss.ejs.var-in-script-src.var-in-script-src,generic,nao
javascript.express.security.audit.xss.ejs.var-in-script-tag.var-in-script-tag,generic,nao
javascript.express.security.audit.xss.mustache.escape-function-overwrite.escape-function-overwrite,javascript|typescript,sim
javascript.express.security.audit.xss.mustache.explicit-unescape.template-explicit-unescape,regex,nao
javascript.express.security.audit.xss.pug.and-attributes.template-and-attributes,regex,nao
javascript.express.security.audit.xss.pug.explicit-unescape.template-explicit-unescape,regex,nao
javascript.express.security.audit.xss.pug.var-in-href.var-in-href,regex,nao
javascript.express.security.audit.xss.pug.var-in-script-tag.var-in-script-tag,regex,nao
javascript.express.security.cors-misconfiguration.cors-misconfiguration,javascript|typescript,sim
javascript.express.security.express-data-exfiltration.express-data-exfiltration,javascript|typescript,sim
javascript.express.security.express-expat-xxe.express-expat-xxe,javascript|typescript,sim
javascript.express.security.express-insecure-template-usage.express-insecure-template-usage,javascript|typescript,sim
javascript.express.security.express-jwt-hardcoded-secret.express-jwt-hardcoded-secret,javascript|typescript,sim
javascript.express.security.express-phantom-injection.express-phantom-injection,javascript|typescript,sim
javascript.express.security.express-puppeteer-injection.express-puppeteer-injection,javascript|typescript,sim
javascript.express.security.express-sandbox-injection.express-sandbox-code-injection,javascript|typescript,sim
javascript.express.security.express-vm-injection.express-vm-injection,javascript|typescript,sim
javascript.express.security.express-vm2-injection.express-vm2-injection,javascript|typescript,sim
javascript.express.security.express-wkhtml-injection.express-wkhtmltoimage-injection,javascript|typescript,sim
javascript.express.security.express-wkhtml-injection.express-wkhtmltopdf-injection,javascript|typescript,sim
javascript.express.security.express-xml2json-xxe.express-xml2json-xxe,javascript|typescript,sim
javascript.express.security.injection.raw-html-format.raw-html-format,javascript|typescript,sim
javascript.express.security.require-request.require-request,javascript|typescript,sim
javascript.express.security.x-frame-options-misconfiguration.x-frame-options-misconfiguration,javascript|typescript,sim
javascript.fbjs.security.audit.insecure-createnodesfrommarkup.insecure-createnodesfrommarkup,javascript|typescript,sim
javascript.grpc.security.grpc-nodejs-insecure-connection.grpc-nodejs-insecure-connection,javascript|typescript,sim
javascript.intercom.security.audit.intercom-settings-user-identifier-without-user-hash.intercom-settings-user-identifier-without-user-hash,js,sim
javascript.jose.security.audit.jose-exposed-data.jose-exposed-data,javascript|typescript,sim
javascript.jose.security.jwt-hardcode.hardcoded-jwt-secret,javascript|typescript,sim
javascript.jose.security.jwt-none-alg.jwt-none-alg,javascript|typescript,sim
javascript.jsonwebtoken.security.audit.jwt-decode-without-verify.jwt-decode-without-verify,javascript|typescript,sim
javascript.jsonwebtoken.security.audit.jwt-exposed-data.jwt-exposed-data,javascript|typescript,sim
javascript.jsonwebtoken.security.jwt-hardcode.hardcoded-jwt-secret,javascript|typescript,sim
javascript.jsonwebtoken.security.jwt-none-alg.jwt-none-alg,javascript|typescript,sim
javascript.jwt-simple.security.jwt-simple-noverify.jwt-simple-noverify,javascript|typescript,sim
javascript.lang.security.audit.code-string-concat.code-string-concat,javascript|typescript,sim
javascript.lang.security.audit.dangerous-spawn-shell.dangerous-spawn-shell,javascript|typescript,sim
javascript.lang.security.audit.detect-non-literal-regexp.detect-non-literal-regexp,javascript|typescript,sim
javascript.lang.security.audit.hardcoded-hmac-key.hardcoded-hmac-key,javascript|typescript,sim
javascript.lang.security.audit.incomplete-sanitization.incomplete-sanitization,javascript|typescript,sim
javascript.lang.security.audit.md5-used-as-password.md5-used-as-password,javascript,sim
javascript.lang.security.audit.path-traversal.path-join-resolve-traversal.path-join-resolve-traversal,javascript|typescript,sim
javascript.lang.security.audit.prototype-pollution.prototype-pollution-loop.prototype-pollution-loop,javascript|typescript,sim
javascript.lang.security.audit.spawn-shell-true.spawn-shell-true,javascript|typescript,sim
javascript.lang.security.audit.sqli.node-knex-sqli.node-knex-sqli,javascript|typescript,sim
javascript.lang.security.audit.sqli.node-mssql-sqli.node-mssql-sqli,javascript|typescript,sim
javascript.lang.security.audit.sqli.node-mysql-sqli.node-mysql-sqli,javascript|typescript,sim
javascript.lang.security.audit.sqli.node-postgres-sqli.node-postgres-sqli,javascript|typescript,sim
javascript.lang.security.audit.unknown-value-with-script-tag.unknown-value-with-script-tag,javascript|typescript,sim
javascript.lang.security.audit.unsafe-formatstring.unsafe-formatstring,javascript|typescript,sim
javascript.lang.security.detect-buffer-noassert.detect-buffer-noassert,javascript|typescript,sim
javascript.lang.security.detect-child-process.detect-child-process,javascript|typescript,sim
javascript.lang.security.detect-disable-mustache-escape.detect-disable-mustache-escape,javascript|typescript,sim
javascript.lang.security.detect-eval-with-expression.detect-eval-with-expression,javascript|typescript,sim
javascript.lang.security.detect-insecure-websocket.detect-insecure-websocket,regex,nao
javascript.lang.security.detect-no-csrf-before-method-override.detect-no-csrf-before-method-override,javascript|typescript,sim
javascript.lang.security.detect-pseudorandombytes.detect-pseudoRandomBytes,javascript|typescript,sim
javascript.lang.security.insecure-object-assign.insecure-object-assign,javascript|typescript,sim
javascript.lang.security.spawn-git-clone.spawn-git-clone,javascript|typescript,sim
javascript.monaco-editor.security.audit.monaco-hover-htmlsupport.monaco-hover-htmlsupport,javascript|typescript,sim
javascript.node-crypto.security.aead-no-final.aead-no-final,javascript|typescript,sim
javascript.node-crypto.security.create-de-cipher-no-iv.create-de-cipher-no-iv,javascript|typescript,sim
javascript.node-crypto.security.gcm-no-tag-length.gcm-no-tag-length,javascript|typescript,sim
javascript.node-expat.security.audit.expat-xxe.expat-xxe,javascript|typescript,sim
javascript.passport-jwt.security.passport-hardcode.hardcoded-passport-secret,javascript|typescript,sim
javascript.phantom.security.audit.phantom-injection.phantom-injection,javascript|typescript,sim
javascript.playwright.security.audit.playwright-addinitscript-code-injection.playwright-addinitscript-code-injection,javascript|typescript,sim
javascript.playwright.security.audit.playwright-evaluate-arg-injection.playwright-evaluate-arg-injection,javascript|typescript,sim
javascript.playwright.security.audit.playwright-evaluate-code-injection.playwright-evaluate-code-injection,javascript|typescript,sim
javascript.playwright.security.audit.playwright-exposed-chrome-devtools.playwright-exposed-chrome-devtools,javascript|typescript,sim
javascript.playwright.security.audit.playwright-goto-injection.playwright-goto-injection,javascript|typescript,sim
javascript.playwright.security.audit.playwright-setcontent-injection.playwright-setcontent-injection,javascript|typescript,sim
javascript.puppeteer.security.audit.puppeteer-evaluate-arg-injection.puppeteer-evaluate-arg-injection,javascript|typescript,sim
javascript.puppeteer.security.audit.puppeteer-evaluate-code-injection.puppeteer-evaluate-code-injection,javascript|typescript,sim
javascript.puppeteer.security.audit.puppeteer-exposed-chrome-devtools.puppeteer-exposed-chrome-devtools,javascript|typescript,sim
javascript.puppeteer.security.audit.puppeteer-goto-injection.puppeteer-goto-injection,javascript|typescript,sim
javascript.puppeteer.security.audit.puppeteer-setcontent-injection.puppeteer-setcontent-injection,javascript|typescript,sim
javascript.sandbox.security.audit.sandbox-code-injection.sandbox-code-injection,javascript|typescript,sim
javascript.sax.security.audit.sax-xxe.sax-xxe,javascript|typescript,sim
javascript.sequelize.security.audit.sequelize-enforce-tls.sequelize-enforce-tls,javascript|typescript,sim
javascript.sequelize.security.audit.sequelize-injection-express.express-sequelize-injection,javascript|typescript,sim
javascript.sequelize.security.audit.sequelize-tls-disabled-cert-validation.sequelize-tls-disabled-cert-validation,javascript|typescript,sim
javascript.sequelize.security.audit.sequelize-weak-tls-version.sequelize-weak-tls-version,javascript|typescript,sim
javascript.serialize-javascript.security.audit.unsafe-serialize-javascript.unsafe-serialize-javascript,javascript|typescript,sim
javascript.shelljs.security.shelljs-exec-injection.shelljs-exec-injection,javascript|typescript,sim
javascript.thenify.security.audit.multiargs-code-execution.multiargs-code-execution,javascript|typescript,sim
javascript.vm2.security.audit.vm2-code-injection.vm2-code-injection,javascript|typescript,sim
javascript.vm2.security.audit.vm2-context-injection.vm2-context-injection,javascript|typescript,sim
javascript.vue.security.audit.xss.templates.avoid-v-html.avoid-v-html,regex,nao
javascript.wkhtmltoimage.security.audit.wkhtmltoimage-injection.wkhtmltoimage-injection,javascript|typescript,sim
javascript.wkhtmltopdf.security.audit.wkhtmltopdf-injection.wkhtmltopdf-injection,javascript|typescript,sim
javascript.xml2json.security.audit.xml2json-xxe.xml2json-xxe,javascript|typescript,sim
json.aws.security.public-s3-bucket.public-s3-bucket,json,nao
json.aws.security.public-s3-policy-statement.public-s3-policy-statement,json,nao
json.aws.security.wildcard-assume-role.wildcard-assume-role,json,nao
kotlin.gradle.security.build-gradle-password-hardcoded.build-gradle-password-hardcoded,kotlin,nao
kotlin.lang.security.anonymous-ldap-bind.anonymous-ldap-bind,kt,nao
kotlin.lang.security.bad-hexa-conversion.bad-hexa-conversion,kt,nao
kotlin.lang.security.command-injection-formatted-runtime-call.command-injection-formatted-runtime-call,kt,nao
kotlin.lang.security.cookie-missing-httponly.cookie-missing-httponly,kt,nao
kotlin.lang.security.cookie-missing-secure-flag.cookie-missing-secure-flag,kt,nao
kotlin.lang.security.defaulthttpclient-is-deprecated.defaulthttpclient-is-deprecated,kt,nao
kotlin.lang.security.ecb-cipher.ecb-cipher,kt,nao
kotlin.lang.security.gcm-detection.gcm-detection,kt,nao
kotlin.lang.security.no-null-cipher.no-null-cipher,kt|scala,nao
kotlin.lang.security.unencrypted-socket.unencrypted-socket,kt,nao
kotlin.lang.security.use-of-md5.use-of-md5,kt,nao
kotlin.lang.security.use-of-sha1.use-of-sha1,kt,nao
kotlin.lang.security.weak-rsa.use-of-weak-rsa-key,kt,nao
ocaml.lang.compatibility.deprecated.deprecated-pervasives,ocaml,nao
ocaml.lang.portability.crlf-support.broken-input-line,ocaml,nao
ocaml.lang.portability.crlf-support.prefer-read-in-binary-mode,ocaml,nao
ocaml.lang.portability.crlf-support.prefer-write-in-binary-mode,ocaml,nao
ocaml.lang.portability.slash-tmp.not-portable-tmp-string,ocaml,nao
ocaml.lang.security.unsafe.ocamllint-unsafe,ocaml,nao
package_managers.bun.bun-missing-minimum-release-age.bun-missing-minimum-release-age,generic,nao
package_managers.dependabot.dependabot-missing-cooldown.dependabot-missing-cooldown,yaml,nao
package_managers.npm.npm-missing-minimum-release-age.npm-missing-minimum-release-age,generic,nao
package_managers.pnpm.pnpm-block-exotic-sub-dependencies.pnpm-block-exotic-sub-dependencies,yaml,nao
package_managers.pnpm.pnpm-missing-minimum-release-age.pnpm-minimum-release-age,yaml,nao
package_managers.pnpm.pnpm-trust-policy.pnpm-trust-policy,yaml,nao
package_managers.poetry.poetry-missing-solver-min-release-age.poetry-missing-solver-min-release-age,generic,nao
package_managers.renovate.renovate-missing-minimum-release-age.renovate-missing-minimum-release-age,json,nao
package_managers.ruby.bundler-gemfile-missing-cooldown.bundler-gemfile-missing-cooldown,ruby,nao
package_managers.uv.uv-missing-dependency-cooldown.uv-missing-dependency-cooldown,generic,nao
package_managers.yarn.yarn-missing-minimal-age-gate.yarn-missing-minimal-age-gate,yaml,nao
php.doctrine.security.audit.doctrine-dbal-dangerous-query.doctrine-dbal-dangerous-query,php,nao
php.doctrine.security.audit.doctrine-orm-dangerous-query.doctrine-orm-dangerous-query,php,nao
php.lang.security.assert-use.assert-use,php,nao
php.lang.security.audit.openssl-decrypt-validate.openssl-decrypt-validate,php,nao
php.lang.security.audit.sha224-hash.sha224-hash,php,nao
php.lang.security.backticks-use.backticks-use,php,nao
php.lang.security.base-convert-loses-precision.base-convert-loses-precision,php,nao
php.lang.security.curl-ssl-verifypeer-off.curl-ssl-verifypeer-off,php,nao
php.lang.security.deserialization.extract-user-data,php,nao
php.lang.security.eval-use.eval-use,php,nao
php.lang.security.exec-use.exec-use,php,nao
php.lang.security.ftp-use.ftp-use,php,nao
php.lang.security.injection.printed-request.printed-request,php,nao
php.lang.security.injection.tainted-callable.tainted-callable,php,nao
php.lang.security.injection.tainted-exec.tainted-exec,php,nao
php.lang.security.injection.tainted-filename.tainted-filename,php,nao
php.lang.security.injection.tainted-object-instantiation.tainted-object-instantiation,php,nao
php.lang.security.injection.tainted-session.tainted-session,php,nao
php.lang.security.injection.tainted-sql-string.tainted-sql-string,php,nao
php.lang.security.injection.tainted-url-host.tainted-url-host,php,nao
php.lang.security.ldap-bind-without-password.ldap-bind-without-password,php,nao
php.lang.security.mb-ereg-replace-eval.mb-ereg-replace-eval,php,nao
php.lang.security.mcrypt-use.mcrypt-use,php,nao
php.lang.security.md5-loose-equality.md5-loose-equality,php,nao
php.lang.security.md5-used-as-password.md5-used-as-password,php,nao
php.lang.security.openssl-cbc-static-iv.openssl-cbc-static-iv,php,nao
php.lang.security.php-permissive-cors.php-permissive-cors,php,nao
php.lang.security.phpinfo-use.phpinfo-use,php,nao
php.lang.security.tainted-exec.tainted-exec,php,nao
php.lang.security.unlink-use.unlink-use,php,nao
php.lang.security.unserialize-use.unserialize-use,php,nao
php.laravel.security.laravel-api-route-sql-injection.laravel-api-route-sql-injection,php,nao
php.laravel.security.laravel-sql-injection.laravel-sql-injection,php,nao
php.laravel.security.laravel-unsafe-validator.laravel-unsafe-validator,php,nao
php.symfony.security.audit.symfony-csrf-protection-disabled.symfony-csrf-protection-disabled,php,nao
php.symfony.security.audit.symfony-non-literal-redirect.symfony-non-literal-redirect,php,nao
php.symfony.security.audit.symfony-permissive-cors.symfony-permissive-cors,php,nao
php.wordpress-plugins.security.audit.wp-ssrf-audit.wp-ssrf-audit,php,nao
problem-based-packs.insecure-transport.go-stdlib.bypass-tls-verification.bypass-tls-verification,go,nao
problem-based-packs.insecure-transport.go-stdlib.disallow-old-tls-versions.disallow-old-tls-versions,go,nao
problem-based-packs.insecure-transport.go-stdlib.ftp-request.ftp-request,go,nao
problem-based-packs.insecure-transport.go-stdlib.gorequest-http-request.gorequest-http-request,go,nao
problem-based-packs.insecure-transport.go-stdlib.grequests-http-request.grequests-http-request,go,nao
problem-based-packs.insecure-transport.go-stdlib.http-customized-request.http-customized-request,go,nao
problem-based-packs.insecure-transport.go-stdlib.http-request.http-request,go,nao
problem-based-packs.insecure-transport.go-stdlib.sling-http-request.sling-http-request,go,nao
problem-based-packs.insecure-transport.go-stdlib.telnet-request.telnet-request,go,nao
problem-based-packs.insecure-transport.java-spring.bypass-tls-verification.bypass-tls-verification,java,nao
problem-based-packs.insecure-transport.java-spring.spring-ftp-request.spring-ftp-request,java,nao
problem-based-packs.insecure-transport.java-spring.spring-http-request.spring-http-request,java,nao
problem-based-packs.insecure-transport.java-stdlib.bypass-tls-verification.bypass-tls-verification,java,nao
problem-based-packs.insecure-transport.java-stdlib.disallow-old-tls-versions1.disallow-old-tls-versions1,java,nao
problem-based-packs.insecure-transport.java-stdlib.disallow-old-tls-versions2.disallow-old-tls-versions2,java,nao
problem-based-packs.insecure-transport.java-stdlib.ftp-request.ftp-request,java,nao
problem-based-packs.insecure-transport.java-stdlib.http-components-request.http-components-request,java,nao
problem-based-packs.insecure-transport.java-stdlib.httpclient-http-request.httpclient-http-request,java,nao
problem-based-packs.insecure-transport.java-stdlib.httpget-http-request.httpget-http-request,java,nao
problem-based-packs.insecure-transport.java-stdlib.httpurlconnection-http-request.httpurlconnection-http-request,java,nao
problem-based-packs.insecure-transport.java-stdlib.socket-request.socket-request,java,nao
problem-based-packs.insecure-transport.java-stdlib.telnet-request.telnet-request,java,nao
problem-based-packs.insecure-transport.java-stdlib.tls-renegotiation.tls-renegotiation,java,nao
problem-based-packs.insecure-transport.java-stdlib.unirest-http-request.unirest-http-request,java,nao
problem-based-packs.insecure-transport.js-node.bypass-tls-verification.bypass-tls-verification,javascript|typescript,sim
problem-based-packs.insecure-transport.js-node.disallow-old-tls-versions1.disallow-old-tls-versions1,javascript|typescript,sim
problem-based-packs.insecure-transport.js-node.disallow-old-tls-versions2.disallow-old-tls-versions2,javascript|typescript,sim
problem-based-packs.insecure-transport.js-node.ftp-request.ftp-request,javascript|typescript,sim
problem-based-packs.insecure-transport.js-node.http-request.http-request,javascript,sim
problem-based-packs.insecure-transport.js-node.rest-http-client-support.rest-http-client-support,javascript,sim
problem-based-packs.insecure-transport.js-node.telnet-request.telnet-request,javascript,sim
problem-based-packs.insecure-transport.js-node.using-http-server.using-http-server,javascript,sim
problem-based-packs.insecure-transport.ruby-stdlib.http-client-requests.http-client-requests,ruby,nao
problem-based-packs.insecure-transport.ruby-stdlib.net-ftp-request.net-ftp-request,ruby,nao
problem-based-packs.insecure-transport.ruby-stdlib.net-http-request.net-http-request,ruby,nao
problem-based-packs.insecure-transport.ruby-stdlib.net-telnet-request.net-telnet-request,ruby,nao
problem-based-packs.insecure-transport.ruby-stdlib.openuri-request.openuri-request,ruby,nao
python.airflow.security.audit.formatted-string-bashoperator.formatted-string-bashoperator,python,nao
python.aws-lambda.security.dangerous-asyncio-create-exec.dangerous-asyncio-create-exec,python,nao
python.aws-lambda.security.dangerous-asyncio-exec.dangerous-asyncio-exec,python,nao
python.aws-lambda.security.dangerous-asyncio-shell.dangerous-asyncio-shell,python,nao
python.aws-lambda.security.dangerous-spawn-process.dangerous-spawn-process,python,nao
python.aws-lambda.security.dangerous-subprocess-use.dangerous-subprocess-use,python,nao
python.aws-lambda.security.dangerous-system-call.dangerous-system-call,python,nao
python.aws-lambda.security.dynamodb-filter-injection.dynamodb-filter-injection,python,nao
python.aws-lambda.security.mysql-sqli.mysql-sqli,python,nao
python.aws-lambda.security.psycopg-sqli.psycopg-sqli,python,nao
python.aws-lambda.security.pymssql-sqli.pymssql-sqli,python,nao
python.aws-lambda.security.pymysql-sqli.pymysql-sqli,python,nao
python.aws-lambda.security.sqlalchemy-sqli.sqlalchemy-sqli,python,nao
python.aws-lambda.security.tainted-code-exec.tainted-code-exec,python,nao
python.aws-lambda.security.tainted-html-response.tainted-html-response,python,nao
python.aws-lambda.security.tainted-html-string.tainted-html-string,python,nao
python.aws-lambda.security.tainted-pickle-deserialization.tainted-pickle-deserialization,python,nao
python.aws-lambda.security.tainted-sql-string.tainted-sql-string,python,nao
python.boto3.security.hardcoded-token.hardcoded-token,python,nao
python.cryptography.security.empty-aes-key.empty-aes-key,python,nao
python.cryptography.security.insecure-cipher-algorithms-arc4.insecure-cipher-algorithm-arc4,python,nao
python.cryptography.security.insecure-cipher-algorithms-blowfish.insecure-cipher-algorithm-blowfish,python,nao
python.cryptography.security.insecure-cipher-algorithms.insecure-cipher-algorithm-idea,python,nao
python.cryptography.security.insecure-cipher-mode-ecb.insecure-cipher-mode-ecb,python,nao
python.cryptography.security.insecure-hash-algorithms-md5.insecure-hash-algorithm-md5,python,nao
python.cryptography.security.insecure-hash-algorithms.insecure-hash-algorithm-sha1,python,nao
python.cryptography.security.insufficient-dsa-key-size.insufficient-dsa-key-size,python,nao
python.cryptography.security.insufficient-ec-key-size.insufficient-ec-key-size,python,nao
python.cryptography.security.insufficient-rsa-key-size.insufficient-rsa-key-size,python,nao
python.distributed.security.require-encryption,python,nao
python.django.security.audit.avoid-insecure-deserialization.avoid-insecure-deserialization,python,nao
python.django.security.audit.avoid-mark-safe.avoid-mark-safe,python,nao
python.django.security.audit.csrf-exempt.no-csrf-exempt,python,nao
python.django.security.audit.custom-expression-as-sql.custom-expression-as-sql,python,nao
python.django.security.audit.django-rest-framework.missing-throttle-config.missing-throttle-config,python,nao
python.django.security.audit.extends-custom-expression.extends-custom-expression,python,nao
python.django.security.audit.query-set-extra.avoid-query-set-extra,python,nao
python.django.security.audit.raw-query.avoid-raw-sql,python,nao
python.django.security.audit.secure-cookies.django-secure-set-cookie,python,nao
python.django.security.audit.templates.debug-template-tag.debug-template-tag,regex,nao
python.django.security.audit.unvalidated-password.unvalidated-password,python,nao
python.django.security.audit.xss.class-extends-safestring.class-extends-safestring,python,nao
python.django.security.audit.xss.context-autoescape-off.context-autoescape-off,python,nao
python.django.security.audit.xss.direct-use-of-httpresponse.direct-use-of-httpresponse,python,nao
python.django.security.audit.xss.filter-with-is-safe.filter-with-is-safe,python,nao
python.django.security.audit.xss.formathtml-fstring-parameter.formathtml-fstring-parameter,python,nao
python.django.security.audit.xss.global-autoescape-off.global-autoescape-off,python,nao
python.django.security.audit.xss.html-magic-method.html-magic-method,python,nao
python.django.security.audit.xss.html-safe.html-safe,python,nao
python.django.security.audit.xss.template-autoescape-off.template-autoescape-off,regex,nao
python.django.security.audit.xss.template-blocktranslate-no-escape.template-blocktranslate-no-escape,generic,nao
python.django.security.audit.xss.template-translate-as-no-escape.template-translate-as-no-escape,generic,nao
python.django.security.audit.xss.template-var-unescaped-with-safeseq.template-var-unescaped-with-safeseq,regex,nao
python.django.security.django-no-csrf-token.django-no-csrf-token,generic,nao
python.django.security.django-using-request-post-after-is-valid.django-using-request-post-after-is-valid,python,nao
python.django.security.globals-as-template-context.globals-as-template-context,python,nao
python.django.security.hashids-with-django-secret.hashids-with-django-secret,python,nao
python.django.security.injection.code.globals-misuse-code-execution.globals-misuse-code-execution,python,nao
python.django.security.injection.code.user-eval-format-string.user-eval-format-string,python,nao
python.django.security.injection.code.user-eval.user-eval,python,nao
python.django.security.injection.code.user-exec-format-string.user-exec-format-string,python,nao
python.django.security.injection.code.user-exec.user-exec,python,nao
python.django.security.injection.command.command-injection-os-system.command-injection-os-system,python,nao
python.django.security.injection.command.subprocess-injection.subprocess-injection,python,nao
python.django.security.injection.email.xss-html-email-body.xss-html-email-body,python,nao
python.django.security.injection.email.xss-send-mail-html-message.xss-send-mail-html-message,python,nao
python.django.security.injection.mass-assignment.mass-assignment,python,nao
python.django.security.injection.open-redirect.open-redirect,python,nao
python.django.security.injection.path-traversal.path-traversal-file-name.path-traversal-file-name,python,nao
python.django.security.injection.path-traversal.path-traversal-join.path-traversal-join,python,nao
python.django.security.injection.path-traversal.path-traversal-open.path-traversal-open,python,nao
python.django.security.injection.raw-html-format.raw-html-format,python,nao
python.django.security.injection.reflected-data-httpresponse.reflected-data-httpresponse,python,nao
python.django.security.injection.reflected-data-httpresponsebadrequest.reflected-data-httpresponsebadrequest,python,nao
python.django.security.injection.request-data-fileresponse.request-data-fileresponse,python,nao
python.django.security.injection.request-data-write.request-data-write,python,nao
python.django.security.injection.sql.sql-injection-extra.sql-injection-using-extra-where,python,nao
python.django.security.injection.sql.sql-injection-rawsql.sql-injection-using-rawsql,python,nao
python.django.security.injection.sql.sql-injection-using-db-cursor-execute.sql-injection-db-cursor-execute,python,nao
python.django.security.injection.sql.sql-injection-using-raw.sql-injection-using-raw,python,nao
python.django.security.injection.ssrf.ssrf-injection-requests.ssrf-injection-requests,python,nao
python.django.security.injection.ssrf.ssrf-injection-urllib.ssrf-injection-urllib,python,nao
python.django.security.injection.tainted-sql-string.tainted-sql-string,python,nao
python.django.security.injection.tainted-url-host.tainted-url-host,python,nao
python.django.security.locals-as-template-context.locals-as-template-context,python,nao
python.django.security.nan-injection.nan-injection,python,nao
python.django.security.passwords.password-empty-string.password-empty-string,python,nao
python.django.security.passwords.use-none-for-password-default.use-none-for-password-default,python,nao
python.docker.security.audit.docker-arbitrary-container-run.docker-arbitrary-container-run,python,nao
python.fastapi.security.wildcard-cors.wildcard-cors,python,nao
python.flask.caching.query-string.flask-cache-query-string,python,nao
python.flask.security.audit.app-run-param-config.avoid_app_run_with_bad_host,python,nao
python.flask.security.audit.app-run-security-config.avoid_using_app_run_directly,python,nao
python.flask.security.audit.debug-enabled.debug-enabled,python,nao
python.flask.security.audit.directly-returned-format-string.directly-returned-format-string,python,nao
python.flask.security.audit.flask-url-for-external-true.flask-url-for-external-true,python,nao
python.flask.security.audit.hardcoded-config.avoid_hardcoded_config_DEBUG,python,nao
python.flask.security.audit.hardcoded-config.avoid_hardcoded_config_ENV,python,nao
python.flask.security.audit.hardcoded-config.avoid_hardcoded_config_SECRET_KEY,python,nao
python.flask.security.audit.hardcoded-config.avoid_hardcoded_config_TESTING,python,nao
python.flask.security.audit.render-template-string.render-template-string,python,nao
python.flask.security.audit.secure-set-cookie.secure-set-cookie,python,nao
python.flask.security.audit.wtf-csrf-disabled.flask-wtf-csrf-disabled,python,nao
python.flask.security.audit.xss.make-response-with-unknown-content.make-response-with-unknown-content,python,nao
python.flask.security.dangerous-template-string.dangerous-template-string,python,nao
python.flask.security.flask-api-method-string-format.flask-api-method-string-format,python,nao
python.flask.security.hashids-with-flask-secret.hashids-with-flask-secret,python,nao
python.flask.security.injection.nan-injection.nan-injection,python,nao
python.flask.security.injection.os-system-injection.os-system-injection,python,nao
python.flask.security.injection.path-traversal-open.path-traversal-open,python,nao
python.flask.security.injection.raw-html-concat.raw-html-format,python,nao
python.flask.security.injection.ssrf-requests.ssrf-requests,python,nao
python.flask.security.injection.subprocess-injection.subprocess-injection,python,nao
python.flask.security.injection.tainted-sql-string.tainted-sql-string,python,nao
python.flask.security.injection.tainted-url-host.tainted-url-host,python,nao
python.flask.security.injection.user-eval.eval-injection,python,nao
python.flask.security.injection.user-exec.exec-injection,python,nao
python.flask.security.insecure-deserialization.insecure-deserialization,python,nao
python.flask.security.open-redirect.open-redirect,python,nao
python.flask.security.secure-static-file-serve.avoid_send_file_without_path_sanitization,python,nao
python.flask.security.unescaped-template-extension.unescaped-template-extension,python,nao
python.flask.security.unsanitized-input.response-contains-unsanitized-input,python,nao
python.flask.security.xss.audit.direct-use-of-jinja2.direct-use-of-jinja2,python,nao
python.flask.security.xss.audit.explicit-unescape-with-markup.explicit-unescape-with-markup,python,nao
python.flask.security.xss.audit.template-autoescape-off.template-autoescape-off,regex,nao
python.jwt.security.audit.jwt-exposed-data.jwt-python-exposed-data,python,nao
python.jwt.security.jwt-exposed-credentials.jwt-python-exposed-credentials,python,nao
python.jwt.security.jwt-hardcode.jwt-python-hardcoded-secret,python,nao
python.jwt.security.jwt-none-alg.jwt-python-none-alg,python,nao
python.jwt.security.unverified-jwt-decode.unverified-jwt-decode,python,nao
python.lang.compatibility.python36.python36-compatibility-Popen1,python,nao
python.lang.compatibility.python36.python36-compatibility-Popen2,python,nao
python.lang.compatibility.python36.python36-compatibility-ssl,python,nao
python.lang.compatibility.python37.python37-compatibility-httpconn,python,nao
python.lang.compatibility.python37.python37-compatibility-httpsconn,python,nao
python.lang.compatibility.python37.python37-compatibility-importlib,python,nao
python.lang.compatibility.python37.python37-compatibility-importlib2,python,nao
python.lang.compatibility.python37.python37-compatibility-importlib3,python,nao
python.lang.compatibility.python37.python37-compatibility-ipv4network1,python,nao
python.lang.compatibility.python37.python37-compatibility-ipv4network2,python,nao
python.lang.compatibility.python37.python37-compatibility-ipv6network1,python,nao
python.lang.compatibility.python37.python37-compatibility-ipv6network2,python,nao
python.lang.compatibility.python37.python37-compatibility-locale1,python,nao
python.lang.compatibility.python37.python37-compatibility-math1,python,nao
python.lang.compatibility.python37.python37-compatibility-multiprocess1,python,nao
python.lang.compatibility.python37.python37-compatibility-multiprocess2,python,nao
python.lang.compatibility.python37.python37-compatibility-os1,python,nao
python.lang.compatibility.python37.python37-compatibility-os2-ok2,python,nao
python.lang.compatibility.python37.python37-compatibility-pdb,python,nao
python.lang.compatibility.python37.python37-compatibility-textiowrapper,python,nao
python.lang.security.audit.conn_recv.multiprocessing-recv,python,nao
python.lang.security.audit.dangerous-annotations-usage.dangerous-annotations-usage,python,nao
python.lang.security.audit.dynamic-urllib-use-detected.dynamic-urllib-use-detected,python,nao
python.lang.security.audit.eval-detected.eval-detected,python,nao
python.lang.security.audit.exec-detected.exec-detected,python,nao
python.lang.security.audit.formatted-sql-query.formatted-sql-query,python,nao
python.lang.security.audit.hardcoded-password-default-argument.hardcoded-password-default-argument,python,nao
python.lang.security.audit.httpsconnection-detected.httpsconnection-detected,python,nao
python.lang.security.audit.insecure-file-permissions.insecure-file-permissions,python,nao
python.lang.security.audit.insecure-transport.ftplib.use-ftp-tls.use-ftp-tls,python,nao
python.lang.security.audit.insecure-transport.requests.request-session-http-in-with-context.request-session-http-in-with-context,python,nao
python.lang.security.audit.insecure-transport.requests.request-session-with-http.request-session-with-http,python,nao
python.lang.security.audit.insecure-transport.requests.request-with-http.request-with-http,python,nao
python.lang.security.audit.insecure-transport.ssl.no-set-ciphers.no-set-ciphers,python,nao
python.lang.security.audit.insecure-transport.urllib.insecure-openerdirector-open-ftp.insecure-openerdirector-open-ftp,python,nao
python.lang.security.audit.insecure-transport.urllib.insecure-openerdirector-open.insecure-openerdirector-open,python,nao
python.lang.security.audit.insecure-transport.urllib.insecure-request-object-ftp.insecure-request-object-ftp,python,nao
python.lang.security.audit.insecure-transport.urllib.insecure-request-object.insecure-request-object,python,nao
python.lang.security.audit.insecure-transport.urllib.insecure-urlopen-ftp.insecure-urlopen-ftp,python,nao
python.lang.security.audit.insecure-transport.urllib.insecure-urlopen.insecure-urlopen,python,nao
python.lang.security.audit.insecure-transport.urllib.insecure-urlopener-open-ftp.insecure-urlopener-open-ftp,python,nao
python.lang.security.audit.insecure-transport.urllib.insecure-urlopener-open.insecure-urlopener-open,python,nao
python.lang.security.audit.insecure-transport.urllib.insecure-urlopener-retrieve-ftp.insecure-urlopener-retrieve-ftp,python,nao
python.lang.security.audit.insecure-transport.urllib.insecure-urlopener-retrieve.insecure-urlopener-retrieve,python,nao
python.lang.security.audit.insecure-transport.urllib.insecure-urlretrieve-ftp.insecure-urlretrieve-ftp,python,nao
python.lang.security.audit.insecure-transport.urllib.insecure-urlretrieve.insecure-urlretrieve,python,nao
python.lang.security.audit.logging.listeneval.listen-eval,python,nao
python.lang.security.audit.logging.logger-credential-leak.python-logger-credential-disclosure,python,nao
python.lang.security.audit.mako-templates-detected.mako-templates-detected,python,nao
python.lang.security.audit.marshal.marshal-usage,python,nao
python.lang.security.audit.md5-used-as-password.md5-used-as-password,python,nao
python.lang.security.audit.network.bind.avoid-bind-to-all-interfaces,python,nao
python.lang.security.audit.network.disabled-cert-validation.disabled-cert-validation,python,nao
python.lang.security.audit.network.http-not-https-connection.http-not-https-connection,python,nao
python.lang.security.audit.non-literal-import.non-literal-import,python,nao
python.lang.security.audit.paramiko-implicit-trust-host-key.paramiko-implicit-trust-host-key,python,nao
python.lang.security.audit.paramiko.paramiko-exec-command.paramiko-exec-command,python,nao
python.lang.security.audit.python-reverse-shell.python-reverse-shell,python,nao
python.lang.security.audit.sha224-hash.sha224-hash,python,nao
python.lang.security.audit.sqli.aiopg-sqli.aiopg-sqli,python,nao
python.lang.security.audit.sqli.asyncpg-sqli.asyncpg-sqli,python,nao
python.lang.security.audit.sqli.pg8000-sqli.pg8000-sqli,python,nao
python.lang.security.audit.sqli.psycopg-sqli.psycopg-sqli,python,nao
python.lang.security.audit.ssl-wrap-socket-is-deprecated.ssl-wrap-socket-is-deprecated,python,nao
python.lang.security.audit.subprocess-shell-true.subprocess-shell-true,python,nao
python.lang.security.audit.system-wildcard-detected.system-wildcard-detected,python,nao
python.lang.security.audit.telnetlib.telnetlib,python,nao
python.lang.security.audit.weak-ssl-version.weak-ssl-version,python,nao
python.lang.security.dangerous-code-run.dangerous-interactive-code-run,python,nao
python.lang.security.dangerous-globals-use.dangerous-globals-use,python,nao
python.lang.security.dangerous-os-exec.dangerous-os-exec,python,nao
python.lang.security.dangerous-spawn-process.dangerous-spawn-process,python,nao
python.lang.security.dangerous-subinterpreters-run-string.dangerous-subinterpreters-run-string,python,nao
python.lang.security.dangerous-subprocess-use.dangerous-subprocess-use,python,nao
python.lang.security.dangerous-system-call.dangerous-system-call,python,nao
python.lang.security.dangerous-testcapi-run-in-subinterp.dangerous-testcapi-run-in-subinterp,python,nao
python.lang.security.deserialization.avoid-jsonpickle.avoid-jsonpickle,python,nao
python.lang.security.deserialization.avoid-pyyaml-load.avoid-pyyaml-load,python,nao
python.lang.security.deserialization.avoid-unsafe-ruamel.avoid-unsafe-ruamel,python,nao
python.lang.security.deserialization.pickle.avoid-cPickle,python,nao
python.lang.security.deserialization.pickle.avoid-dill,python,nao
python.lang.security.deserialization.pickle.avoid-pickle,python,nao
python.lang.security.deserialization.pickle.avoid-shelve,python,nao
python.lang.security.insecure-hash-algorithms.insecure-hash-algorithm-sha1,python,nao
python.lang.security.insecure-hash-function.insecure-hash-function,python,nao
python.lang.security.insecure-uuid-version.insecure-uuid-version,python,nao
python.lang.security.unverified-ssl-context.unverified-ssl-context,python,nao
python.lang.security.use-defused-xml-parse.use-defused-xml-parse,python,nao
python.lang.security.use-defused-xmlrpc.use-defused-xmlrpc,python,nao
python.pycryptodome.security.insecure-cipher-algorithm-blowfish.insecure-cipher-algorithm-blowfish,python,nao
python.pycryptodome.security.insecure-cipher-algorithm-des.insecure-cipher-algorithm-des,python,nao
python.pycryptodome.security.insecure-cipher-algorithm-rc2.insecure-cipher-algorithm-rc2,python,nao
python.pycryptodome.security.insecure-cipher-algorithm-rc4.insecure-cipher-algorithm-rc4,python,nao
python.pycryptodome.security.insecure-cipher-algorithm.insecure-cipher-algorithm-xor,python,nao
python.pycryptodome.security.insecure-hash-algorithm-md2.insecure-hash-algorithm-md2,python,nao
python.pycryptodome.security.insecure-hash-algorithm-md4.insecure-hash-algorithm-md4,python,nao
python.pycryptodome.security.insecure-hash-algorithm-md5.insecure-hash-algorithm-md5,python,nao
python.pycryptodome.security.insecure-hash-algorithm.insecure-hash-algorithm-sha1,python,nao
python.pycryptodome.security.insufficient-dsa-key-size.insufficient-dsa-key-size,python,nao
python.pycryptodome.security.insufficient-rsa-key-size.insufficient-rsa-key-size,python,nao
python.pymongo.security.mongodb.mongo-client-bad-auth,python,nao
python.pyramid.security.direct-use-of-response.pyramid-direct-use-of-response,python,nao
python.pyramid.security.sqlalchemy-sql-injection.pyramid-sqlalchemy-sql-injection,python,nao
python.requests.security.disabled-cert-validation.disabled-cert-validation,python,nao
python.requests.security.no-auth-over-http.no-auth-over-http,python,nao
python.sh.security.string-concat.string-concat,python,nao
python.sqlalchemy.performance.performance-improvements.batch-import,python,nao
python.sqlalchemy.performance.performance-improvements.len-all-count,python,nao
python.sqlalchemy.security.audit.avoid-sqlalchemy-text.avoid-sqlalchemy-text,python,nao
python.sqlalchemy.security.sqlalchemy-execute-raw-query.sqlalchemy-execute-raw-query,python,nao
python.sqlalchemy.security.sqlalchemy-sql-injection.sqlalchemy-sql-injection,python,nao
python.twilio.security.twiml-injection.twiml-injection,python,nao
ruby.aws-lambda.security.activerecord-sqli.activerecord-sqli,ruby,nao
ruby.aws-lambda.security.mysql2-sqli.mysql2-sqli,ruby,nao
ruby.aws-lambda.security.pg-sqli.pg-sqli,ruby,nao
ruby.aws-lambda.security.sequel-sqli.sequel-sqli,ruby,nao
ruby.aws-lambda.security.tainted-deserialization.tainted-deserialization,ruby,nao
ruby.aws-lambda.security.tainted-sql-string.tainted-sql-string,ruby,nao
ruby.jwt.security.audit.jwt-decode-without-verify.ruby-jwt-decode-without-verify,ruby,nao
ruby.jwt.security.audit.jwt-exposed-data.ruby-jwt-exposed-data,ruby,nao
ruby.jwt.security.jwt-exposed-credentials.ruby-jwt-exposed-credentials,ruby,nao
ruby.jwt.security.jwt-hardcode.ruby-jwt-hardcoded-secret,ruby,nao
ruby.jwt.security.jwt-none-alg.ruby-jwt-none-alg,ruby,nao
ruby.lang.security.audit.sha224-hash.sha224-hash,ruby,nao
ruby.lang.security.bad-deserialization.bad-deserialization,ruby,nao
ruby.lang.security.cookie-serialization.cookie-serialization,ruby,nao
ruby.lang.security.create-with.create-with,ruby,nao
ruby.lang.security.dangerous-exec.dangerous-exec,ruby,nao
ruby.lang.security.dangerous-open.dangerous-open,ruby,nao
ruby.lang.security.dangerous-open3-pipeline.dangerous-open3-pipeline,ruby,nao
ruby.lang.security.dangerous-subshell.dangerous-subshell,ruby,nao
ruby.lang.security.dangerous-syscall.dangerous-syscall,ruby,nao
ruby.lang.security.divide-by-zero.divide-by-zero,ruby,nao
ruby.lang.security.file-disclosure.file-disclosure,ruby,nao
ruby.lang.security.force-ssl-false.force-ssl-false,ruby,nao
ruby.lang.security.hardcoded-http-auth-in-controller.hardcoded-http-auth-in-controller,ruby,nao
ruby.lang.security.hardcoded-secret-rsa-passphrase.hardcoded-secret-rsa-passphrase,ruby,nao
ruby.lang.security.insufficient-rsa-key-size.insufficient-rsa-key-size,ruby,nao
ruby.lang.security.json-entity-escape.json-entity-escape,ruby,nao
ruby.lang.security.mass-assignment-protection-disabled.mass-assignment-protection-disabled,ruby,nao
ruby.lang.security.md5-used-as-password.md5-used-as-password,ruby,nao
ruby.lang.security.missing-csrf-protection.missing-csrf-protection,ruby,nao
ruby.lang.security.model-attr-accessible.model-attr-accessible,ruby,nao
ruby.lang.security.model-attributes-attr-accessible.model-attributes-attr-accessible,ruby,nao
ruby.lang.security.no-eval.ruby-eval,ruby,nao
ruby.lang.security.no-send.bad-send,ruby,nao
ruby.lang.security.ssl-mode-no-verify.ssl-mode-no-verify,ruby,nao
ruby.lang.security.unprotected-mass-assign.mass-assignment-vuln,ruby,nao
ruby.lang.security.weak-hashes-md5.weak-hashes-md5,ruby,nao
ruby.lang.security.weak-hashes-sha1.weak-hashes-sha1,ruby,nao
ruby.rails.security.audit.avoid-session-manipulation.avoid-session-manipulation,ruby,nao
ruby.rails.security.audit.avoid-tainted-file-access.avoid-tainted-file-access,ruby,nao
ruby.rails.security.audit.avoid-tainted-ftp-call.avoid-tainted-ftp-call,ruby,nao
ruby.rails.security.audit.avoid-tainted-http-request.avoid-tainted-http-request,ruby,nao
ruby.rails.security.audit.avoid-tainted-shell-call.avoid-tainted-shell-call,ruby,nao
ruby.rails.security.audit.detailed-exceptions.detailed-exceptions,ruby,nao
ruby.rails.security.audit.rails-skip-forgery-protection.rails-skip-forgery-protection,ruby,nao
ruby.rails.security.audit.sqli.ruby-pg-sqli.ruby-pg-sqli,ruby,nao
ruby.rails.security.audit.xss.avoid-content-tag.avoid-content-tag,ruby,nao
ruby.rails.security.audit.xss.avoid-default-routes.avoid-default-routes,ruby,nao
ruby.rails.security.audit.xss.avoid-html-safe.avoid-html-safe,ruby,nao
ruby.rails.security.audit.xss.avoid-link-to.avoid-link-to,ruby,nao
ruby.rails.security.audit.xss.avoid-raw.avoid-raw,ruby,nao
ruby.rails.security.audit.xss.avoid-redirect.avoid-redirect,ruby,nao
ruby.rails.security.audit.xss.avoid-render-dynamic-path.avoid-render-dynamic-path,ruby,nao
ruby.rails.security.audit.xss.avoid-render-inline.avoid-render-inline,ruby,nao
ruby.rails.security.audit.xss.avoid-render-text.avoid-render-text,ruby,nao
ruby.rails.security.audit.xss.manual-template-creation.manual-template-creation,ruby,nao
ruby.rails.security.audit.xss.templates.alias-for-html-safe.alias-for-html-safe,generic,nao
ruby.rails.security.audit.xss.templates.avoid-content-tag.avoid-content-tag,generic,nao
ruby.rails.security.audit.xss.templates.avoid-html-safe.avoid-html-safe,generic,nao
ruby.rails.security.audit.xss.templates.avoid-raw.avoid-raw,generic,nao
ruby.rails.security.audit.xss.templates.unquoted-attribute.unquoted-attribute,generic,nao
ruby.rails.security.audit.xss.templates.var-in-href.var-in-href,generic,nao
ruby.rails.security.audit.xss.templates.var-in-script-tag.var-in-script-tag,generic,nao
ruby.rails.security.brakeman.check-redirect-to.check-redirect-to,ruby,nao
ruby.rails.security.brakeman.check-regex-dos.check-regex-dos,ruby,nao
ruby.rails.security.brakeman.check-render-local-file-include.check-render-local-file-include,ruby,nao
ruby.rails.security.brakeman.check-send-file.check-send-file,ruby,nao
ruby.rails.security.brakeman.check-sql.check-sql,ruby,nao
ruby.rails.security.brakeman.check-unsafe-reflection-methods.check-unsafe-reflection-methods,ruby,nao
ruby.rails.security.brakeman.check-unsafe-reflection.check-unsafe-reflection,ruby,nao
ruby.rails.security.brakeman.check-unscoped-find.check-unscoped-find,ruby,nao
ruby.rails.security.injection.raw-html-format.raw-html-format,ruby,nao
ruby.rails.security.injection.tainted-sql-string.tainted-sql-string,ruby,nao
ruby.rails.security.injection.tainted-url-host.tainted-url-host,ruby,nao
rust.lang.security.reqwest-accept-invalid.reqwest-accept-invalid,rust,nao
rust.lang.security.rustls-dangerous.rustls-dangerous,rust,nao
rust.lang.security.ssl-verify-none.ssl-verify-none,rust,nao
scala.jwt-scala.security.jwt-scala-hardcode.jwt-scala-hardcode,scala,nao
scala.lang.security.audit.dangerous-seq-run.dangerous-seq-run,scala,nao
scala.lang.security.audit.dangerous-shell-run.dangerous-shell-run,scala,nao
scala.lang.security.audit.dispatch-ssrf.dispatch-ssrf,scala,nao
scala.lang.security.audit.documentbuilder-dtd-enabled.documentbuilder-dtd-enabled,scala,nao
scala.lang.security.audit.insecure-random.insecure-random,scala,nao
scala.lang.security.audit.io-source-ssrf.io-source-ssrf,scala,nao
scala.lang.security.audit.path-traversal-fromfile.path-traversal-fromfile,scala,nao
scala.lang.security.audit.rsa-padding-set.rsa-padding-set,scala,nao
scala.lang.security.audit.sax-dtd-enabled.sax-dtd-enabled,scala,nao
scala.lang.security.audit.scala-dangerous-process-run.scala-dangerous-process-run,scala,nao
scala.lang.security.audit.scalac-debug.scalac-debug,generic,nao
scala.lang.security.audit.scalaj-http-ssrf.scalaj-http-ssrf,scala,nao
scala.lang.security.audit.xmlinputfactory-dtd-enabled.xmlinputfactory-dtd-enabled,scala,nao
scala.play.security.conf-insecure-cookie-settings.conf-insecure-cookie-settings,generic,nao
scala.play.security.tainted-html-response.tainted-html-response,scala,nao
scala.play.security.tainted-slick-sqli.tainted-slick-sqli,scala,nao
scala.play.security.tainted-sql-from-http-request.tainted-sql-from-http-request,scala,nao
scala.play.security.webservice-ssrf.webservice-ssrf,scala,nao
scala.scala-jwt.security.jwt-hardcode.scala-jwt-hardcoded-secret,scala,nao
scala.slick.security.scala-slick-overridesql-literal.scala-slick-overrideSql-literal,scala,nao
scala.slick.security.scala-slick-sql-non-literal.scala-slick-sql-non-literal,scala,nao
solidity.security.balancer-readonly-reentrancy-getpooltokens.balancer-readonly-reentrancy-getpooltokens,solidity,nao
solidity.security.balancer-readonly-reentrancy-getrate.balancer-readonly-reentrancy-getrate,solidity,nao
solidity.security.compound-borrowfresh-reentrancy.compound-borrowfresh-reentrancy,solidity,nao
solidity.security.compound-sweeptoken-not-restricted.compound-sweeptoken-not-restricted,solidity,nao
solidity.security.curve-readonly-reentrancy.curve-readonly-reentrancy,solidity,nao
solidity.security.encode-packed-collision.encode-packed-collision,solidity,nao
solidity.security.erc677-reentrancy.erc677-reentrancy,solidity,nao
solidity.security.erc721-arbitrary-transferfrom.erc721-arbitrary-transferfrom,solidity,nao
solidity.security.erc721-reentrancy.erc721-reentrancy,solidity,nao
solidity.security.erc777-reentrancy.erc777-reentrancy,solidity,nao
solidity.security.incorrect-use-of-blockhash.incorrect-use-of-blockhash,solidity,nao
solidity.security.keeper-network-oracle-manipulation.keeper-network-oracle-manipulation,solidity,nao
solidity.security.missing-self-transfer-check-ercx.missing-self-transfer-check-ercx,solidity,nao
solidity.security.no-bidi-characters.no-bidi-characters,solidity,nao
solidity.security.no-slippage-check.no-slippage-check,solidity,nao
solidity.security.proxy-storage-collision.proxy-storage-collision,solidity,nao
solidity.security.redacted-cartel-custom-approval-bug.redacted-cartel-custom-approval-bug,solidity,nao
solidity.security.rigoblock-missing-access-control.rigoblock-missing-access-control,solidity,nao
solidity.security.sense-missing-oracle-access-control.sense-missing-oracle-access-control,solidity,nao
solidity.security.superfluid-ctx-injection.superfluid-ctx-injection,solidity,nao
solidity.security.tecra-coin-burnfrom-bug.tecra-coin-burnfrom-bug,solidity,nao
swift.lang.storage.sensitive-storage-userdefaults.swift-user-defaults,swift,nao
swift.webview.webview-js-window.swift-webview-config-allows-js-open-windows,swift,nao
terraform.aws.security.aws-athena-workgroup-unencrypted.aws-athena-workgroup-unencrypted,hcl,nao
terraform.aws.security.aws-backup-vault-unencrypted.aws-backup-vault-unencrypted,hcl,nao
terraform.aws.security.aws-cloudfront-insecure-tls.aws-insecure-cloudfront-distribution-tls-version,hcl,nao
terraform.aws.security.aws-cloudtrail-encrypted-with-cmk.aws-cloudtrail-encrypted-with-cmk,hcl,nao
terraform.aws.security.aws-cloudwatch-log-group-no-retention.aws-cloudwatch-log-group-no-retention,hcl,nao
terraform.aws.security.aws-cloudwatch-log-group-unencrypted.aws-cloudwatch-log-group-unencrypted,hcl,nao
terraform.aws.security.aws-codebuild-project-artifacts-unencrypted.aws-codebuild-project-artifacts-unencrypted,hcl,nao
terraform.aws.security.aws-codebuild-project-unencrypted.aws-codebuild-project-unencrypted,hcl,nao
terraform.aws.security.aws-config-aggregator-not-all-regions.aws-config-aggregator-not-all-regions,hcl,nao
terraform.aws.security.aws-db-instance-no-logging.aws-db-instance-no-logging,hcl,nao
terraform.aws.security.aws-docdb-encrypted-with-cmk.aws-docdb-encrypted-with-cmk,hcl,nao
terraform.aws.security.aws-documentdb-auditing-disabled.aws-documentdb-auditing-disabled,hcl,nao
terraform.aws.security.aws-dynamodb-table-unencrypted.aws-dynamodb-table-unencrypted,hcl,nao
terraform.aws.security.aws-ebs-snapshot-encrypted-with-cmk.aws-ebs-snapshot-encrypted-with-cmk,hcl,nao
terraform.aws.security.aws-ebs-unencrypted.aws-ebs-unencrypted,hcl,nao
terraform.aws.security.aws-ebs-volume-encrypted-with-cmk.aws-ebs-volume-encrypted-with-cmk,hcl,nao
terraform.aws.security.aws-ebs-volume-unencrypted.aws-ebs-volume-unencrypted,hcl,nao
terraform.aws.security.aws-ec2-has-public-ip.aws-ec2-has-public-ip,hcl,nao
terraform.aws.security.aws-ec2-launch-template-metadata-service-v1-enabled.aws-ec2-launch-template-metadata-service-v1-enabled,hcl,nao
terraform.aws.security.aws-ecr-mutable-image-tags.aws-ecr-mutable-image-tags,hcl,nao
terraform.aws.security.aws-ecr-repository-wildcard-principal.aws-ecr-repository-wildcard-principal,hcl,nao
terraform.aws.security.aws-efs-filesystem-encrypted-with-cmk.aws-efs-filesystem-encrypted-with-cmk,hcl,nao
terraform.aws.security.aws-elasticsearch-insecure-tls-version.aws-elasticsearch-insecure-tls-version,terraform,nao
terraform.aws.security.aws-elasticsearch-nodetonode-encryption.aws-elasticsearch-nodetonode-encryption-not-enabled,hcl,nao
terraform.aws.security.aws-elb-access-logs-not-enabled.aws-elb-access-logs-not-enabled,hcl,nao
terraform.aws.security.aws-emr-encrypted-with-cmk.aws-emr-encrypted-with-cmk,hcl,nao
terraform.aws.security.aws-fsx-lustre-files-ystem.aws-fsx-lustre-filesystem-encrypted-with-cmk,hcl,nao
terraform.aws.security.aws-fsx-lustre-filesystem-encrypted-with-cmk.aws-fsx-lustre-filesystem-encrypted-with-cmk,hcl,nao
terraform.aws.security.aws-fsx-ontapfs-encrypted-with-cmk.aws-fsx-ontapfs-encrypted-with-cmk,hcl,nao
terraform.aws.security.aws-fsx-windows-encrypted-with-cmk.aws-fsx-windows-encrypted-with-cmk,hcl,nao
terraform.aws.security.aws-glacier-vault-any-principal.aws-glacier-vault-any-principal,hcl,nao
terraform.aws.security.aws-iam-admin-policy-ssoadmin.aws-iam-admin-policy-ssoadmin,hcl,nao
terraform.aws.security.aws-iam-admin-policy.aws-iam-admin-policy,hcl,nao
terraform.aws.security.aws-imagebuilder-component-encrypted-with-cmk.aws-imagebuilder-component-encrypted-with-cmk,hcl,nao
terraform.aws.security.aws-insecure-redshift-ssl-configuration.aws-insecure-redshift-ssl-configuration,hcl,nao
terraform.aws.security.aws-kinesis-stream-encrypted-with-cmk.aws-kinesis-stream-encrypted-with-cmk,hcl,nao
terraform.aws.security.aws-kinesis-stream-unencrypted.aws-kinesis-stream-unencrypted,hcl,nao
terraform.aws.security.aws-kinesis-video-stream-encrypted-with-cmk.aws-kinesis-video-stream-encrypted-with-cmk,hcl,nao
terraform.aws.security.aws-kms-key-wildcard-principal.aws-kms-key-wildcard-principal,hcl,nao
terraform.aws.security.aws-kms-no-rotation.aws-kms-no-rotation,hcl,nao
terraform.aws.security.aws-lambda-environment-credentials.aws-lambda-environment-credentials,hcl,nao
terraform.aws.security.aws-lambda-environment-unencrypted.aws-lambda-environment-unencrypted,hcl,nao
terraform.aws.security.aws-lambda-permission-unrestricted-source-arn.aws-lambda-permission-unrestricted-source-arn,hcl,nao
terraform.aws.security.aws-lambda-x-ray-tracing-not-active.aws-lambda-x-ray-tracing-not-active,hcl,nao
terraform.aws.security.aws-provider-static-credentials.aws-provider-static-credentials,hcl,nao
terraform.aws.security.aws-provisioner-exec.aws-provisioner-exec,terraform,nao
terraform.aws.security.aws-rds-backup-no-retention.aws-rds-backup-no-retention,hcl,nao
terraform.aws.security.aws-redshift-cluster-encrypted-with-cmk.aws-redshift-cluster-encrypted-with-cmk,hcl,nao
terraform.aws.security.aws-s3-bucket-object-encrypted-with-cmk.aws-s3-bucket-object-encrypted-with-cmk,hcl,nao
terraform.aws.security.aws-s3-object-copy-encrypted-with-cmk.aws-s3-object-copy-encrypted-with-cmk,hcl,nao
terraform.aws.security.aws-sagemaker-domain-encrypted-with-cmk.aws-sagemaker-domain-encrypted-with-cmk,hcl,nao
terraform.aws.security.aws-secretsmanager-secret-unencrypted.aws-secretsmanager-secret-unencrypted,hcl,nao
terraform.aws.security.aws-sqs-queue-policy-wildcard-principal.aws-sqs-queue-policy-wildcard-principal,hcl,nao
terraform.aws.security.aws-ssm-document-logging-issues.aws-ssm-document-logging-issues,hcl,nao
terraform.aws.security.aws-subnet-has-public-ip-address.aws-subnet-has-public-ip-address,hcl,nao
terraform.aws.security.aws-timestream-database-encrypted-with-cmk.aws-timestream-database-encrypted-with-cmk,hcl,nao
terraform.aws.security.aws-transfer-server-is-public.aws-transfer-server-is-public,hcl,nao
terraform.aws.security.aws-workspaces-root-volume-unencrypted.aws-workspaces-root-volume-unencrypted,hcl,nao
terraform.aws.security.aws-workspaces-user-volume-unencrypted.aws-workspaces-user-volume-unencrypted,hcl,nao
terraform.aws.security.insecure-load-balancer-tls-version.insecure-load-balancer-tls-version,hcl,nao
terraform.aws.security.missing-athena-workgroup-encryption.missing-athena-workgroup-encryption,hcl,nao
terraform.aws.security.unrestricted-github-oidc-policy.unrestricted-github-oidc-policy,hcl,nao
terraform.aws.security.wildcard-assume-role.wildcard-assume-role,hcl,nao
terraform.azure.security.appservice.appservice-account-identity-registered.appservice-account-identity-registered,hcl,nao
terraform.azure.security.appservice.appservice-authentication-enabled.appservice-authentication-enabled,hcl,nao
terraform.azure.security.appservice.appservice-enable-http2.appservice-enable-http2,hcl,nao
terraform.azure.security.appservice.appservice-enable-https-only.appservice-enable-https-only,hcl,nao
terraform.azure.security.appservice.appservice-require-client-cert.appservice-require-client-cert,hcl,nao
terraform.azure.security.appservice.appservice-use-secure-tls-policy.appservice-use-secure-tls-policy,hcl,nao
terraform.azure.security.functionapp.functionapp-authentication-enabled.functionapp-authentication-enabled,hcl,nao
terraform.azure.security.functionapp.functionapp-enable-http2.functionapp-enable-http2,hcl,nao
terraform.azure.security.keyvault.keyvault-content-type-for-secret.keyvault-content-type-for-secret,hcl,nao
terraform.azure.security.keyvault.keyvault-ensure-key-expires.keyvault-ensure-key-expires,hcl,nao
terraform.azure.security.keyvault.keyvault-ensure-secret-expires.keyvault-ensure-secret-expires,hcl,nao
terraform.azure.security.keyvault.keyvault-purge-enabled.keyvault-purge-enabled,hcl,nao
terraform.azure.security.keyvault.keyvault-specify-network-acl.keyvault-specify-network-acl,hcl,nao
terraform.azure.security.storage.storage-allow-microsoft-service-bypass.storage-allow-microsoft-service-bypass,hcl,nao
terraform.azure.security.storage.storage-default-action-deny.storage-default-action-deny,hcl,nao
terraform.azure.security.storage.storage-enforce-https.storage-enforce-https,hcl,nao
terraform.azure.security.storage.storage-queue-services-logging.storage-queue-services-logging,hcl,nao
terraform.azure.security.storage.storage-use-secure-tls-policy.storage-use-secure-tls-policy,hcl,nao
terraform.gcp.security.gcp-sql-database-ssl-insecure-value-postgres-mysql.gcp-sql-database-ssl-insecure-value-postgres-mysql,hcl,nao
terraform.gcp.security.gcp-sql-database-ssl-insecure-value-sqlserver.gcp-sql-database-ssl-insecure-value-sqlserver,hcl,nao
terraform.lang.security.ecr-image-scan-on-push.ecr-image-scan-on-push,hcl,nao
terraform.lang.security.eks-insufficient-control-plane-logging.eks-insufficient-control-plane-logging,hcl,nao
terraform.lang.security.eks-public-endpoint-enabled.eks-public-endpoint-enabled,hcl,nao
terraform.lang.security.elastic-search-encryption-at-rest.elastic-search-encryption-at-rest,hcl,nao
terraform.lang.security.iam.no-iam-admin-privileges.no-iam-admin-privileges,hcl,nao
terraform.lang.security.iam.no-iam-creds-exposure.no-iam-creds-exposure,hcl,nao
terraform.lang.security.iam.no-iam-data-exfiltration.no-iam-data-exfiltration,hcl,nao
terraform.lang.security.iam.no-iam-priv-esc-funcs.no-iam-priv-esc-funcs,hcl,nao
terraform.lang.security.iam.no-iam-priv-esc-other-users.no-iam-priv-esc-other-users,hcl,nao
terraform.lang.security.iam.no-iam-priv-esc-roles.no-iam-priv-esc-roles,hcl,nao
terraform.lang.security.iam.no-iam-resource-exposure.no-iam-resource-exposure,hcl,nao
terraform.lang.security.iam.no-iam-star-actions.no-iam-star-actions,hcl,nao
terraform.lang.security.rds-insecure-password-storage-in-source-code.rds-insecure-password-storage-in-source-code,hcl,nao
terraform.lang.security.rds-public-access.rds-public-access,hcl,nao
terraform.lang.security.s3-cors-all-origins.all-origins-allowed,hcl,nao
terraform.lang.security.s3-public-read-bucket.s3-public-read-bucket,hcl,nao
terraform.lang.security.s3-public-rw-bucket.s3-public-rw-bucket,hcl,nao
terraform.lang.security.s3-unencrypted-bucket.s3-unencrypted-bucket,hcl,nao
trailofbits.go.invalid-usage-of-modified-variable.invalid-usage-of-modified-variable,go,nao
trailofbits.go.iterate-over-empty-map.iterate-over-empty-map,go,nao
trailofbits.go.missing-runlock-on-rwmutex.missing-runlock-on-rwmutex,go,nao
trailofbits.go.missing-unlock-before-return.missing-unlock-before-return,go,nao
trailofbits.go.racy-append-to-slice.racy-append-to-slice,go,nao
trailofbits.go.racy-write-to-map.racy-write-to-map,go,nao
trailofbits.go.servercodec-readrequestbody-unhandled-nil.servercodec-readrequestbody-unhandled-nil,go,nao
trailofbits.go.string-to-int-signedness-cast.string-to-int-signedness-cast,go,nao
trailofbits.go.sync-mutex-value-copied.sync-mutex-value-copied,go,nao
trailofbits.go.waitgroup-add-called-inside-goroutine.waitgroup-add-called-inside-goroutine,go,nao
trailofbits.go.waitgroup-wait-inside-loop.waitgroup-wait-inside-loop,go,nao
trailofbits.python.automatic-memory-pinning.automatic-memory-pinning,python,nao
trailofbits.python.lxml-in-pandas.lxml-in-pandas,python,nao
trailofbits.python.numpy-in-pytorch-modules.numpy-in-pytorch-modules,python,nao
trailofbits.python.pickles-in-numpy.pickles-in-numpy,python,nao
trailofbits.python.pickles-in-pandas.pickles-in-pandas,python,nao
trailofbits.python.pickles-in-pytorch.pickles-in-pytorch,python,nao
trailofbits.python.tarfile-extractall-traversal.tarfile-extractall-traversal,python,nao
typescript.angular.security.audit.angular-domsanitizer.angular-bypasssecuritytrust,typescript,sim
typescript.aws-cdk.security.audit.awscdk-bucket-encryption.awscdk-bucket-encryption,typescript,sim
typescript.aws-cdk.security.audit.awscdk-bucket-enforcessl.aws-cdk-bucket-enforcessl,ts,sim
typescript.aws-cdk.security.audit.awscdk-sqs-unencryptedqueue.awscdk-sqs-unencryptedqueue,ts,sim
typescript.aws-cdk.security.awscdk-bucket-grantpublicaccessmethod.awscdk-bucket-grantpublicaccessmethod,ts,sim
typescript.aws-cdk.security.awscdk-codebuild-project-public.awscdk-codebuild-project-public,ts,sim
typescript.lang.security.audit.cors-regex-wildcard.cors-regex-wildcard,ts,sim
typescript.nestjs.security.audit.nestjs-header-cors-any.nestjs-header-cors-any,typescript,sim
typescript.nestjs.security.audit.nestjs-header-xss-disabled.nestjs-header-xss-disabled,typescript,sim
typescript.nestjs.security.audit.nestjs-open-redirect.nestjs-open-redirect,typescript,sim
typescript.react.security.audit.react-dangerouslysetinnerhtml.react-dangerouslysetinnerhtml,javascript|typescript,sim
typescript.react.security.audit.react-jwt-decoded-property.react-jwt-decoded-property,javascript|typescript,sim
typescript.react.security.audit.react-jwt-in-localstorage.react-jwt-in-localstorage,javascript|typescript,sim
typescript.react.security.audit.react-unsanitized-method.react-unsanitized-method,javascript|typescript,sim
typescript.react.security.react-insecure-request.react-insecure-request,javascript|typescript,sim
typescript.react.security.react-markdown-insecure-html.react-markdown-insecure-html,javascript|typescript,sim
yaml.argo.security.argo-workflow-parameter-command-injection.argo-workflow-parameter-command-injection,yaml,nao
yaml.docker-compose.security.exposing-docker-socket-volume.exposing-docker-socket-volume,yaml,nao
yaml.docker-compose.security.no-new-privileges.no-new-privileges,yaml,nao
yaml.docker-compose.security.privileged-service.privileged-service,yaml,nao
yaml.docker-compose.security.seccomp-confinement-disabled.seccomp-confinement-disabled,yaml,nao
yaml.docker-compose.security.selinux-separation-disabled.selinux-separation-disabled,yaml,nao
yaml.docker-compose.security.writable-filesystem-service.writable-filesystem-service,yaml,nao
yaml.github-actions.security.allowed-unsecure-commands.allowed-unsecure-commands,yaml,nao
yaml.github-actions.security.curl-eval.curl-eval,yaml,nao
yaml.github-actions.security.detect-shai-hulud-backdoor.detect-shai-hulud-backdoor,yaml,nao
yaml.github-actions.security.gha-curl-pipe-shell.gha-curl-pipe-shell,yaml,nao
yaml.github-actions.security.gha-workflow-env-secret.gha-workflow-env-secret,yaml,nao
yaml.github-actions.security.github-actions-mutable-action-tag.github-actions-mutable-action-tag,yaml,nao
yaml.github-actions.security.github-script-injection.github-script-injection,yaml,nao
yaml.github-actions.security.pull-request-target-code-checkout.pull-request-target-code-checkout,yaml,nao
yaml.github-actions.security.run-shell-injection.run-shell-injection,yaml,nao
yaml.github-actions.security.secrets-inherit.secrets-inherit,yaml,nao
yaml.github-actions.security.workflow-run-target-code-checkout.workflow-run-target-code-checkout,yaml,nao
yaml.kubernetes.security.allow-privilege-escalation-no-securitycontext.allow-privilege-escalation-no-securitycontext,yaml,nao
yaml.kubernetes.security.allow-privilege-escalation-true.allow-privilege-escalation-true,yaml,nao
yaml.kubernetes.security.allow-privilege-escalation.allow-privilege-escalation,yaml,nao
yaml.kubernetes.security.env.flask-debugging-enabled.flask-debugging-enabled,yaml,nao
yaml.kubernetes.security.exposing-docker-socket-hostpath.exposing-docker-socket-hostpath,yaml,nao
yaml.kubernetes.security.hostipc-pod.hostipc-pod,yaml,nao
yaml.kubernetes.security.hostnetwork-pod.hostnetwork-pod,yaml,nao
yaml.kubernetes.security.hostpid-pod.hostpid-pod,yaml,nao
yaml.kubernetes.security.legacy-api-clusterrole-excessive-permissions.legacy-api-clusterrole-excessive-permissions,yaml,nao
yaml.kubernetes.security.privileged-container.privileged-container,yaml,nao
yaml.kubernetes.security.run-as-non-root.run-as-non-root,yaml,nao
yaml.kubernetes.security.seccomp-confinement-disabled.seccomp-confinement-disabled,yaml,nao
yaml.kubernetes.security.skip-tls-verify-cluster.skip-tls-verify-cluster,yaml,nao
yaml.kubernetes.security.skip-tls-verify-service.skip-tls-verify-service,yaml,nao
yaml.openapi.security.openai-consequential-action-false.openai-consequential-action-false,yaml,nao
yaml.openapi.security.use-of-basic-authentication.use-of-basic-authentication,yaml,nao
