cve,ferramenta,status_vulneravel,status_corrigida,detectado_criterio_benchmark,resultado,regras,alertas_vulneravel,alertas_corrigida
CVE-2016-10735,codeql,OK,OK,true,reconhecida,js/xss-through-dom,42,41
CVE-2016-10735,semgrep,OK,OK,false,nao_computavel,,,
CVE-2016-10735,snyk-code,OK,OK,false,nao_computavel,,,
CVE-2017-0931,codeql,SEM_ACHADOS,SEM_ACHADOS,false,nao_computavel,,,
CVE-2017-0931,semgrep,SEM_ACHADOS,SEM_ACHADOS,false,nao_computavel,,,
CVE-2017-0931,snyk-code,SEM_ACHADOS,SEM_ACHADOS,false,nao_computavel,,,
CVE-2017-1000006,codeql,OK,OK,false,nao_computavel,,,
CVE-2017-1000006,semgrep,OK,OK,false,nao_computavel,,,
CVE-2017-1000006,snyk-code,OK,OK,false,nao_computavel,,,
CVE-2017-1000219,codeql,OK,SEM_ACHADOS,false,nao_computavel,,,
CVE-2017-1000219,semgrep,SEM_ACHADOS,SEM_ACHADOS,false,nao_computavel,,,
CVE-2017-1000219,snyk-code,SEM_ACHADOS,SEM_ACHADOS,false,nao_computavel,,,
CVE-2017-1000427,codeql,OK,OK,true,reconhecida,js/incomplete-url-scheme-check,1,0
CVE-2017-1000427,semgrep,OK,OK,false,nao_computavel,,,
CVE-2017-1000427,snyk-code,OK,OK,false,nao_computavel,,,
CVE-2017-1001004,codeql,OK,OK,false,nao_computavel,,,
CVE-2017-1001004,semgrep,OK,OK,false,nao_computavel,,,
CVE-2017-1001004,snyk-code,SEM_ACHADOS,OK,false,nao_computavel,,,
CVE-2017-10910,codeql,OK,OK,false,nao_computavel,,,
CVE-2017-10910,semgrep,OK,OK,false,nao_computavel,,,
CVE-2017-10910,snyk-code,OK,OK,false,nao_computavel,,,
CVE-2017-15010,codeql,OK,OK,false,nao_computavel,,,
CVE-2017-15010,semgrep,SEM_ACHADOS,SEM_ACHADOS,false,nao_computavel,,,
CVE-2017-15010,snyk-code,SEM_ACHADOS,SEM_ACHADOS,false,nao_computavel,,,
CVE-2017-16003,codeql,OK,SEM_ACHADOS,true,reconhecida,js/insecure-download,1,0
CVE-2017-16003,semgrep,OK,OK,false,nao_computavel,,,
CVE-2017-16003,snyk-code,SEM_ACHADOS,SEM_ACHADOS,false,nao_computavel,,,
CVE-2017-16006,codeql,OK,OK,true,reconhecida,js/incomplete-url-scheme-check,2,1
CVE-2017-16006,semgrep,OK,OK,false,nao_computavel,,,
CVE-2017-16006,snyk-code,OK,OK,false,nao_computavel,,,
CVE-2017-16011,codeql,OK,OK,false,nao_computavel,,,
CVE-2017-16011,semgrep,OK,OK,false,nao_computavel,,,
CVE-2017-16011,snyk-code,OK,OK,false,nao_computavel,,,
CVE-2017-16014,codeql,OK,OK,false,nao_computavel,,,
CVE-2017-16014,semgrep,OK,OK,false,nao_computavel,,,
CVE-2017-16014,snyk-code,OK,OK,false,nao_computavel,,,
CVE-2017-16018,codeql,OK,OK,false,nao_computavel,,,
CVE-2017-16018,semgrep,OK,OK,false,nao_computavel,,,
CVE-2017-16018,snyk-code,OK,OK,true,nao_reconhecida,javascript/ServerLeak,2,2
CVE-2017-16023,codeql,SEM_ACHADOS,SEM_ACHADOS,false,nao_computavel,,,
CVE-2017-16023,semgrep,OK,OK,true,nao_reconhecida,javascript.lang.security.audit.detect-non-literal-regexp.detect-non-literal-regexp,1,1
CVE-2017-16023,snyk-code,SEM_ACHADOS,SEM_ACHADOS,false,nao_computavel,,,
CVE-2017-16026,codeql,OK,OK,false,nao_computavel,,,
CVE-2017-16026,semgrep,OK,OK,false,nao_computavel,,,
CVE-2017-16026,snyk-code,OK,OK,false,nao_computavel,,,
CVE-2017-16028,codeql,SEM_ACHADOS,SEM_ACHADOS,false,nao_computavel,,,
CVE-2017-16028,semgrep,OK,OK,false,nao_computavel,,,
CVE-2017-16028,snyk-code,SEM_ACHADOS,SEM_ACHADOS,false,nao_computavel,,,
CVE-2017-16029,codeql,SEM_ACHADOS,OK,false,nao_computavel,,,
CVE-2017-16029,semgrep,OK,OK,false,nao_computavel,,,
CVE-2017-16029,snyk-code,OK,OK,true,reconhecida,javascript/PT,4,2
CVE-2017-16030,codeql,OK,OK,false,nao_computavel,,,
CVE-2017-16030,semgrep,OK,OK,false,nao_computavel,,,
CVE-2017-16030,snyk-code,OK,OK,false,nao_computavel,,,
CVE-2017-16031,codeql,OK,OK,false,nao_computavel,,,
CVE-2017-16031,semgrep,OK,OK,false,nao_computavel,,,
CVE-2017-16031,snyk-code,OK,OK,false,nao_computavel,,,
CVE-2017-16034,codeql,SEM_ACHADOS,SEM_ACHADOS,false,nao_computavel,,,
CVE-2017-16034,semgrep,OK,OK,false,nao_computavel,,,
CVE-2017-16034,snyk-code,OK,OK,false,nao_computavel,,,
CVE-2017-16042,codeql,OK,OK,false,nao_computavel,,,
CVE-2017-16042,semgrep,OK,OK,false,nao_computavel,,,
CVE-2017-16042,snyk-code,SEM_ACHADOS,SEM_ACHADOS,false,nao_computavel,,,
CVE-2017-16043,codeql,OK,OK,false,nao_computavel,,,
CVE-2017-16043,semgrep,OK,OK,false,nao_computavel,,,
CVE-2017-16043,snyk-code,OK,OK,false,nao_computavel,,,
CVE-2017-16082,codeql,OK,OK,true,reconhecida,js/incomplete-sanitization,1,0
CVE-2017-16082,semgrep,OK,OK,true,reconhecida,javascript.lang.security.audit.incomplete-sanitization.incomplete-sanitization,1,0
CVE-2017-16082,snyk-code,OK,OK,false,nao_computavel,,,
CVE-2017-16083,codeql,OK,OK,false,nao_computavel,,,
CVE-2017-16083,semgrep,OK,OK,false,nao_computavel,,,
CVE-2017-16083,snyk-code,OK,OK,false,nao_computavel,,,
CVE-2017-16084,codeql,SEM_ACHADOS,SEM_ACHADOS,false,nao_computavel,,,
CVE-2017-16084,semgrep,OK,OK,false,nao_computavel,,,
CVE-2017-16084,snyk-code,OK,OK,false,nao_computavel,,,
CVE-2017-16087,codeql,OK,SEM_ACHADOS,false,nao_computavel,,,
CVE-2017-16087,semgrep,OK,SEM_ACHADOS,false,nao_computavel,,,
CVE-2017-16087,snyk-code,SEM_ACHADOS,SEM_ACHADOS,false,nao_computavel,,,
CVE-2017-16098,codeql,OK,SEM_ACHADOS,true,reconhecida,js/polynomial-redos,1,0
CVE-2017-16098,semgrep,SEM_ACHADOS,SEM_ACHADOS,false,nao_computavel,,,
CVE-2017-16098,snyk-code,SEM_ACHADOS,SEM_ACHADOS,false,nao_computavel,,,
CVE-2017-16100,codeql,OK,OK,true,nao_reconhecida,js/shell-command-injection-from-environment,1,1
CVE-2017-16100,semgrep,OK,OK,true,nao_reconhecida,javascript.shelljs.security.shelljs-exec-injection.shelljs-exec-injection,1,1
CVE-2017-16100,snyk-code,SEM_ACHADOS,SEM_ACHADOS,false,nao_computavel,,,
CVE-2017-16107,codeql,OK,OK,true,reconhecida,js/path-injection,1,0
CVE-2017-16107,semgrep,SEM_ACHADOS,SEM_ACHADOS,false,nao_computavel,,,
CVE-2017-16107,snyk-code,OK,OK,true,reconhecida,javascript/PT,1,0
CVE-2017-16114,codeql,OK,OK,true,reconhecida,js/redos,2,1
CVE-2017-16114,semgrep,OK,OK,false,nao_computavel,,,
CVE-2017-16114,snyk-code,OK,OK,false,nao_computavel,,,
CVE-2017-16117,codeql,OK,SEM_ACHADOS,true,reconhecida,js/polynomial-redos,1,0
CVE-2017-16117,semgrep,OK,OK,false,nao_computavel,,,
CVE-2017-16117,snyk-code,SEM_ACHADOS,SEM_ACHADOS,false,nao_computavel,,,
CVE-2017-16118,codeql,OK,SEM_ACHADOS,false,nao_computavel,,,
CVE-2017-16118,semgrep,SEM_ACHADOS,SEM_ACHADOS,false,nao_computavel,,,
CVE-2017-16118,snyk-code,SEM_ACHADOS,SEM_ACHADOS,false,nao_computavel,,,
CVE-2017-16119,codeql,OK,SEM_ACHADOS,false,nao_computavel,,,
CVE-2017-16119,semgrep,OK,OK,false,nao_computavel,,,
CVE-2017-16119,snyk-code,SEM_ACHADOS,SEM_ACHADOS,false,nao_computavel,,,
CVE-2017-16136,codeql,OK,OK,false,nao_computavel,,,
CVE-2017-16136,semgrep,SEM_ACHADOS,SEM_ACHADOS,false,nao_computavel,,,
CVE-2017-16136,snyk-code,OK,OK,false,nao_computavel,,,
CVE-2017-16137,codeql,OK,OK,false,nao_computavel,,,
CVE-2017-16137,semgrep,OK,OK,false,nao_computavel,,,
CVE-2017-16137,snyk-code,OK,OK,false,nao_computavel,,,
CVE-2017-16138,codeql,OK,SEM_ACHADOS,true,reconhecida,js/polynomial-redos,2,0
CVE-2017-16138,semgrep,SEM_ACHADOS,SEM_ACHADOS,false,nao_computavel,,,
CVE-2017-16138,snyk-code,SEM_ACHADOS,SEM_ACHADOS,false,nao_computavel,,,
CVE-2017-16224,codeql,OK,OK,true,reconhecida,js/server-side-unvalidated-url-redirection,1,0
CVE-2017-16224,semgrep,OK,OK,false,nao_computavel,,,
CVE-2017-16224,snyk-code,OK,OK,false,nao_computavel,,,
CVE-2017-16226,codeql,SEM_ACHADOS,SEM_ACHADOS,false,nao_computavel,,,
CVE-2017-16226,semgrep,SEM_ACHADOS,SEM_ACHADOS,false,nao_computavel,,,
CVE-2017-16226,snyk-code,SEM_ACHADOS,SEM_ACHADOS,false,nao_computavel,,,
CVE-2017-16877,codeql,OK,OK,false,nao_computavel,,,
CVE-2017-16877,semgrep,OK,OK,false,nao_computavel,,,
CVE-2017-16877,snyk-code,OK,OK,false,nao_computavel,,,
CVE-2017-17461,codeql,OK,OK,false,nao_computavel,,,
CVE-2017-17461,semgrep,OK,OK,false,nao_computavel,,,
CVE-2017-17461,snyk-code,OK,OK,false,nao_computavel,,,
CVE-2017-18077,codeql,OK,SEM_ACHADOS,true,reconhecida,js/redos,1,0
CVE-2017-18077,semgrep,SEM_ACHADOS,SEM_ACHADOS,false,nao_computavel,,,
CVE-2017-18077,snyk-code,SEM_ACHADOS,SEM_ACHADOS,false,nao_computavel,,,
CVE-2017-18214,codeql,OK,OK,false,nao_computavel,,,
CVE-2017-18214,semgrep,OK,OK,false,nao_computavel,,,
CVE-2017-18214,snyk-code,SEM_ACHADOS,SEM_ACHADOS,false,nao_computavel,,,
CVE-2017-18352,codeql,OK,OK,true,reconhecida,js/reflected-xss,3,1
CVE-2017-18352,semgrep,OK,OK,false,nao_computavel,,,
CVE-2017-18352,snyk-code,OK,OK,true,reconhecida,javascript/XSS,2,1
CVE-2017-18353,codeql,OK,OK,true,reconhecida,js/reflected-xss,3,1
CVE-2017-18353,semgrep,OK,OK,false,nao_computavel,,,
CVE-2017-18353,snyk-code,OK,OK,false,nao_computavel,,,
CVE-2017-18354,codeql,OK,OK,true,nao_reconhecida,js/request-forgery,1,1
CVE-2017-18354,semgrep,OK,OK,true,nao_reconhecida,javascript.chrome-remote-interface.security.audit.chrome-remote-interface-compilescript-injection.chrome-remote-interface-compilescript-injection,2,2
CVE-2017-18354,snyk-code,OK,OK,false,nao_computavel,,,
CVE-2017-18355,codeql,OK,OK,true,nao_reconhecida,js/request-forgery,1,1
CVE-2017-18355,semgrep,OK,OK,true,nao_reconhecida,javascript.chrome-remote-interface.security.audit.chrome-remote-interface-compilescript-injection.chrome-remote-interface-compilescript-injection,2,2
CVE-2017-18355,snyk-code,OK,OK,false,nao_computavel,,,
CVE-2017-18635,codeql,OK,OK,false,nao_computavel,,,
CVE-2017-18635,semgrep,OK,OK,false,nao_computavel,,,
CVE-2017-18635,snyk-code,OK,OK,false,nao_computavel,,,
CVE-2017-5954,codeql,OK,OK,true,nao_reconhecida,js/unsafe-code-construction,1,1
CVE-2017-5954,semgrep,SEM_ACHADOS,SEM_ACHADOS,false,nao_computavel,,,
CVE-2017-5954,snyk-code,SEM_ACHADOS,SEM_ACHADOS,false,nao_computavel,,,
CVE-2018-1000086,codeql,OK,OK,false,nao_computavel,,,
CVE-2018-1000086,semgrep,OK,OK,false,nao_computavel,,,
CVE-2018-1000086,snyk-code,OK,OK,false,nao_computavel,,,
CVE-2018-1000620,codeql,OK,SEM_ACHADOS,true,reconhecida,js/biased-cryptographic-random,1,0
CVE-2018-1000620,semgrep,SEM_ACHADOS,SEM_ACHADOS,false,nao_computavel,,,
CVE-2018-1000620,snyk-code,SEM_ACHADOS,SEM_ACHADOS,false,nao_computavel,,,
CVE-2018-1002203,codeql,SEM_ACHADOS,SEM_ACHADOS,false,nao_computavel,,,
CVE-2018-1002203,semgrep,OK,OK,true,reconhecida,javascript.lang.security.audit.path-traversal.path-join-resolve-traversal.path-join-resolve-traversal,2,0
CVE-2018-1002203,snyk-code,SEM_ACHADOS,SEM_ACHADOS,false,nao_computavel,,,
CVE-2018-1002204,codeql,OK,OK,true,nao_reconhecida,js/file-system-race,2,2
CVE-2018-1002204,semgrep,OK,OK,false,nao_computavel,,,
CVE-2018-1002204,snyk-code,SEM_ACHADOS,SEM_ACHADOS,false,nao_computavel,,,
CVE-2018-11093,codeql,SEM_ACHADOS,SEM_ACHADOS,false,nao_computavel,,,
CVE-2018-11093,semgrep,SEM_ACHADOS,SEM_ACHADOS,false,nao_computavel,,,
CVE-2018-11093,snyk-code,SEM_ACHADOS,SEM_ACHADOS,false,nao_computavel,,,
CVE-2018-11615,codeql,OK,OK,true,reconhecida,js/incomplete-sanitization,1,0
CVE-2018-11615,semgrep,OK,OK,true,nao_reconhecida,javascript.lang.security.audit.detect-non-literal-regexp.detect-non-literal-regexp,1,1
CVE-2018-11615,snyk-code,OK,OK,false,nao_computavel,,,
CVE-2018-11798,codeql,OK,OK,true,reconhecida,js/path-injection,3,0
CVE-2018-11798,semgrep,OK,OK,false,nao_computavel,,,
CVE-2018-11798,snyk-code,OK,OK,false,nao_computavel,,,
CVE-2018-13797,codeql,OK,OK,true,reconhecida,js/shell-command-constructed-from-input|js/unnecessary-use-of-cat,2|1,0|1
CVE-2018-13797,semgrep,OK,OK,false,nao_computavel,,,
CVE-2018-13797,snyk-code,SEM_ACHADOS,SEM_ACHADOS,false,nao_computavel,,,
CVE-2018-13863,codeql,OK,OK,false,nao_computavel,,,
CVE-2018-13863,semgrep,OK,OK,false,nao_computavel,,,
CVE-2018-13863,snyk-code,OK,OK,false,nao_computavel,,,
CVE-2018-14040,codeql,OK,OK,false,nao_computavel,,,
CVE-2018-14040,semgrep,OK,OK,false,nao_computavel,,,
CVE-2018-14040,snyk-code,OK,OK,false,nao_computavel,,,
CVE-2018-14041,codeql,OK,OK,false,nao_computavel,,,
CVE-2018-14041,semgrep,OK,OK,false,nao_computavel,,,
CVE-2018-14041,snyk-code,OK,OK,false,nao_computavel,,,
CVE-2018-14042,codeql,OK,OK,false,nao_computavel,,,
CVE-2018-14042,semgrep,OK,OK,false,nao_computavel,,,
CVE-2018-14042,snyk-code,OK,OK,false,nao_computavel,,,
CVE-2018-14380,codeql,OK,OK,false,nao_computavel,,,
CVE-2018-14380,semgrep,OK,OK,false,nao_computavel,,,
CVE-2018-14380,snyk-code,OK,OK,false,nao_computavel,,,
CVE-2018-16460,codeql,OK,SEM_ACHADOS,true,reconhecida,js/shell-command-constructed-from-input,1,0
CVE-2018-16460,semgrep,OK,SEM_ACHADOS,true,reconhecida,javascript.lang.security.detect-child-process.detect-child-process,1,0
CVE-2018-16460,snyk-code,SEM_ACHADOS,SEM_ACHADOS,false,nao_computavel,,,
CVE-2018-16461,codeql,OK,OK,false,nao_computavel,,,
CVE-2018-16461,semgrep,SEM_ACHADOS,SEM_ACHADOS,false,nao_computavel,,,
CVE-2018-16461,snyk-code,SEM_ACHADOS,SEM_ACHADOS,false,nao_computavel,,,
CVE-2018-16462,codeql,OK,SEM_ACHADOS,false,nao_computavel,,,
CVE-2018-16462,semgrep,OK,OK,false,nao_computavel,,,
CVE-2018-16462,snyk-code,SEM_ACHADOS,SEM_ACHADOS,false,nao_computavel,,,
CVE-2018-16472,codeql,SEM_ACHADOS,SEM_ACHADOS,false,nao_computavel,,,
CVE-2018-16472,semgrep,SEM_ACHADOS,SEM_ACHADOS,false,nao_computavel,,,
CVE-2018-16472,snyk-code,SEM_ACHADOS,SEM_ACHADOS,false,nao_computavel,,,
CVE-2018-16478,codeql,OK,OK,true,reconhecida,js/path-injection,5,0
CVE-2018-16478,semgrep,OK,OK,false,nao_computavel,,,
CVE-2018-16478,snyk-code,OK,OK,true,nao_reconhecida,javascript/PT,4,4
CVE-2018-16479,codeql,OK,OK,true,nao_reconhecida,js/path-injection,2,2
CVE-2018-16479,semgrep,OK,OK,false,nao_computavel,,,
CVE-2018-16479,snyk-code,SEM_ARQUIVO_ANALISAVEL,SEM_ARQUIVO_ANALISAVEL,,ausente,,,
CVE-2018-16480,codeql,OK,OK,true,reconhecida,js/reflected-xss|js/stored-xss,2|1,2|0
CVE-2018-16480,semgrep,OK,OK,false,nao_computavel,,,
CVE-2018-16480,snyk-code,SEM_ARQUIVO_ANALISAVEL,SEM_ARQUIVO_ANALISAVEL,,ausente,,,
CVE-2018-16484,codeql,OK,OK,true,reconhecida,js/reflected-xss|js/stored-xss,1|1,1|0
CVE-2018-16484,semgrep,OK,OK,false,nao_computavel,,,
CVE-2018-16484,snyk-code,OK,OK,false,nao_computavel,,,
CVE-2018-16485,codeql,OK,OK,true,reconhecida,js/path-injection,5,0
CVE-2018-16485,semgrep,OK,OK,false,nao_computavel,,,
CVE-2018-16485,snyk-code,OK,OK,false,nao_computavel,,,
CVE-2018-16487,codeql,OK,OK,true,nao_reconhecida,js/prototype-polluting-assignment,4,4
CVE-2018-16487,semgrep,OK,OK,false,nao_computavel,,,
CVE-2018-16487,snyk-code,OK,OK,false,nao_computavel,,,
CVE-2018-16489,codeql,OK,OK,false,nao_computavel,,,
CVE-2018-16489,semgrep,OK,OK,false,nao_computavel,,,
CVE-2018-16489,snyk-code,SEM_ACHADOS,SEM_ACHADOS,false,nao_computavel,,,
CVE-2018-16490,codeql,OK,OK,true,nao_reconhecida,js/prototype-polluting-assignment,6,6
CVE-2018-16490,semgrep,OK,OK,false,nao_computavel,,,
CVE-2018-16490,snyk-code,SEM_ACHADOS,SEM_ACHADOS,false,nao_computavel,,,
CVE-2018-16491,codeql,OK,SEM_ACHADOS,false,nao_computavel,,,
CVE-2018-16491,semgrep,OK,OK,false,nao_computavel,,,
CVE-2018-16491,snyk-code,SEM_ACHADOS,SEM_ACHADOS,false,nao_computavel,,,
CVE-2018-16492,codeql,OK,SEM_ACHADOS,true,reconhecida,js/prototype-pollution-utility,1,0
CVE-2018-16492,semgrep,OK,OK,false,nao_computavel,,,
CVE-2018-16492,snyk-code,SEM_ACHADOS,SEM_ACHADOS,false,nao_computavel,,,
CVE-2018-18282,codeql,OK,OK,true,reconhecida,js/bad-code-sanitization,2,0
CVE-2018-18282,semgrep,OK,OK,false,nao_computavel,,,
CVE-2018-18282,snyk-code,OK,OK,false,nao_computavel,,,
CVE-2018-19048,codeql,OK,OK,true,reconhecida,js/xss-through-dom,4,2
CVE-2018-19048,semgrep,OK,OK,false,nao_computavel,,,
CVE-2018-19048,snyk-code,OK,OK,false,nao_computavel,,,
CVE-2018-20164,codeql,SEM_ACHADOS,SEM_ACHADOS,false,nao_computavel,,,
CVE-2018-20164,semgrep,SEM_ACHADOS,SEM_ACHADOS,false,nao_computavel,,,
CVE-2018-20164,snyk-code,SEM_ACHADOS,SEM_ACHADOS,false,nao_computavel,,,
CVE-2018-20676,codeql,OK,OK,true,reconhecida,js/unsafe-jquery-plugin,6,4
CVE-2018-20676,semgrep,OK,OK,false,nao_computavel,,,
CVE-2018-20676,snyk-code,OK,OK,false,nao_computavel,,,
CVE-2018-20677,codeql,OK,OK,true,reconhecida,js/unsafe-jquery-plugin,6,4
CVE-2018-20677,semgrep,OK,OK,false,nao_computavel,,,
CVE-2018-20677,snyk-code,OK,OK,false,nao_computavel,,,
CVE-2018-20801,codeql,OK,OK,false,nao_computavel,,,
CVE-2018-20801,semgrep,OK,OK,false,nao_computavel,,,
CVE-2018-20801,snyk-code,OK,OK,false,nao_computavel,,,
CVE-2018-20834,codeql,OK,OK,false,nao_computavel,,,
CVE-2018-20834,semgrep,OK,OK,false,nao_computavel,,,
CVE-2018-20834,snyk-code,OK,OK,false,nao_computavel,,,
CVE-2018-20835,codeql,OK,OK,false,nao_computavel,,,
CVE-2018-20835,semgrep,OK,OK,false,nao_computavel,,,
CVE-2018-20835,snyk-code,OK,OK,true,nao_reconhecida,javascript/ZipSlip,8,8
CVE-2018-21036,codeql,SEM_ACHADOS,SEM_ACHADOS,false,nao_computavel,,,
CVE-2018-21036,semgrep,OK,OK,false,nao_computavel,,,
CVE-2018-21036,snyk-code,OK,OK,false,nao_computavel,,,
CVE-2018-3712,codeql,OK,OK,true,nao_reconhecida,js/path-injection,7,7
CVE-2018-3712,semgrep,SEM_ACHADOS,SEM_ACHADOS,false,nao_computavel,,,
CVE-2018-3712,snyk-code,OK,OK,false,nao_computavel,,,
CVE-2018-3713,codeql,OK,OK,false,nao_computavel,,,
CVE-2018-3713,semgrep,OK,OK,false,nao_computavel,,,
CVE-2018-3713,snyk-code,OK,OK,false,nao_computavel,,,
CVE-2018-3718,codeql,OK,OK,true,nao_reconhecida,js/path-injection,7,7
CVE-2018-3718,semgrep,SEM_ACHADOS,SEM_ACHADOS,false,nao_computavel,,,
CVE-2018-3718,snyk-code,OK,OK,false,nao_computavel,,,
CVE-2018-3719,codeql,OK,SEM_ACHADOS,true,reconhecida,js/prototype-pollution-utility,1,0
CVE-2018-3719,semgrep,SEM_ACHADOS,SEM_ACHADOS,false,nao_computavel,,,
CVE-2018-3719,snyk-code,SEM_ACHADOS,SEM_ACHADOS,false,nao_computavel,,,
CVE-2018-3721,codeql,OK,OK,true,nao_reconhecida,js/prototype-polluting-assignment,4,4
CVE-2018-3721,semgrep,OK,OK,false,nao_computavel,,,
CVE-2018-3721,snyk-code,OK,OK,false,nao_computavel,,,
CVE-2018-3722,codeql,SEM_ACHADOS,SEM_ACHADOS,false,nao_computavel,,,
CVE-2018-3722,semgrep,SEM_ACHADOS,SEM_ACHADOS,false,nao_computavel,,,
CVE-2018-3722,snyk-code,SEM_ACHADOS,SEM_ACHADOS,false,nao_computavel,,,
CVE-2018-3725,codeql,OK,OK,true,reconhecida,js/path-injection,13,0
CVE-2018-3725,semgrep,SEM_ACHADOS,SEM_ACHADOS,false,nao_computavel,,,
CVE-2018-3725,snyk-code,SEM_ACHADOS,SEM_ACHADOS,false,nao_computavel,,,
CVE-2018-3726,codeql,OK,OK,true,reconhecida,js/reflected-xss,1,0
CVE-2018-3726,semgrep,OK,OK,false,nao_computavel,,,
CVE-2018-3726,snyk-code,OK,OK,true,nao_reconhecida,javascript/XSS,3,3
CVE-2018-3728,codeql,OK,OK,true,reconhecida,js/prototype-pollution-utility,2,1
CVE-2018-3728,semgrep,OK,OK,false,nao_computavel,,,
CVE-2018-3728,snyk-code,SEM_ACHADOS,SEM_ACHADOS,false,nao_computavel,,,
CVE-2018-3731,codeql,OK,OK,true,reconhecida,js/path-injection,2,0
CVE-2018-3731,semgrep,OK,OK,false,nao_computavel,,,
CVE-2018-3731,snyk-code,SEM_ARQUIVO_ANALISAVEL,SEM_ARQUIVO_ANALISAVEL,,ausente,,,
CVE-2018-3732,codeql,SEM_ACHADOS,SEM_ACHADOS,false,nao_computavel,,,
CVE-2018-3732,semgrep,SEM_ACHADOS,SEM_ACHADOS,false,nao_computavel,,,
CVE-2018-3732,snyk-code,SEM_ACHADOS,SEM_ACHADOS,false,nao_computavel,,,
CVE-2018-3733,codeql,OK,OK,true,reconhecida,js/path-injection,13,0
CVE-2018-3733,semgrep,OK,OK,false,nao_computavel,,,
CVE-2018-3733,snyk-code,OK,OK,true,nao_reconhecida,javascript/PT,11,11
CVE-2018-3736,codeql,OK,OK,false,nao_computavel,,,
CVE-2018-3736,semgrep,OK,OK,false,nao_computavel,,,
CVE-2018-3736,snyk-code,OK,OK,false,nao_computavel,,,
CVE-2018-3737,codeql,OK,OK,false,nao_computavel,,,
CVE-2018-3737,semgrep,OK,OK,false,nao_computavel,,,
CVE-2018-3737,snyk-code,OK,OK,false,nao_computavel,,,
CVE-2018-3738,codeql,OK,OK,true,reconhecida,js/redos,1,0
CVE-2018-3738,semgrep,OK,OK,false,nao_computavel,,,
CVE-2018-3738,snyk-code,OK,OK,false,nao_computavel,,,
CVE-2018-3743,codeql,OK,OK,true,reconhecida,js/server-side-unvalidated-url-redirection,3,2
CVE-2018-3743,semgrep,SEM_ACHADOS,SEM_ACHADOS,false,nao_computavel,,,
CVE-2018-3743,snyk-code,SEM_ACHADOS,SEM_ACHADOS,false,nao_computavel,,,
CVE-2018-3746,codeql,SEM_ACHADOS,SEM_ACHADOS,false,nao_computavel,,,
CVE-2018-3746,semgrep,SEM_ACHADOS,SEM_ACHADOS,false,nao_computavel,,,
CVE-2018-3746,snyk-code,SEM_ACHADOS,SEM_ACHADOS,false,nao_computavel,,,
CVE-2018-3747,codeql,OK,OK,true,reconhecida,js/reflected-xss|js/stored-xss,2|1,2|0
CVE-2018-3747,semgrep,OK,OK,false,nao_computavel,,,
CVE-2018-3747,snyk-code,SEM_ARQUIVO_ANALISAVEL,SEM_ARQUIVO_ANALISAVEL,,ausente,,,
CVE-2018-3750,codeql,OK,SEM_ACHADOS,false,nao_computavel,,,
CVE-2018-3750,semgrep,OK,OK,false,nao_computavel,,,
CVE-2018-3750,snyk-code,SEM_ACHADOS,SEM_ACHADOS,false,nao_computavel,,,
CVE-2018-3752,codeql,SEM_ACHADOS,SEM_ACHADOS,false,nao_computavel,,,
CVE-2018-3752,semgrep,SEM_ACHADOS,SEM_ACHADOS,false,nao_computavel,,,
CVE-2018-3752,snyk-code,SEM_ACHADOS,SEM_ACHADOS,false,nao_computavel,,,
CVE-2018-3757,codeql,OK,OK,false,nao_computavel,,,
CVE-2018-3757,semgrep,OK,OK,false,nao_computavel,,,
CVE-2018-3757,snyk-code,SEM_ACHADOS,SEM_ACHADOS,false,nao_computavel,,,
CVE-2018-3770,codeql,SEM_ACHADOS,SEM_ACHADOS,false,nao_computavel,,,
CVE-2018-3770,semgrep,OK,OK,false,nao_computavel,,,
CVE-2018-3770,snyk-code,SEM_ACHADOS,SEM_ACHADOS,false,nao_computavel,,,
CVE-2018-3772,codeql,OK,SEM_ACHADOS,true,reconhecida,js/shell-command-constructed-from-input,1,0
CVE-2018-3772,semgrep,OK,SEM_ACHADOS,true,reconhecida,javascript.lang.security.detect-child-process.detect-child-process,4,0
CVE-2018-3772,snyk-code,SEM_ACHADOS,SEM_ACHADOS,false,nao_computavel,,,
CVE-2018-3783,codeql,OK,OK,true,reconhecida,js/sql-injection,3,0
CVE-2018-3783,semgrep,OK,OK,false,nao_computavel,,,
CVE-2018-3783,snyk-code,OK,OK,false,nao_computavel,,,
CVE-2018-3786,codeql,OK,OK,true,reconhecida,js/shell-command-constructed-from-input,1,0
CVE-2018-3786,semgrep,OK,OK,false,nao_computavel,,,
CVE-2018-3786,snyk-code,OK,OK,false,nao_computavel,,,
CVE-2018-6184,codeql,OK,OK,false,nao_computavel,,,
CVE-2018-6184,semgrep,OK,OK,false,nao_computavel,,,
CVE-2018-6184,snyk-code,OK,OK,false,nao_computavel,,,
CVE-2018-6333,codeql,OK,OK,false,nao_computavel,,,
CVE-2018-6333,semgrep,OK,OK,false,nao_computavel,,,
CVE-2018-6333,snyk-code,OK,OK,false,nao_computavel,,,
CVE-2018-6341,codeql,OK,OK,false,nao_computavel,,,
CVE-2018-6341,semgrep,OK,OK,false,nao_computavel,,,
CVE-2018-6341,snyk-code,OK,OK,false,nao_computavel,,,
CVE-2018-6342,codeql,OK,OK,true,nao_reconhecida,js/command-line-injection|js/indirect-command-line-injection,1|3,1|3
CVE-2018-6342,semgrep,OK,OK,false,nao_computavel,,,
CVE-2018-6342,snyk-code,OK,OK,false,nao_computavel,,,
CVE-2018-7560,codeql,OK,OK,false,nao_computavel,,,
CVE-2018-7560,semgrep,OK,SEM_ACHADOS,true,reconhecida,javascript.lang.security.audit.detect-non-literal-regexp.detect-non-literal-regexp,1,0
CVE-2018-7560,snyk-code,SEM_ACHADOS,SEM_ACHADOS,false,nao_computavel,,,
CVE-2018-7651,codeql,OK,OK,false,nao_computavel,,,
CVE-2018-7651,semgrep,SEM_ACHADOS,SEM_ACHADOS,false,nao_computavel,,,
CVE-2018-7651,snyk-code,OK,OK,false,nao_computavel,,,
CVE-2019-10061,codeql,OK,OK,true,reconhecida,js/indirect-command-line-injection,1,0
CVE-2019-10061,semgrep,OK,OK,false,nao_computavel,,,
CVE-2019-10061,snyk-code,OK,OK,true,reconhecida,javascript/IndirectCommandInjection,1,0
CVE-2019-10090,codeql,OK,OK,false,nao_computavel,,,
CVE-2019-10090,semgrep,OK,OK,false,nao_computavel,,,
CVE-2019-10090,snyk-code,OK,OK,false,nao_computavel,,,
CVE-2019-1010091,codeql,OK,OK,true,reconhecida,js/incomplete-multi-character-sanitization,2,1
CVE-2019-1010091,semgrep,OK,OK,false,nao_computavel,,,
CVE-2019-1010091,snyk-code,OK,OK,false,nao_computavel,,,
CVE-2019-1010266,codeql,OK,OK,false,nao_computavel,,,
CVE-2019-1010266,semgrep,OK,OK,false,nao_computavel,,,
CVE-2019-1010266,snyk-code,OK,OK,false,nao_computavel,,,
CVE-2019-1020012,codeql,OK,OK,false,nao_computavel,,,
CVE-2019-1020012,semgrep,OK,OK,false,nao_computavel,,,
CVE-2019-1020012,snyk-code,OK,OK,false,nao_computavel,,,
CVE-2019-10742,codeql,OK,OK,false,nao_computavel,,,
CVE-2019-10742,semgrep,OK,OK,false,nao_computavel,,,
CVE-2019-10742,snyk-code,OK,OK,false,nao_computavel,,,
CVE-2019-10744,codeql,OK,OK,false,nao_computavel,,,
CVE-2019-10744,semgrep,OK,OK,false,nao_computavel,,,
CVE-2019-10744,snyk-code,OK,OK,false,nao_computavel,,,
CVE-2019-10745,codeql,OK,SEM_ACHADOS,true,reconhecida,js/prototype-pollution-utility,1,0
CVE-2019-10745,semgrep,OK,OK,false,nao_computavel,,,
CVE-2019-10745,snyk-code,SEM_ACHADOS,SEM_ACHADOS,false,nao_computavel,,,
CVE-2019-10746,codeql,OK,SEM_ACHADOS,true,reconhecida,js/prototype-pollution-utility,1,0
CVE-2019-10746,semgrep,OK,OK,false,nao_computavel,,,
CVE-2019-10746,snyk-code,SEM_ACHADOS,SEM_ACHADOS,false,nao_computavel,,,
CVE-2019-10747,codeql,OK,OK,true,reconhecida,js/prototype-polluting-assignment|js/prototype-pollution-utility,3|1,3|0
CVE-2019-10747,semgrep,OK,OK,false,nao_computavel,,,
CVE-2019-10747,snyk-code,SEM_ACHADOS,SEM_ACHADOS,false,nao_computavel,,,
CVE-2019-10750,codeql,SEM_ACHADOS,SEM_ACHADOS,false,nao_computavel,,,
CVE-2019-10750,semgrep,SEM_ACHADOS,SEM_ACHADOS,false,nao_computavel,,,
CVE-2019-10750,snyk-code,SEM_ACHADOS,SEM_ACHADOS,false,nao_computavel,,,
CVE-2019-10757,codeql,OK,OK,true,reconhecida,js/identity-replacement,1,0
CVE-2019-10757,semgrep,OK,OK,false,nao_computavel,,,
CVE-2019-10757,snyk-code,OK,OK,false,nao_computavel,,,
CVE-2019-10758,codeql,OK,OK,true,reconhecida,js/code-injection,3,2
CVE-2019-10758,semgrep,OK,OK,false,nao_computavel,,,
CVE-2019-10758,snyk-code,OK,OK,false,nao_computavel,,,
CVE-2019-10759,codeql,SEM_ACHADOS,SEM_ACHADOS,false,nao_computavel,,,
CVE-2019-10759,semgrep,OK,OK,false,nao_computavel,,,
CVE-2019-10759,snyk-code,SEM_ACHADOS,SEM_ACHADOS,false,nao_computavel,,,
CVE-2019-10761,codeql,OK,OK,false,nao_computavel,,,
CVE-2019-10761,semgrep,OK,OK,false,nao_computavel,,,
CVE-2019-10761,snyk-code,SEM_ACHADOS,SEM_ACHADOS,false,nao_computavel,,,
CVE-2019-10765,codeql,OK,OK,true,reconhecida,js/path-injection,6,2
CVE-2019-10765,semgrep,OK,OK,false,nao_computavel,,,
CVE-2019-10765,snyk-code,OK,OK,false,nao_computavel,,,
CVE-2019-10767,codeql,OK,OK,true,nao_reconhecida,js/path-injection,26,26
CVE-2019-10767,semgrep,OK,OK,false,nao_computavel,,,
CVE-2019-10767,snyk-code,OK,OK,false,nao_computavel,,,
CVE-2019-10771,codeql,OK,OK,true,reconhecida,js/reflected-xss,1,0
CVE-2019-10771,semgrep,OK,OK,false,nao_computavel,,,
CVE-2019-10771,snyk-code,OK,OK,true,nao_reconhecida,javascript/XSS,1,1
CVE-2019-10775,codeql,OK,OK,true,nao_reconhecida,js/server-side-unvalidated-url-redirection,1,1
CVE-2019-10775,semgrep,OK,OK,false,nao_computavel,,,
CVE-2019-10775,snyk-code,OK,OK,false,nao_computavel,,,
CVE-2019-10776,codeql,OK,OK,true,nao_reconhecida,js/indirect-command-line-injection|js/shell-command-injection-from-environment,1|1,1|1
CVE-2019-10776,semgrep,OK,OK,false,nao_computavel,,,
CVE-2019-10776,snyk-code,SEM_ACHADOS,SEM_ACHADOS,false,nao_computavel,,,
CVE-2019-10777,codeql,OK,OK,true,nao_reconhecida,js/indirect-command-line-injection,1,1
CVE-2019-10777,semgrep,OK,OK,false,nao_computavel,,,
CVE-2019-10777,snyk-code,SEM_ACHADOS,SEM_ACHADOS,false,nao_computavel,,,
CVE-2019-10778,codeql,OK,OK,true,reconhecida,js/shell-command-constructed-from-input|js/shell-command-injection-from-environment,10|1,0|1
CVE-2019-10778,semgrep,OK,OK,true,nao_reconhecida,javascript.lang.security.detect-child-process.detect-child-process,14,14
CVE-2019-10778,snyk-code,OK,OK,false,nao_computavel,,,
CVE-2019-10781,codeql,OK,OK,false,nao_computavel,,,
CVE-2019-10781,semgrep,OK,OK,false,nao_computavel,,,
CVE-2019-10781,snyk-code,SEM_ACHADOS,SEM_ACHADOS,false,nao_computavel,,,
CVE-2019-10785,codeql,OK,OK,true,reconhecida,js/incomplete-sanitization,12,7
CVE-2019-10785,semgrep,OK,OK,true,reconhecida,javascript.audit.detect-replaceall-sanitization.detect-replaceall-sanitization|javascript.lang.security.audit.incomplete-sanitization.incomplete-sanitization,5|7,0|3
CVE-2019-10785,snyk-code,OK,OK,false,nao_computavel,,,
CVE-2019-11358,codeql,OK,OK,false,nao_computavel,,,
CVE-2019-11358,semgrep,OK,OK,false,nao_computavel,,,
CVE-2019-11358,snyk-code,OK,OK,false,nao_computavel,,,
CVE-2019-12041,codeql,OK,OK,false,nao_computavel,,,
CVE-2019-12041,semgrep,OK,OK,false,nao_computavel,,,
CVE-2019-12041,snyk-code,SEM_ACHADOS,SEM_ACHADOS,false,nao_computavel,,,
CVE-2019-12043,codeql,OK,OK,false,nao_computavel,,,
CVE-2019-12043,semgrep,OK,OK,false,nao_computavel,,,
CVE-2019-12043,snyk-code,OK,OK,false,nao_computavel,,,
CVE-2019-12313,codeql,OK,OK,true,reconhecida,js/html-constructed-from-input|js/xss-through-dom,11|4,9|3
CVE-2019-12313,semgrep,OK,OK,true,reconhecida,typescript.react.security.audit.react-unsanitized-method.react-unsanitized-method,3,2
CVE-2019-12313,snyk-code,SEM_ACHADOS,SEM_ACHADOS,false,nao_computavel,,,
CVE-2019-13127,codeql,OK,OK,false,nao_computavel,,,
CVE-2019-13127,semgrep,OK,OK,false,nao_computavel,,,
CVE-2019-13127,snyk-code,OK,OK,false,nao_computavel,,,
CVE-2019-13173,codeql,SEM_ACHADOS,SEM_ACHADOS,false,nao_computavel,,,
CVE-2019-13173,semgrep,OK,OK,false,nao_computavel,,,
CVE-2019-13173,snyk-code,SEM_ACHADOS,SEM_ACHADOS,false,nao_computavel,,,
CVE-2019-13506,codeql,OK,OK,true,reconhecida,js/bad-code-sanitization,2,0
CVE-2019-13506,semgrep,SEM_ACHADOS,SEM_ACHADOS,false,nao_computavel,,,
CVE-2019-13506,snyk-code,SEM_ACHADOS,SEM_ACHADOS,false,nao_computavel,,,
CVE-2019-14772,codeql,OK,OK,false,nao_computavel,,,
CVE-2019-14772,semgrep,OK,OK,true,nao_reconhecida,typescript.react.security.audit.react-dangerouslysetinnerhtml.react-dangerouslysetinnerhtml,1,1
CVE-2019-14772,snyk-code,OK,OK,false,nao_computavel,,,
CVE-2019-14862,codeql,OK,OK,false,nao_computavel,,,
CVE-2019-14862,semgrep,OK,OK,false,nao_computavel,,,
CVE-2019-14862,snyk-code,SEM_ACHADOS,SEM_ACHADOS,false,nao_computavel,,,
CVE-2019-15478,codeql,OK,OK,true,reconhecida,js/reflected-xss,3,2
CVE-2019-15478,semgrep,OK,OK,false,nao_computavel,,,
CVE-2019-15478,snyk-code,OK,OK,true,nao_reconhecida,javascript/ServerLeak,2,2
CVE-2019-15479,codeql,OK,OK,true,reconhecida,js/reflected-xss,3,2
CVE-2019-15479,semgrep,OK,OK,false,nao_computavel,,,
CVE-2019-15479,snyk-code,OK,OK,true,nao_reconhecida,javascript/ServerLeak,2,2
CVE-2019-15482,codeql,OK,OK,true,reconhecida,js/xss-through-dom,1,0
CVE-2019-15482,semgrep,OK,OK,false,nao_computavel,,,
CVE-2019-15482,snyk-code,SEM_ACHADOS,SEM_ACHADOS,false,nao_computavel,,,
CVE-2019-15532,codeql,OK,OK,false,nao_computavel,,,
CVE-2019-15532,semgrep,OK,OK,false,nao_computavel,,,
CVE-2019-15532,snyk-code,OK,OK,false,nao_computavel,,,
CVE-2019-15657,codeql,SEM_ACHADOS,SEM_ACHADOS,false,nao_computavel,,,
CVE-2019-15657,semgrep,OK,OK,false,nao_computavel,,,
CVE-2019-15657,snyk-code,SEM_ACHADOS,SEM_ACHADOS,false,nao_computavel,,,
CVE-2019-15658,codeql,OK,OK,false,nao_computavel,,,
CVE-2019-15658,semgrep,SEM_ACHADOS,SEM_ACHADOS,false,nao_computavel,,,
CVE-2019-15658,snyk-code,OK,OK,false,nao_computavel,,,
CVE-2019-15782,codeql,OK,OK,false,nao_computavel,,,
CVE-2019-15782,semgrep,OK,OK,false,nao_computavel,,,
CVE-2019-15782,snyk-code,OK,OK,false,nao_computavel,,,
CVE-2019-16763,codeql,OK,OK,true,nao_reconhecida,js/incomplete-url-scheme-check,1,1
CVE-2019-16763,semgrep,OK,OK,false,nao_computavel,,,
CVE-2019-16763,snyk-code,SEM_ACHADOS,SEM_ACHADOS,false,nao_computavel,,,
CVE-2019-16769,codeql,OK,OK,false,nao_computavel,,,
CVE-2019-16769,semgrep,SEM_ACHADOS,SEM_ACHADOS,false,nao_computavel,,,
CVE-2019-16769,snyk-code,SEM_ACHADOS,SEM_ACHADOS,false,nao_computavel,,,
CVE-2019-17495,codeql,OK,OK,false,nao_computavel,,,
CVE-2019-17495,semgrep,OK,OK,true,nao_reconhecida,typescript.react.security.audit.react-dangerouslysetinnerhtml.react-dangerouslysetinnerhtml,2,2
CVE-2019-17495,snyk-code,OK,OK,false,nao_computavel,,,
CVE-2019-17592,codeql,SEM_ACHADOS,SEM_ACHADOS,false,nao_computavel,,,
CVE-2019-17592,semgrep,SEM_ACHADOS,SEM_ACHADOS,false,nao_computavel,,,
CVE-2019-17592,snyk-code,SEM_ACHADOS,SEM_ACHADOS,false,nao_computavel,,,
CVE-2019-18350,codeql,OK,OK,true,reconhecida,js/client-side-unvalidated-url-redirection|js/xss,1|1,0|0
CVE-2019-18350,semgrep,OK,OK,false,nao_computavel,,,
CVE-2019-18350,snyk-code,OK,OK,false,nao_computavel,,,
CVE-2019-18818,codeql,OK,OK,false,nao_computavel,,,
CVE-2019-18818,semgrep,OK,OK,false,nao_computavel,,,
CVE-2019-18818,snyk-code,OK,OK,false,nao_computavel,,,
CVE-2019-18954,codeql,OK,OK,false,nao_computavel,,,
CVE-2019-18954,semgrep,OK,OK,false,nao_computavel,,,
CVE-2019-18954,snyk-code,OK,OK,false,nao_computavel,,,
CVE-2019-19507,codeql,SEM_ACHADOS,OK,false,nao_computavel,,,
CVE-2019-19507,semgrep,OK,OK,false,nao_computavel,,,
CVE-2019-19507,snyk-code,SEM_ACHADOS,SEM_ACHADOS,false,nao_computavel,,,
CVE-2019-20149,codeql,SEM_ACHADOS,SEM_ACHADOS,false,nao_computavel,,,
CVE-2019-20149,semgrep,SEM_ACHADOS,SEM_ACHADOS,false,nao_computavel,,,
CVE-2019-20149,snyk-code,SEM_ACHADOS,SEM_ACHADOS,false,nao_computavel,,,
CVE-2019-20174,codeql,OK,OK,false,nao_computavel,,,
CVE-2019-20174,semgrep,OK,OK,false,nao_computavel,,,
CVE-2019-20174,snyk-code,OK,OK,false,nao_computavel,,,
CVE-2019-5413,codeql,OK,SEM_ACHADOS,false,nao_computavel,,,
CVE-2019-5413,semgrep,SEM_ACHADOS,SEM_ACHADOS,false,nao_computavel,,,
CVE-2019-5413,snyk-code,OK,OK,false,nao_computavel,,,
CVE-2019-5414,codeql,OK,SEM_ACHADOS,true,reconhecida,js/indirect-command-line-injection|js/shell-command-constructed-from-input,2|2,0|0
CVE-2019-5414,semgrep,OK,OK,false,nao_computavel,,,
CVE-2019-5414,snyk-code,OK,OK,false,nao_computavel,,,
CVE-2019-5423,codeql,OK,OK,true,reconhecida,js/incomplete-sanitization,1,0
CVE-2019-5423,semgrep,OK,OK,false,nao_computavel,,,
CVE-2019-5423,snyk-code,SEM_ARQUIVO_ANALISAVEL,SEM_ARQUIVO_ANALISAVEL,,ausente,,,
CVE-2019-5444,codeql,OK,OK,true,nao_reconhecida,js/path-injection,1,1
CVE-2019-5444,semgrep,OK,OK,false,nao_computavel,,,
CVE-2019-5444,snyk-code,OK,OK,false,nao_computavel,,,
CVE-2019-5479,codeql,SEM_ACHADOS,SEM_ACHADOS,false,nao_computavel,,,
CVE-2019-5479,semgrep,OK,OK,true,nao_reconhecida,javascript.lang.security.audit.path-traversal.path-join-resolve-traversal.path-join-resolve-traversal,6,7
CVE-2019-5479,snyk-code,OK,OK,false,nao_computavel,,,
CVE-2019-5483,codeql,OK,OK,true,nao_reconhecida,js/clear-text-logging,1,1
CVE-2019-5483,semgrep,OK,OK,false,nao_computavel,,,
CVE-2019-5483,snyk-code,OK,OK,false,nao_computavel,,,
CVE-2019-5484,codeql,OK,OK,false,nao_computavel,,,
CVE-2019-5484,semgrep,OK,OK,false,nao_computavel,,,
CVE-2019-5484,snyk-code,OK,OK,false,nao_computavel,,,
CVE-2019-8331,codeql,OK,OK,true,reconhecida,js/xss-through-dom,8,7
CVE-2019-8331,semgrep,OK,OK,false,nao_computavel,,,
CVE-2019-8331,snyk-code,OK,OK,false,nao_computavel,,,
CVE-2019-8903,codeql,OK,OK,true,reconhecida,js/incomplete-multi-character-sanitization,4,3
CVE-2019-8903,semgrep,OK,OK,false,nao_computavel,,,
CVE-2019-8903,snyk-code,OK,OK,false,nao_computavel,,,
CVE-2019-9844,codeql,OK,OK,true,reconhecida,js/incomplete-url-scheme-check,1,0
CVE-2019-9844,semgrep,OK,OK,false,nao_computavel,,,
CVE-2019-9844,snyk-code,SEM_ACHADOS,SEM_ACHADOS,false,nao_computavel,,,
CVE-2020-11021,codeql,SEM_ACHADOS,SEM_ACHADOS,false,nao_computavel,,,
CVE-2020-11021,semgrep,OK,OK,false,nao_computavel,,,
CVE-2020-11021,snyk-code,OK,OK,false,nao_computavel,,,
CVE-2020-11022,codeql,OK,OK,true,reconhecida,js/unsafe-html-expansion,3,2
CVE-2020-11022,semgrep,OK,OK,false,nao_computavel,,,
CVE-2020-11022,snyk-code,OK,OK,false,nao_computavel,,,
CVE-2020-11059,codeql,OK,OK,true,nao_reconhecida,js/build-artifact-leak,1,1
CVE-2020-11059,semgrep,OK,OK,false,nao_computavel,,,
CVE-2020-11059,snyk-code,OK,OK,false,nao_computavel,,,
CVE-2020-11079,codeql,OK,OK,true,nao_reconhecida,js/shell-command-injection-from-environment,1,1
CVE-2020-11079,semgrep,OK,OK,true,nao_reconhecida,javascript.shelljs.security.shelljs-exec-injection.shelljs-exec-injection,1,1
CVE-2020-11079,snyk-code,SEM_ACHADOS,SEM_ACHADOS,false,nao_computavel,,,
CVE-2020-12265,codeql,SEM_ACHADOS,SEM_ACHADOS,false,nao_computavel,,,
CVE-2020-12265,semgrep,OK,OK,false,nao_computavel,,,
CVE-2020-12265,snyk-code,SEM_ACHADOS,SEM_ACHADOS,false,nao_computavel,,,
CVE-2020-14000,codeql,OK,OK,false,nao_computavel,,,
CVE-2020-14000,semgrep,OK,OK,false,nao_computavel,,,
CVE-2020-14000,snyk-code,OK,OK,false,nao_computavel,,,
CVE-2020-15092,codeql,OK,OK,false,nao_computavel,,,
CVE-2020-15092,semgrep,OK,OK,false,nao_computavel,,,
CVE-2020-15092,snyk-code,OK,OK,false,nao_computavel,,,
CVE-2020-15095,codeql,OK,OK,false,nao_computavel,,,
CVE-2020-15095,semgrep,OK,OK,false,nao_computavel,,,
CVE-2020-15095,snyk-code,OK,OK,false,nao_computavel,,,
CVE-2020-15119,codeql,OK,OK,false,nao_computavel,,,
CVE-2020-15119,semgrep,OK,OK,true,nao_reconhecida,typescript.react.security.audit.react-dangerouslysetinnerhtml.react-dangerouslysetinnerhtml,4,4
CVE-2020-15119,snyk-code,OK,OK,false,nao_computavel,,,
CVE-2020-15123,codeql,OK,OK,true,reconhecida,js/shell-command-constructed-from-input|js/shell-command-injection-from-environment,4|2,0|0
CVE-2020-15123,semgrep,OK,OK,false,nao_computavel,,,
CVE-2020-15123,snyk-code,SEM_ACHADOS,SEM_ACHADOS,false,nao_computavel,,,
CVE-2020-15135,codeql,OK,OK,false,nao_computavel,,,
CVE-2020-15135,semgrep,OK,OK,false,nao_computavel,,,
CVE-2020-15135,snyk-code,OK,OK,false,nao_computavel,,,
CVE-2020-15138,codeql,OK,OK,false,nao_computavel,,,
CVE-2020-15138,semgrep,OK,OK,false,nao_computavel,,,
CVE-2020-15138,snyk-code,OK,OK,false,nao_computavel,,,
CVE-2020-15152,codeql,SEM_ACHADOS,SEM_ACHADOS,false,nao_computavel,,,
CVE-2020-15152,semgrep,OK,OK,false,nao_computavel,,,
CVE-2020-15152,snyk-code,SEM_ACHADOS,SEM_ACHADOS,false,nao_computavel,,,
CVE-2020-15156,codeql,OK,OK,false,nao_computavel,,,
CVE-2020-15156,semgrep,OK,OK,false,nao_computavel,,,
CVE-2020-15156,snyk-code,OK,OK,false,nao_computavel,,,
CVE-2020-15256,codeql,OK,OK,true,nao_reconhecida,js/prototype-polluting-assignment,4,4
CVE-2020-15256,semgrep,OK,OK,false,nao_computavel,,,
CVE-2020-15256,snyk-code,SEM_ACHADOS,SEM_ACHADOS,false,nao_computavel,,,
CVE-2020-26226,codeql,SEM_ACHADOS,SEM_ACHADOS,false,nao_computavel,,,
CVE-2020-26226,semgrep,OK,OK,false,nao_computavel,,,
CVE-2020-26226,snyk-code,OK,OK,false,nao_computavel,,,
CVE-2020-26256,codeql,OK,OK,true,reconhecida,js/redos,1,0
CVE-2020-26256,semgrep,OK,OK,false,nao_computavel,,,
CVE-2020-26256,snyk-code,SEM_ACHADOS,SEM_ACHADOS,false,nao_computavel,,,
CVE-2020-27666,codeql,OK,OK,false,nao_computavel,,,
CVE-2020-27666,semgrep,OK,OK,true,nao_reconhecida,typescript.react.security.audit.react-dangerouslysetinnerhtml.react-dangerouslysetinnerhtml,1,1
CVE-2020-27666,snyk-code,OK,OK,false,nao_computavel,,,
CVE-2020-4051,codeql,OK,OK,false,nao_computavel,,,
CVE-2020-4051,semgrep,OK,OK,false,nao_computavel,,,
CVE-2020-4051,snyk-code,OK,OK,false,nao_computavel,,,
CVE-2020-4059,codeql,OK,OK,true,nao_reconhecida,js/indirect-command-line-injection|js/shell-command-constructed-from-input,2|3,2|3
CVE-2020-4059,semgrep,OK,OK,true,nao_reconhecida,javascript.lang.security.detect-child-process.detect-child-process,6,6
CVE-2020-4059,snyk-code,SEM_ACHADOS,SEM_ACHADOS,false,nao_computavel,,,
CVE-2020-4066,codeql,OK,OK,false,nao_computavel,,,
CVE-2020-4066,semgrep,OK,OK,true,reconhecida,javascript.lang.security.detect-child-process.detect-child-process,2,0
CVE-2020-4066,snyk-code,SEM_ACHADOS,SEM_ACHADOS,false,nao_computavel,,,
CVE-2020-5251,codeql,OK,OK,false,nao_computavel,,,
CVE-2020-5251,semgrep,OK,OK,false,nao_computavel,,,
CVE-2020-5251,snyk-code,OK,OK,false,nao_computavel,,,
CVE-2020-5258,codeql,OK,OK,true,nao_reconhecida,js/prototype-pollution-utility,1,1
CVE-2020-5258,semgrep,OK,OK,false,nao_computavel,,,
CVE-2020-5258,snyk-code,OK,OK,false,nao_computavel,,,
CVE-2020-6836,codeql,OK,OK,false,nao_computavel,,,
CVE-2020-6836,semgrep,OK,OK,true,reconhecida,javascript.browser.security.eval-detected.eval-detected,1,0
CVE-2020-6836,snyk-code,SEM_ACHADOS,SEM_ACHADOS,false,nao_computavel,,,
CVE-2020-7638,codeql,OK,SEM_ACHADOS,false,nao_computavel,,,
CVE-2020-7638,semgrep,OK,OK,true,reconhecida,javascript.lang.security.audit.prototype-pollution.prototype-pollution-loop.prototype-pollution-loop,4,2
CVE-2020-7638,snyk-code,OK,OK,false,nao_computavel,,,
CVE-2020-7656,codeql,OK,OK,false,nao_computavel,,,
CVE-2020-7656,semgrep,OK,OK,false,nao_computavel,,,
CVE-2020-7656,snyk-code,OK,OK,true,nao_reconhecida,javascript/DOMXSS,1,1
CVE-2020-7660,codeql,OK,SEM_ACHADOS,true,reconhecida,js/insecure-randomness,1,0
CVE-2020-7660,semgrep,SEM_ACHADOS,SEM_ACHADOS,false,nao_computavel,,,
CVE-2020-7660,snyk-code,SEM_ACHADOS,SEM_ACHADOS,false,nao_computavel,,,
CVE-2020-7662,codeql,OK,OK,true,reconhecida,js/redos,1,0
CVE-2020-7662,semgrep,SEM_ACHADOS,SEM_ACHADOS,false,nao_computavel,,,
CVE-2020-7662,snyk-code,SEM_ACHADOS,SEM_ACHADOS,false,nao_computavel,,,
CVE-2020-7676,codeql,OK,OK,true,nao_reconhecida,js/unsafe-html-expansion,1,1
CVE-2020-7676,semgrep,OK,OK,false,nao_computavel,,,
CVE-2020-7676,snyk-code,OK,OK,false,nao_computavel,,,
CVE-2020-7699,codeql,OK,OK,true,nao_reconhecida,js/remote-property-injection,4,4
CVE-2020-7699,semgrep,OK,OK,false,nao_computavel,,,
CVE-2020-7699,snyk-code,OK,OK,false,nao_computavel,,,
CVE-2020-7720,codeql,OK,OK,true,reconhecida,js/prototype-polluting-assignment,3,1
CVE-2020-7720,semgrep,OK,OK,false,nao_computavel,,,
CVE-2020-7720,snyk-code,OK,OK,false,nao_computavel,,,
CVE-2020-7750,codeql,OK,OK,false,nao_computavel,,,
CVE-2020-7750,semgrep,SEM_ACHADOS,SEM_ACHADOS,false,nao_computavel,,,
CVE-2020-7750,snyk-code,SEM_ACHADOS,SEM_ACHADOS,false,nao_computavel,,,
CVE-2020-7752,codeql,OK,OK,false,nao_computavel,,,
CVE-2020-7752,semgrep,OK,OK,false,nao_computavel,,,
CVE-2020-7752,snyk-code,OK,OK,false,nao_computavel,,,
CVE-2020-7763,codeql,OK,OK,true,nao_reconhecida,js/insecure-temporary-file,2,2
CVE-2020-7763,semgrep,OK,OK,false,nao_computavel,,,
CVE-2020-7763,snyk-code,SEM_ACHADOS,SEM_ACHADOS,false,nao_computavel,,,
CVE-2020-8116,codeql,OK,OK,true,nao_reconhecida,js/prototype-polluting-assignment|js/prototype-pollution-utility,3|1,3|1
CVE-2020-8116,semgrep,OK,OK,false,nao_computavel,,,
CVE-2020-8116,snyk-code,SEM_ACHADOS,SEM_ACHADOS,false,nao_computavel,,,
CVE-2020-8135,codeql,OK,OK,true,nao_reconhecida,js/request-forgery,2,2
CVE-2020-8135,semgrep,OK,OK,false,nao_computavel,,,
CVE-2020-8135,snyk-code,OK,OK,false,nao_computavel,,,
CVE-2020-8149,codeql,OK,OK,true,reconhecida,js/indirect-command-line-injection|js/shell-command-constructed-from-input,2|2,0|0
CVE-2020-8149,semgrep,OK,OK,true,reconhecida,javascript.lang.security.detect-child-process.detect-child-process,4,1
CVE-2020-8149,snyk-code,SEM_ACHADOS,SEM_ACHADOS,false,nao_computavel,,,
CVE-2020-8192,codeql,SEM_ACHADOS,SEM_ACHADOS,false,nao_computavel,,,
CVE-2020-8192,semgrep,OK,OK,false,nao_computavel,,,
CVE-2020-8192,snyk-code,OK,OK,false,nao_computavel,,,
CVE-2020-8203,codeql,OK,OK,true,reconhecida,js/prototype-polluting-assignment,4,3
CVE-2020-8203,semgrep,OK,OK,false,nao_computavel,,,
CVE-2020-8203,snyk-code,OK,OK,false,nao_computavel,,,
CVE-2020-8205,codeql,OK,OK,true,nao_reconhecida,js/request-forgery,2,2
CVE-2020-8205,semgrep,OK,OK,false,nao_computavel,,,
CVE-2020-8205,snyk-code,OK,OK,false,nao_computavel,,,
CVE-2020-8244,codeql,OK,OK,false,nao_computavel,,,
CVE-2020-8244,semgrep,SEM_ACHADOS,SEM_ACHADOS,false,nao_computavel,,,
CVE-2020-8244,snyk-code,OK,OK,false,nao_computavel,,,
CVE-2020-9038,codeql,OK,OK,false,nao_computavel,,,
CVE-2020-9038,semgrep,OK,OK,false,nao_computavel,,,
CVE-2020-9038,snyk-code,OK,OK,false,nao_computavel,,,
CVE-2021-23344,codeql,OK,OK,false,nao_computavel,,,
CVE-2021-23344,semgrep,OK,OK,false,nao_computavel,,,
CVE-2021-23344,snyk-code,OK,OK,false,nao_computavel,,,
CVE-2021-23364,codeql,OK,OK,false,nao_computavel,,,
CVE-2021-23364,semgrep,OK,OK,false,nao_computavel,,,
CVE-2021-23364,snyk-code,OK,OK,false,nao_computavel,,,
CVE-2021-31712,codeql,OK,OK,false,nao_computavel,,,
CVE-2021-31712,semgrep,OK,OK,false,nao_computavel,,,
CVE-2021-31712,snyk-code,OK,OK,false,nao_computavel,,,
