repositorio,modo,rc,estouro,duracao_segundos,tamanho_bytes,cves,mensagem
https://github.com/3rd-Eden/useragent.git,parcial,0,nao,1.0,138240,CVE-2017-16030,
https://github.com/Atinux/schema-inspector.git,parcial,0,nao,0.9,135620,CVE-2019-10781,
https://github.com/C2FO/fast-csv.git,parcial,0,nao,1.1,803899,CVE-2020-26256,
https://github.com/ChristoPy/serve-here.js.git,parcial,0,nao,0.8,43738,CVE-2019-5444,
https://github.com/Eeems/PooledWebSocket.git,parcial,0,nao,1.3,128384,CVE-2017-16107,
https://github.com/GoogleChrome/rendertron.git,parcial,0,nao,1.0,441559,CVE-2017-18352|CVE-2017-18353|CVE-2017-18354|CVE-2017-18355,
https://github.com/Graylog2/graylog2-server.git,parcial,0,nao,4.3,64053286,CVE-2018-14380,
https://github.com/JasonEtco/flintcms.git,parcial,0,nao,0.9,892864,CVE-2018-3783,
https://github.com/Khan/simple-markdown.git,parcial,0,nao,0.8,169474,CVE-2019-9844,
https://github.com/KoryNunn/list-n-stream.git,parcial,0,nao,0.8,34299,CVE-2017-16084,
https://github.com/KyleRoss/windows-cpu.git,parcial,0,nao,0.9,48550,CVE-2017-1000219,
https://github.com/LLK/scratch-svg-renderer.git,parcial,0,nao,1.0,1712653,CVE-2020-7750,
https://github.com/LLK/scratch-vm.git,parcial,0,nao,3.8,10383147,CVE-2020-14000,
https://github.com/NUKnightLab/TimelineJS3.git,parcial,0,nao,1.2,1700433,CVE-2020-15092,
https://github.com/NetEase/pomelo.git,parcial,0,nao,0.9,814873,CVE-2019-18954,
https://github.com/Neztore/save-server.git,parcial,0,nao,0.9,114884,CVE-2020-15135,
https://github.com/PrismJS/prism.git,parcial,0,nao,1.2,4577093,CVE-2020-15138,
https://github.com/Rich-Harris/devalue.git,parcial,0,nao,1.0,348625,CVE-2019-13506,
https://github.com/SLMNBJ/selectize-plugin-a11y.git,parcial,0,nao,1.1,41663,CVE-2019-15482,
https://github.com/TooTallNate/node-https-proxy-agent.git,parcial,0,nao,1.1,442655,CVE-2018-3736,
https://github.com/Trott/node-slug.git,parcial,0,nao,1.1,471121,CVE-2017-16117,
https://github.com/UmbraEngineering/ps.git,parcial,0,nao,0.9,43044,CVE-2018-16460,
https://github.com/ZJONSSON/node-unzipper.git,parcial,0,nao,0.9,329701,CVE-2018-1002203,
https://github.com/actions/http-client.git,parcial,0,nao,0.9,77845,CVE-2020-11021,
https://github.com/adaltas/node-csv-parse.git,parcial,0,nao,1.0,448354,CVE-2019-17592,
https://github.com/aheckmann/mpath.git,parcial,0,nao,0.9,116006,CVE-2018-16490,
https://github.com/alanshaw/markdown-pdf.git,parcial,0,nao,0.9,124919,CVE-2018-3770,
https://github.com/alexindigo/deeply.git,parcial,0,nao,1.0,70905,CVE-2019-10750,
https://github.com/angular/angular.js.git,parcial,0,nao,1.8,11779328,CVE-2020-7676,
https://github.com/angus-c/just.git,parcial,0,nao,1.2,2049050,CVE-2018-16489,
https://github.com/ant-design/ant-design-pro.git,parcial,0,nao,1.0,2929811,CVE-2019-18350,
https://github.com/apache/jspwiki.git,parcial,0,nao,2.1,11039673,CVE-2019-10090,
https://github.com/apache/thrift.git,parcial,0,nao,1.3,10213183,CVE-2018-11798,
https://github.com/apache/uima-ducc.git,parcial,0,nao,1.5,6296234,CVE-2018-8035,
https://github.com/ashaffer/cached-path-relative.git,parcial,0,nao,0.8,32574,CVE-2018-16472,
https://github.com/auth0/lock.git,parcial,0,nao,1.4,4997606,CVE-2019-20174|CVE-2020-15119,
https://github.com/autovance/ftp-srv.git,parcial,0,nao,1.0,372769,CVE-2020-15152,
https://github.com/awspilot/cli-lambda-deploy.git,parcial,0,nao,1.0,115131,CVE-2019-10777,
https://github.com/axios/axios.git,parcial,0,nao,1.3,2516642,CVE-2019-10742,
https://github.com/balderdashy/sails-hook-sockets.git,parcial,0,nao,1.1,298941,CVE-2018-21036,
https://github.com/bower/bower.git,parcial,0,nao,1.3,2145945,CVE-2019-5484,
https://github.com/brianc/node-postgres.git,parcial,0,nao,1.3,2438281,CVE-2017-16082,
https://github.com/brianleroux/tiny-json-http.git,parcial,0,nao,1.0,93552,CVE-2018-1000096,
https://github.com/broofa/node-mime.git,parcial,0,nao,0.9,257851,CVE-2017-16138,
https://github.com/browserify/static-eval.git,parcial,0,nao,1.2,78792,CVE-2017-16226,
https://github.com/browserslist/browserslist.git,parcial,0,nao,1.1,902717,CVE-2021-23364,
https://github.com/ckeditor/ckeditor5-link.git,parcial,0,nao,1.0,697336,CVE-2018-11093,
https://github.com/codecov/codecov-node.git,parcial,0,nao,1.0,351364,CVE-2020-15123,
https://github.com/commenthol/safer-eval.git,parcial,0,nao,0.8,57987,CVE-2019-10759,
https://github.com/commenthol/serialize-to-js.git,parcial,0,nao,0.8,74940,CVE-2017-5954,
https://github.com/cthackers/adm-zip.git,parcial,0,nao,1.3,349420,CVE-2018-1002204,
https://github.com/davideicardi/confinit.git,parcial,0,nao,1.0,44551,CVE-2020-7638,
https://github.com/digitalbazaar/forge.git,parcial,0,nao,1.0,1090941,CVE-2020-7720,
https://github.com/dojo/dijit.git,parcial,0,nao,1.8,9202238,CVE-2020-4051,
https://github.com/dojo/dojo.git,parcial,0,nao,1.6,4475503,CVE-2020-5258,
https://github.com/dojo/dojox.git,parcial,0,nao,1.6,7860504,CVE-2019-10785,
https://github.com/dollarshaveclub/shave.git,parcial,0,nao,1.1,809162,CVE-2019-12313,
https://github.com/dreamerslab/node.extend.git,parcial,0,nao,0.9,118137,CVE-2018-16491,
https://github.com/eggjs/egg-scripts.git,parcial,0,nao,0.8,127963,CVE-2018-3786,
https://github.com/erelsgl/limdu.git,parcial,0,nao,1.1,470877,CVE-2020-4066,
https://github.com/erming/shout.git,parcial,0,nao,0.8,667714,CVE-2017-16043,
https://github.com/expressjs/method-override.git,parcial,0,nao,1.0,111169,CVE-2017-16136,
https://github.com/expressjs/morgan.git,parcial,0,nao,1.0,220998,CVE-2019-5413,
https://github.com/facebook/create-react-app.git,parcial,0,nao,1.4,3771962,CVE-2018-6342,
https://github.com/facebook/react.git,parcial,0,nao,4.1,49090331,CVE-2018-6341,
https://github.com/facebookarchive/nuclide.git,parcial,0,nao,2.5,24838360,CVE-2018-6333,
https://github.com/fagbokforlaget/pdfinfojs.git,parcial,0,nao,1.0,52852,CVE-2018-3746,
https://github.com/fastify/fastify.git,parcial,0,nao,1.4,4969618,CVE-2020-8192,
https://github.com/faye/websocket-extensions-node.git,parcial,0,nao,0.8,60915,CVE-2020-7662,
https://github.com/felixrieseberg/windows-build-tools.git,parcial,0,nao,0.7,222280,CVE-2017-16003,
https://github.com/gchq/CyberChef.git,parcial,0,nao,1.3,5187876,CVE-2019-15532,
https://github.com/guardian/html-janitor.git,parcial,0,nao,1.0,108819,CVE-2017-0931,
https://github.com/guybedford/devcert.git,parcial,0,nao,0.9,76601,CVE-2019-10778,
https://github.com/handsontable/formula-parser.git,parcial,0,nao,1.1,132051,CVE-2020-6836,
https://github.com/hapijs/cryptiles.git,parcial,0,nao,1.0,101471,CVE-2018-1000620,
https://github.com/hapijs/hoek.git,parcial,0,nao,1.0,438954,CVE-2018-3728,
https://github.com/henrytseng/hostr.git,parcial,0,nao,0.8,72186,CVE-2017-16029,
https://github.com/herber/hekto.git,parcial,0,nao,0.8,43029,CVE-2018-3725|CVE-2018-3743,
https://github.com/highcharts/highcharts.git,parcial,0,nao,4.5,62471098,CVE-2018-20801,
https://github.com/http-party/node-http-proxy.git,parcial,0,nao,1.1,753888,CVE-2017-16014,
https://github.com/ioBroker/ioBroker.admin.git,parcial,0,nao,1.6,5122475,CVE-2019-10765,
https://github.com/ioBroker/ioBroker.js-controller.git,parcial,0,nao,1.8,7694167,CVE-2019-10767,
https://github.com/ioBroker/ioBroker.web.git,parcial,0,nao,1.3,858426,CVE-2019-10771,
https://github.com/ipfs/aegir.git,parcial,0,nao,0.9,2087127,CVE-2020-11059,
https://github.com/isaacs/st.git,parcial,0,nao,0.9,155120,CVE-2017-16224,
https://github.com/jameswlane/status-board.git,parcial,0,nao,1.0,974990,CVE-2019-15478|CVE-2019-15479,
https://github.com/jas-/node-libnmap.git,parcial,0,nao,1.2,322883,CVE-2018-16461,
https://github.com/jfhbrook/node-ecstatic.git,parcial,0,nao,0.9,399445,CVE-2019-10775,
https://github.com/jgraph/mxgraph.git,parcial,0,nao,2.6,6423281,CVE-2019-13127,
https://github.com/jonschlinkert/assign-deep.git,parcial,0,nao,0.9,50378,CVE-2019-10745,
https://github.com/jonschlinkert/kind-of.git,parcial,0,nao,0.9,84563,CVE-2019-20149,
https://github.com/jonschlinkert/merge-deep.git,parcial,0,nao,0.9,48774,CVE-2018-3722,
https://github.com/jonschlinkert/mixin-deep.git,parcial,0,nao,1.4,43900,CVE-2018-3719|CVE-2019-10746,
https://github.com/jonschlinkert/randomatic.git,parcial,0,nao,0.9,68953,CVE-2017-16028,
https://github.com/jonschlinkert/remarkable.git,parcial,0,nao,1.0,379975,CVE-2017-16006|CVE-2019-12043,
https://github.com/jonschlinkert/set-value.git,parcial,0,nao,0.8,79230,CVE-2019-10747,
https://github.com/josdejong/typed-function.git,parcial,0,nao,0.8,251748,CVE-2017-1001004,
https://github.com/joyent/node-sshpk.git,parcial,0,nao,0.9,168092,CVE-2018-3737,
https://github.com/jpuri/react-draft-wysiwyg.git,parcial,0,nao,1.0,977215,CVE-2021-31712,
https://github.com/jquery/jquery.git,parcial,0,nao,1.5,6044960,CVE-2017-16011|CVE-2019-11358|CVE-2020-11022|CVE-2020-7656,
https://github.com/jshttp/forwarded.git,parcial,0,nao,1.1,106308,CVE-2017-16118,
https://github.com/jshttp/fresh.git,parcial,0,nao,1.1,142654,CVE-2017-16119,
https://github.com/juliangruber/brace-expansion.git,parcial,0,nao,0.9,243601,CVE-2017-18077,
https://github.com/justmoon/node-extend.git,parcial,0,nao,1.0,121640,CVE-2018-16492,
https://github.com/kellyselden/git-diff-apply.git,parcial,0,nao,1.0,506203,CVE-2019-10776,
https://github.com/kevva/decompress.git,parcial,0,nao,0.9,90660,CVE-2020-12265,
https://github.com/knex/knex.git,parcial,0,nao,1.1,3329111,CVE-2019-10757,
https://github.com/knockout/knockout.git,parcial,0,nao,0.9,1832282,CVE-2019-14862,
https://github.com/larvit/larvitbase-api.git,parcial,0,nao,0.9,82932,CVE-2019-5479,
https://github.com/laurent22/joplin.git,parcial,0,nao,2.8,23222336,CVE-2020-9038,
https://github.com/linxiaowu66/swagger-ui.git,completo_apos_falha_do_parcial,128;128,nao;nao,0.6,,CVE-2016-1000229,clone parcial saiu com 128: fatal: could not read Username for 'https://github.com': terminal prompts disabled; clone completo saiu com 128: fatal: could not read Username for 'https://github.com': terminal prompts disabled
https://github.com/lodash/lodash.git,parcial,0,nao,1.5,6551286,CVE-2018-16487|CVE-2018-3721|CVE-2019-1010266|CVE-2019-10744|CVE-2020-8203,
https://github.com/mafintosh/tar-fs.git,parcial,0,nao,0.8,131717,CVE-2018-20835,
https://github.com/manvel-khnkoyan/jpv.git,parcial,0,nao,0.9,86037,CVE-2019-19507,
https://github.com/mariocasciaro/object-path.git,parcial,0,nao,1.0,101877,CVE-2020-15256,
https://github.com/markedjs/marked.git,parcial,0,nao,1.3,2984951,CVE-2017-1000427|CVE-2017-16114|CVE-2017-17461,
https://github.com/mikaelbr/mversion.git,parcial,0,nao,0.8,133010,CVE-2020-4059,
https://github.com/moment/moment.git,parcial,0,nao,1.0,3125579,CVE-2017-18214,
https://github.com/mongo-express/mongo-express.git,parcial,0,nao,2.0,1420054,CVE-2019-10758,
https://github.com/mongodb/js-bson.git,parcial,0,nao,1.3,1150759,CVE-2018-13863,
https://github.com/moscajs/mosca.git,parcial,0,nao,0.9,548343,CVE-2018-11615,
https://github.com/mpetroff/pannellum.git,parcial,0,nao,1.3,549472,CVE-2019-16763,
https://github.com/mqttjs/MQTT.js.git,parcial,0,nao,1.1,1221785,CVE-2017-10910,
https://github.com/mycolorway/simditor.git,parcial,0,nao,1.0,686188,CVE-2018-19048,
https://github.com/myshenin/aws-lambda-multipart-parser.git,parcial,0,nao,0.8,47968,CVE-2018-7560,
https://github.com/mysticatea/eslint-utils.git,parcial,0,nao,0.8,145357,CVE-2019-15657,
https://github.com/node-modules/charset.git,parcial,0,nao,0.9,42604,CVE-2017-16098,
https://github.com/novnc/noVNC.git,parcial,0,nao,0.9,1577030,CVE-2017-18635,
https://github.com/npm/cli.git,parcial,0,nao,1.8,17590515,CVE-2020-15095,
https://github.com/npm/fstream.git,parcial,0,nao,0.9,160458,CVE-2019-13173,
https://github.com/npm/node-tar.git,parcial,0,nao,1.0,843154,CVE-2018-20834,
https://github.com/npm/ssri.git,parcial,0,nao,1.0,234199,CVE-2018-7651,
https://github.com/nprapps/pym.js.git,parcial,0,nao,1.1,307659,CVE-2018-1000086,
https://github.com/nunnly/m-server.git,parcial,0,nao,0.9,42012,CVE-2018-16484|CVE-2018-16485,
https://github.com/omphalos/crud-file-server.git,parcial,0,nao,1.3,57731,CVE-2018-3726|CVE-2018-3733,
https://github.com/parse-community/parse-server.git,parcial,0,nao,2.0,6127513,CVE-2019-1020012|CVE-2020-5251,
https://github.com/patriksimek/vm2.git,parcial,0,nao,1.0,568628,CVE-2019-10761,
https://github.com/peterbraden/node-opencv.git,parcial,0,nao,0.9,529105,CVE-2019-10061,
https://github.com/pillarjs/resolve-path.git,parcial,0,nao,0.9,86171,CVE-2018-3732,
https://github.com/plotly/plotly.js.git,parcial,0,nao,2.6,27574033,CVE-2017-1000006,
https://github.com/pofider/phantom-html-to-pdf.git,parcial,0,nao,0.9,100182,CVE-2020-7763,
https://github.com/prahladyeri/http-live-simulator.git,parcial,0,nao,1.0,37523,CVE-2018-16479|CVE-2019-5423,
https://github.com/probablyup/markdown-to-jsx.git,parcial,0,nao,1.0,976903,CVE-2019-12041,
https://github.com/protobufjs/protobuf.js.git,parcial,0,nao,1.5,2184546,CVE-2018-3738,
https://github.com/psychobunny/nodebb-plugin-blog-comments.git,parcial,0,nao,1.2,133389,CVE-2020-15156,
https://github.com/request/request.git,parcial,0,nao,0.9,1052714,CVE-2017-16026,
https://github.com/restify/node-restify.git,parcial,0,nao,1.1,1362913,CVE-2017-16018,
https://github.com/richardgirges/express-fileupload.git,parcial,0,nao,0.9,363818,CVE-2020-7699,
https://github.com/roest01/node-pdf-image.git,parcial,0,nao,0.9,54904,CVE-2018-3757,
https://github.com/rvagg/bl.git,parcial,0,nao,0.9,225407,CVE-2020-8244,
https://github.com/salesforce/tough-cookie.git,parcial,0,nao,1.1,799599,CVE-2017-15010,
https://github.com/sandy98/node-simple-router.git,parcial,0,nao,1.0,231856,CVE-2017-16083,
https://github.com/schnittstabil/merge-options.git,parcial,0,nao,0.8,51420,CVE-2018-3752,
https://github.com/scravy/node-macaddress.git,parcial,0,nao,0.9,97942,CVE-2018-13797,
https://github.com/sebhildebrandt/systeminformation.git,parcial,0,nao,1.1,1442428,CVE-2020-7752,
https://github.com/semantic-release/semantic-release.git,parcial,0,nao,1.2,2241995,CVE-2020-26226,
https://github.com/senecajs/seneca.git,parcial,0,nao,1.2,1120999,CVE-2019-5483,
https://github.com/simonh1000/angular-http-server.git,parcial,0,nao,0.9,95361,CVE-2018-3713,
https://github.com/sindresorhus/decamelize.git,parcial,0,nao,0.9,59200,CVE-2017-16023,
https://github.com/sindresorhus/dot-prop.git,parcial,0,nao,0.8,95421,CVE-2020-8116,
https://github.com/skoranga/node-dns-sync.git,parcial,0,nao,0.9,40709,CVE-2017-16100|CVE-2020-11079,
https://github.com/socketio/socket.io.git,parcial,0,nao,1.7,5194544,CVE-2017-16031,
https://github.com/soyuka/pidusage.git,parcial,0,nao,1.0,187024,CVE-2017-16034,
https://github.com/strapi/strapi.git,parcial,0,nao,4.6,63362485,CVE-2019-18818|CVE-2020-27666,
https://github.com/swagger-api/swagger-ui.git,parcial,0,nao,1.4,6815667,CVE-2019-17495,
https://github.com/tiaanduplessis/kill-port.git,parcial,0,nao,1.0,116005,CVE-2019-5414,
https://github.com/tikonen/blog.git,parcial,0,nao,0.9,70173,CVE-2018-16478,
https://github.com/tinymce/tinymce.git,parcial,0,nao,4.1,39479472,CVE-2019-1010091,
https://github.com/tj/node-growl.git,parcial,0,nao,0.9,117025,CVE-2017-16042,
https://github.com/tnantoka/public.git,parcial,0,nao,0.8,35144,CVE-2018-16480|CVE-2018-3731|CVE-2018-3747,
https://github.com/totaljs/framework.git,parcial,0,nao,2.6,2258146,CVE-2019-8903|CVE-2021-23344,
https://github.com/transloadit/uppy.git,parcial,0,nao,2.4,16235959,CVE-2020-8135|CVE-2020-8205,
https://github.com/twbs/bootstrap.git,parcial,0,nao,2.1,25127191,CVE-2016-10735|CVE-2018-14040|CVE-2018-14041|CVE-2018-14042|CVE-2018-20676|CVE-2018-20677|CVE-2019-8331,
https://github.com/ua-parser/uap-core.git,parcial,0,nao,1.0,809449,CVE-2018-20164,
https://github.com/unclechu/node-deep-extend.git,parcial,0,nao,0.8,65432,CVE-2018-3750,
https://github.com/verdaccio/verdaccio.git,parcial,0,nao,4.5,13867141,CVE-2019-14772,
https://github.com/vincentmorneau/apex-publish-static-files.git,parcial,0,nao,0.8,68698,CVE-2018-16462,
https://github.com/visionmedia/debug.git,parcial,0,nao,1.0,285090,CVE-2017-16137,
https://github.com/voxpelli/node-connect-pg-simple.git,parcial,0,nao,0.9,229420,CVE-2019-15658,
https://github.com/vvakame/fs-git.git,parcial,0,nao,1.0,63873,CVE-2017-16087,
https://github.com/vvo/node-whereis.git,parcial,0,nao,0.9,37902,CVE-2018-3772,
https://github.com/webtorrent/webtorrent.git,parcial,0,nao,1.2,2171487,CVE-2019-15782,
https://github.com/yahoo/serialize-javascript.git,parcial,0,nao,0.9,197493,CVE-2019-16769|CVE-2020-7660,
https://github.com/zamotany/logkitty.git,parcial,0,nao,0.9,75573,CVE-2020-8149,
https://github.com/zeit/next.js.git,parcial,0,nao,44.9,120099130,CVE-2017-16877|CVE-2018-18282|CVE-2018-6184,
https://github.com/zeit/serve.git,parcial,0,nao,1.0,493891,CVE-2018-3712|CVE-2018-3718,
