cve,ferramenta,no_denominador,motivo_fora_denominador,status_campanha,tratado_presente,nivel_0,nivel_1,nivel_2_generosa,nivel_2_estrita,nivel_3,nivel_4_generosa,nivel_4_estrita,estrita_aplicavel,achados_no_arquivo_gt,distancia_min_linha,distancia_min_intervalo,gt_file_scanned,gt_cwe_primary,gt_cwes
CVE-2016-1000229,codeql,false,codigo_indisponivel_repositorio_inexistente,ERRO_FETCH,false,,,,,,,,,,,,,CWE-079,CWE-079|CWE-116
CVE-2016-1000229,semgrep,false,codigo_indisponivel_repositorio_inexistente,ERRO_FETCH,false,,,,,,,,,,,,,CWE-079,CWE-079|CWE-116
CVE-2016-1000229,snyk-code,false,codigo_indisponivel_repositorio_inexistente,ERRO_FETCH,false,,,,,,,,,,,,,CWE-079,CWE-079|CWE-116
CVE-2016-10735,codeql,true,,OK,true,true,true,true,true,true,true,true,true,1,0,0,true,CWE-079,CWE-079|CWE-116
CVE-2016-10735,semgrep,true,,OK,true,true,true,false,false,false,false,false,true,1,27,27,true,CWE-079,CWE-079|CWE-116
CVE-2016-10735,snyk-code,true,,OK,true,true,false,false,false,false,false,false,true,0,,,null,CWE-079,CWE-079|CWE-116
CVE-2017-0931,codeql,true,,SEM_ACHADOS,true,false,false,false,false,false,false,false,true,0,,,true,CWE-079,CWE-079|CWE-116
CVE-2017-0931,semgrep,true,,SEM_ACHADOS,true,false,false,false,false,false,false,false,true,0,,,true,CWE-079,CWE-079|CWE-116
CVE-2017-0931,snyk-code,true,,SEM_ACHADOS,true,false,false,false,false,false,false,false,true,0,,,null,CWE-079,CWE-079|CWE-116
CVE-2017-1000006,codeql,true,,OK,true,true,true,true,true,false,false,false,true,1,218,218,true,CWE-079,CWE-079|CWE-116|CWE-020
CVE-2017-1000006,semgrep,true,,OK,true,true,false,false,false,false,false,false,true,0,,,true,CWE-079,CWE-079|CWE-116|CWE-020
CVE-2017-1000006,snyk-code,true,,OK,true,true,false,false,false,false,false,false,true,0,,,null,CWE-079,CWE-079|CWE-116|CWE-020
CVE-2017-1000219,codeql,true,,OK,true,true,true,true,true,false,false,false,true,1,1,1,true,CWE-078,CWE-078|CWE-088
CVE-2017-1000219,semgrep,true,,SEM_ACHADOS,true,false,false,false,false,false,false,false,true,0,,,true,CWE-078,CWE-078|CWE-088
CVE-2017-1000219,snyk-code,true,,SEM_ACHADOS,true,false,false,false,false,false,false,false,true,0,,,null,CWE-078,CWE-078|CWE-088
CVE-2017-1000427,codeql,true,,OK,true,true,true,true,true,true,true,true,true,3,0,0,true,CWE-020,CWE-020
CVE-2017-1000427,semgrep,true,,OK,true,true,true,false,false,false,false,false,true,3,236,236,true,CWE-020,CWE-020
CVE-2017-1000427,snyk-code,true,,OK,true,true,false,false,false,false,false,false,true,0,,,null,CWE-020,CWE-020
CVE-2017-1001004,codeql,true,,OK,true,true,false,false,false,false,false,false,true,0,,,true,CWE-094,CWE-094|CWE-079|CWE-116
CVE-2017-1001004,semgrep,true,,OK,true,true,false,false,false,false,false,false,true,0,,,true,CWE-094,CWE-094|CWE-079|CWE-116
CVE-2017-1001004,snyk-code,true,,SEM_ACHADOS,true,false,false,false,false,false,false,false,true,0,,,null,CWE-094,CWE-094|CWE-079|CWE-116
CVE-2017-10910,codeql,true,,OK,true,true,false,false,false,false,false,false,true,0,,,true,CWE-770,CWE-770
CVE-2017-10910,semgrep,true,,OK,true,true,false,false,false,false,false,false,true,0,,,true,CWE-770,CWE-770
CVE-2017-10910,snyk-code,true,,OK,true,true,false,false,false,false,false,false,true,0,,,null,CWE-770,CWE-770
CVE-2017-15010,codeql,true,,OK,true,true,true,true,true,false,false,false,true,1,269,269,true,CWE-400,CWE-730|CWE-400
CVE-2017-15010,semgrep,true,,SEM_ACHADOS,true,false,false,false,false,false,false,false,true,0,,,true,CWE-400,CWE-730|CWE-400
CVE-2017-15010,snyk-code,true,,SEM_ACHADOS,true,false,false,false,false,false,false,false,true,0,,,null,CWE-400,CWE-730|CWE-400
CVE-2017-16003,codeql,true,,OK,true,true,true,true,true,true,true,true,true,1,0,0,true,CWE-829,CWE-829
CVE-2017-16003,semgrep,true,,OK,true,true,false,false,false,false,false,false,true,0,,,true,CWE-829,CWE-829
CVE-2017-16003,snyk-code,true,,SEM_ACHADOS,true,false,false,false,false,false,false,false,true,0,,,null,CWE-829,CWE-829
CVE-2017-16006,codeql,true,,OK,true,true,true,true,true,true,true,true,true,1,0,0,true,CWE-020,CWE-020
CVE-2017-16006,semgrep,true,,OK,true,true,false,false,false,false,false,false,true,0,,,true,CWE-020,CWE-020
CVE-2017-16006,snyk-code,true,,OK,true,true,false,false,false,false,false,false,true,0,,,null,CWE-020,CWE-020
CVE-2017-16011,codeql,true,,OK,true,true,true,true,true,false,false,false,true,2,284,284,true,CWE-079,CWE-079
CVE-2017-16011,semgrep,true,,OK,true,true,false,false,false,false,false,false,true,0,,,true,CWE-079,CWE-079
CVE-2017-16011,snyk-code,true,,OK,true,true,false,false,false,false,false,false,true,0,,,null,CWE-079,CWE-079
CVE-2017-16014,codeql,true,,OK,true,true,false,false,false,false,false,false,true,0,,,true,CWE-730,CWE-730
CVE-2017-16014,semgrep,true,,OK,true,true,false,false,false,false,false,false,true,0,,,true,CWE-730,CWE-730
CVE-2017-16014,snyk-code,true,,OK,true,true,true,false,false,false,false,false,true,1,115,115,null,CWE-730,CWE-730
CVE-2017-16018,codeql,true,,OK,true,true,false,false,false,false,false,false,true,0,,,true,CWE-079,CWE-079|CWE-116
CVE-2017-16018,semgrep,true,,OK,true,true,true,false,false,false,false,false,true,1,82,82,true,CWE-079,CWE-079|CWE-116
CVE-2017-16018,snyk-code,true,,OK,true,true,true,false,false,true,false,false,true,3,0,0,null,CWE-079,CWE-079|CWE-116
CVE-2017-16023,codeql,true,,SEM_ACHADOS,true,false,false,false,false,false,false,false,true,0,,,true,CWE-400,CWE-730|CWE-400
CVE-2017-16023,semgrep,true,,OK,true,true,true,false,false,true,false,false,true,1,0,0,true,CWE-400,CWE-730|CWE-400
CVE-2017-16023,snyk-code,true,,SEM_ACHADOS,true,false,false,false,false,false,false,false,true,0,,,null,CWE-400,CWE-730|CWE-400
CVE-2017-16026,codeql,true,,OK,true,true,false,false,false,false,false,false,true,0,,,true,CWE-770,CWE-770
CVE-2017-16026,semgrep,true,,OK,true,true,false,false,false,false,false,false,true,0,,,true,CWE-770,CWE-770
CVE-2017-16026,snyk-code,true,,OK,true,true,false,false,false,false,false,false,true,0,,,null,CWE-770,CWE-770
CVE-2017-16028,codeql,true,,SEM_ACHADOS,true,false,false,false,false,false,false,false,true,0,,,true,CWE-338,CWE-338
CVE-2017-16028,semgrep,true,,OK,true,true,false,false,false,false,false,false,true,0,,,true,CWE-338,CWE-338
CVE-2017-16028,snyk-code,true,,SEM_ACHADOS,true,false,false,false,false,false,false,false,true,0,,,null,CWE-338,CWE-338
CVE-2017-16029,codeql,true,,SEM_ACHADOS,true,false,false,false,false,false,false,false,true,0,,,true,CWE-022,CWE-022|CWE-023|CWE-036|CWE-073|CWE-099
CVE-2017-16029,semgrep,true,,OK,true,true,false,false,false,false,false,false,true,0,,,true,CWE-022,CWE-022|CWE-023|CWE-036|CWE-073|CWE-099
CVE-2017-16029,snyk-code,true,,OK,true,true,true,true,false,true,true,false,true,4,0,0,null,CWE-022,CWE-022|CWE-023|CWE-036|CWE-073|CWE-099
CVE-2017-16030,codeql,true,,OK,true,true,true,true,true,false,false,false,true,1,4128,4128,true,CWE-400,CWE-730|CWE-400
CVE-2017-16030,semgrep,true,,OK,true,true,false,false,false,false,false,false,true,0,,,true,CWE-400,CWE-730|CWE-400
CVE-2017-16030,snyk-code,true,,OK,true,true,false,false,false,false,false,false,true,0,,,null,CWE-400,CWE-730|CWE-400
CVE-2017-16031,codeql,true,,OK,true,true,true,false,false,false,false,false,true,18,8,8,true,CWE-338,CWE-338
CVE-2017-16031,semgrep,true,,OK,true,true,false,false,false,false,false,false,true,0,,,true,CWE-338,CWE-338
CVE-2017-16031,snyk-code,true,,OK,true,true,false,false,false,false,false,false,true,0,,,null,CWE-338,CWE-338
CVE-2017-16034,codeql,true,,SEM_ACHADOS,true,false,false,false,false,false,false,false,true,0,,,true,CWE-078,CWE-078|CWE-088
CVE-2017-16034,semgrep,true,,OK,true,true,true,false,false,false,false,false,true,2,36,36,true,CWE-078,CWE-078|CWE-088
CVE-2017-16034,snyk-code,true,,OK,true,true,false,false,false,false,false,false,true,0,,,null,CWE-078,CWE-078|CWE-088
CVE-2017-16042,codeql,true,,OK,true,true,true,true,true,false,false,false,true,24,7,7,true,CWE-078,CWE-078|CWE-088
CVE-2017-16042,semgrep,true,,OK,true,true,true,false,false,false,false,false,true,1,269,269,true,CWE-078,CWE-078|CWE-088
CVE-2017-16042,snyk-code,true,,SEM_ACHADOS,true,false,false,false,false,false,false,false,true,0,,,null,CWE-078,CWE-078|CWE-088
CVE-2017-16043,codeql,true,,OK,true,true,false,false,false,false,false,false,true,0,,,true,CWE-079,CWE-079|CWE-116
CVE-2017-16043,semgrep,true,,OK,true,true,false,false,false,false,false,false,true,0,,,true,CWE-079,CWE-079|CWE-116
CVE-2017-16043,snyk-code,true,,OK,true,true,false,false,false,false,false,false,true,0,,,null,CWE-079,CWE-079|CWE-116
CVE-2017-16082,codeql,true,,OK,true,true,true,true,true,true,true,true,true,3,0,0,true,CWE-116,CWE-116|CWE-020
CVE-2017-16082,semgrep,true,,OK,true,true,true,true,true,true,true,true,true,1,0,0,true,CWE-116,CWE-116|CWE-020
CVE-2017-16082,snyk-code,true,,OK,true,true,false,false,false,false,false,false,true,0,,,null,CWE-116,CWE-116|CWE-020
CVE-2017-16083,codeql,true,,OK,true,true,false,false,false,false,false,false,true,0,,,true,CWE-022,CWE-022|CWE-023|CWE-036|CWE-073|CWE-099
CVE-2017-16083,semgrep,true,,OK,true,true,true,false,false,false,false,false,true,7,191,191,true,CWE-022,CWE-022|CWE-023|CWE-036|CWE-073|CWE-099
CVE-2017-16083,snyk-code,true,,OK,true,true,false,false,false,false,false,false,true,0,,,null,CWE-022,CWE-022|CWE-023|CWE-036|CWE-073|CWE-099
CVE-2017-16084,codeql,true,,SEM_ACHADOS,true,false,false,false,false,false,false,false,true,0,,,true,CWE-022,CWE-022|CWE-023|CWE-036|CWE-073|CWE-099
CVE-2017-16084,semgrep,true,,OK,true,true,true,false,false,false,false,false,true,1,15,15,true,CWE-022,CWE-022|CWE-023|CWE-036|CWE-073|CWE-099
CVE-2017-16084,snyk-code,true,,OK,true,true,true,false,false,true,false,false,true,5,2,0,null,CWE-022,CWE-022|CWE-023|CWE-036|CWE-073|CWE-099
CVE-2017-16087,codeql,true,,OK,true,true,true,true,true,false,false,false,true,1,88,88,true,CWE-078,CWE-078|CWE-088
CVE-2017-16087,semgrep,true,,OK,true,true,true,true,true,false,false,false,true,4,26,26,true,CWE-078,CWE-078|CWE-088
CVE-2017-16087,snyk-code,true,,SEM_ACHADOS,true,false,false,false,false,false,false,false,true,0,,,null,CWE-078,CWE-078|CWE-088
CVE-2017-16098,codeql,true,,OK,true,true,true,true,true,true,true,true,true,1,0,0,true,CWE-400,CWE-730|CWE-400
CVE-2017-16098,semgrep,true,,SEM_ACHADOS,true,false,false,false,false,false,false,false,true,0,,,true,CWE-400,CWE-730|CWE-400
CVE-2017-16098,snyk-code,true,,SEM_ACHADOS,true,false,false,false,false,false,false,false,true,0,,,null,CWE-400,CWE-730|CWE-400
CVE-2017-16100,codeql,true,,OK,true,true,true,true,true,true,true,true,true,2,0,0,true,CWE-078,CWE-078|CWE-088
CVE-2017-16100,semgrep,true,,OK,true,true,true,true,true,true,true,true,true,1,0,0,true,CWE-078,CWE-078|CWE-088
CVE-2017-16100,snyk-code,true,,SEM_ACHADOS,true,false,false,false,false,false,false,false,true,0,,,null,CWE-078,CWE-078|CWE-088
CVE-2017-16107,codeql,true,,OK,true,true,true,true,true,true,true,true,true,4,0,0,true,CWE-022,CWE-022|CWE-023|CWE-036|CWE-073|CWE-099
CVE-2017-16107,semgrep,true,,SEM_ACHADOS,true,false,false,false,false,false,false,false,true,0,,,true,CWE-022,CWE-022|CWE-023|CWE-036|CWE-073|CWE-099
CVE-2017-16107,snyk-code,true,,OK,true,true,true,true,false,true,true,false,true,4,0,0,null,CWE-022,CWE-022|CWE-023|CWE-036|CWE-073|CWE-099
CVE-2017-16114,codeql,true,,OK,true,true,true,true,true,true,true,true,true,4,0,0,true,CWE-400,CWE-730|CWE-400
CVE-2017-16114,semgrep,true,,OK,true,true,true,false,false,false,false,false,true,3,147,147,true,CWE-400,CWE-730|CWE-400
CVE-2017-16114,snyk-code,true,,OK,true,true,false,false,false,false,false,false,true,0,,,null,CWE-400,CWE-730|CWE-400
CVE-2017-16117,codeql,true,,OK,true,true,true,true,true,true,true,true,true,1,0,0,true,CWE-400,CWE-730|CWE-400
CVE-2017-16117,semgrep,true,,OK,true,true,true,false,false,false,false,false,true,1,56,56,true,CWE-400,CWE-730|CWE-400
CVE-2017-16117,snyk-code,true,,SEM_ACHADOS,true,false,false,false,false,false,false,false,true,0,,,null,CWE-400,CWE-730|CWE-400
CVE-2017-16118,codeql,true,,OK,true,true,true,true,true,false,false,false,true,1,43,43,true,CWE-400,CWE-730|CWE-400
CVE-2017-16118,semgrep,true,,SEM_ACHADOS,true,false,false,false,false,false,false,false,true,0,,,true,CWE-400,CWE-730|CWE-400
CVE-2017-16118,snyk-code,true,,SEM_ACHADOS,true,false,false,false,false,false,false,false,true,0,,,null,CWE-400,CWE-730|CWE-400
CVE-2017-16119,codeql,true,,OK,true,true,true,true,true,false,false,false,true,1,45,45,true,CWE-400,CWE-730|CWE-400
CVE-2017-16119,semgrep,true,,OK,true,true,false,false,false,false,false,false,true,0,,,true,CWE-400,CWE-730|CWE-400
CVE-2017-16119,snyk-code,true,,SEM_ACHADOS,true,false,false,false,false,false,false,false,true,0,,,null,CWE-400,CWE-730|CWE-400
CVE-2017-16136,codeql,true,,OK,true,true,false,false,false,false,false,false,true,0,,,true,CWE-400,CWE-730|CWE-400
CVE-2017-16136,semgrep,true,,SEM_ACHADOS,true,false,false,false,false,false,false,false,true,0,,,true,CWE-400,CWE-730|CWE-400
CVE-2017-16136,snyk-code,true,,OK,true,true,false,false,false,false,false,false,true,0,,,null,CWE-400,CWE-730|CWE-400
CVE-2017-16137,codeql,true,,OK,true,true,true,true,true,true,true,true,true,1,1,0,true,CWE-400,CWE-730|CWE-400
CVE-2017-16137,semgrep,true,,OK,true,true,false,false,false,false,false,false,true,0,,,true,CWE-400,CWE-730|CWE-400
CVE-2017-16137,snyk-code,true,,OK,true,true,false,false,false,false,false,false,true,0,,,null,CWE-400,CWE-730|CWE-400
CVE-2017-16138,codeql,true,,OK,true,true,true,true,true,true,true,true,true,2,0,0,true,CWE-400,CWE-730|CWE-400
CVE-2017-16138,semgrep,true,,SEM_ACHADOS,true,false,false,false,false,false,false,false,true,0,,,true,CWE-400,CWE-730|CWE-400
CVE-2017-16138,snyk-code,true,,SEM_ACHADOS,true,false,false,false,false,false,false,false,true,0,,,null,CWE-400,CWE-730|CWE-400
CVE-2017-16224,codeql,true,,OK,true,true,true,true,true,true,true,true,true,3,0,0,true,CWE-601,CWE-601
CVE-2017-16224,semgrep,true,,OK,true,true,true,false,false,false,false,false,true,3,199,199,true,CWE-601,CWE-601
CVE-2017-16224,snyk-code,true,,OK,true,true,false,false,false,false,false,false,true,0,,,null,CWE-601,CWE-601
CVE-2017-16226,codeql,true,,SEM_ACHADOS,true,false,false,false,false,false,false,false,true,0,,,true,CWE-094,CWE-020|CWE-094
CVE-2017-16226,semgrep,true,,SEM_ACHADOS,true,false,false,false,false,false,false,false,true,0,,,true,CWE-094,CWE-020|CWE-094
CVE-2017-16226,snyk-code,true,,SEM_ACHADOS,true,false,false,false,false,false,false,false,true,0,,,null,CWE-094,CWE-020|CWE-094
CVE-2017-16877,codeql,true,,OK,true,true,false,false,false,false,false,false,true,0,,,true,CWE-022,CWE-022|CWE-023|CWE-036|CWE-073|CWE-099
CVE-2017-16877,semgrep,true,,OK,true,true,true,true,true,false,false,false,true,8,98,98,true,CWE-022,CWE-022|CWE-023|CWE-036|CWE-073|CWE-099
CVE-2017-16877,snyk-code,true,,OK,true,true,true,false,false,false,false,false,true,2,35,35,null,CWE-022,CWE-022|CWE-023|CWE-036|CWE-073|CWE-099
CVE-2017-17461,codeql,true,,OK,true,true,true,true,true,false,false,false,true,2,1,1,true,CWE-400,CWE-730|CWE-400
CVE-2017-17461,semgrep,true,,OK,true,true,true,false,false,false,false,false,true,3,148,148,true,CWE-400,CWE-730|CWE-400
CVE-2017-17461,snyk-code,true,,OK,true,true,false,false,false,false,false,false,true,0,,,null,CWE-400,CWE-730|CWE-400
CVE-2017-18077,codeql,true,,OK,true,true,true,true,true,true,true,true,true,1,0,0,true,CWE-400,CWE-730|CWE-400
CVE-2017-18077,semgrep,true,,SEM_ACHADOS,true,false,false,false,false,false,false,false,true,0,,,true,CWE-400,CWE-730|CWE-400
CVE-2017-18077,snyk-code,true,,SEM_ACHADOS,true,false,false,false,false,false,false,false,true,0,,,null,CWE-400,CWE-730|CWE-400
CVE-2017-18214,codeql,true,,OK,true,true,true,false,false,false,false,false,true,1,24,24,true,CWE-400,CWE-730|CWE-400
CVE-2017-18214,semgrep,true,,OK,true,true,true,false,false,false,false,false,true,1,16,16,true,CWE-400,CWE-730|CWE-400
CVE-2017-18214,snyk-code,true,,SEM_ACHADOS,true,false,false,false,false,false,false,false,true,0,,,null,CWE-400,CWE-730|CWE-400
CVE-2017-18352,codeql,true,,OK,true,true,true,true,true,true,true,true,true,5,0,0,true,CWE-079,CWE-079|CWE-116
CVE-2017-18352,semgrep,true,,OK,true,true,true,false,false,false,false,false,true,1,79,79,true,CWE-079,CWE-079|CWE-116
CVE-2017-18352,snyk-code,true,,OK,true,true,true,true,true,true,true,true,true,5,0,0,null,CWE-079,CWE-079|CWE-116
CVE-2017-18353,codeql,true,,OK,true,true,true,true,true,true,true,true,true,5,0,0,true,CWE-079,CWE-079|CWE-116
CVE-2017-18353,semgrep,true,,OK,true,true,true,false,false,false,false,false,true,1,103,103,true,CWE-079,CWE-079|CWE-116
CVE-2017-18353,snyk-code,true,,OK,true,true,true,true,true,false,false,false,true,5,6,6,null,CWE-079,CWE-079|CWE-116
CVE-2017-18354,codeql,true,,OK,true,true,true,true,true,true,true,true,true,2,0,0,true,CWE-918,CWE-918
CVE-2017-18354,semgrep,true,,OK,true,true,true,true,true,true,true,true,true,2,0,0,true,CWE-918,CWE-918
CVE-2017-18354,snyk-code,true,,OK,true,true,false,false,false,false,false,false,true,0,,,null,CWE-918,CWE-918
CVE-2017-18355,codeql,true,,OK,true,true,true,false,false,true,false,false,true,2,0,0,true,CWE-200,CWE-200
CVE-2017-18355,semgrep,true,,OK,true,true,true,false,false,true,false,false,true,2,0,0,true,CWE-200,CWE-200
CVE-2017-18355,snyk-code,true,,OK,true,true,false,false,false,false,false,false,true,0,,,null,CWE-200,CWE-200
CVE-2017-18635,codeql,true,,OK,true,true,false,false,false,false,false,false,true,0,,,true,CWE-079,CWE-079|CWE-116
CVE-2017-18635,semgrep,true,,OK,true,true,false,false,false,false,false,false,true,0,,,true,CWE-079,CWE-079|CWE-116
CVE-2017-18635,snyk-code,true,,OK,true,true,false,false,false,false,false,false,true,0,,,null,CWE-079,CWE-079|CWE-116
CVE-2017-5954,codeql,true,,OK,true,true,true,true,true,true,true,true,true,1,0,0,true,CWE-094,CWE-094|CWE-079|CWE-116
CVE-2017-5954,semgrep,true,,SEM_ACHADOS,true,false,false,false,false,false,false,false,true,0,,,true,CWE-094,CWE-094|CWE-079|CWE-116
CVE-2017-5954,snyk-code,true,,SEM_ACHADOS,true,false,false,false,false,false,false,false,true,0,,,null,CWE-094,CWE-094|CWE-079|CWE-116
CVE-2018-1000086,codeql,true,,OK,true,true,true,true,false,false,false,false,true,6,56,56,true,CWE-601,CWE-079|CWE-116|CWE-601
CVE-2018-1000086,semgrep,true,,OK,true,true,true,false,false,false,false,false,true,6,60,60,true,CWE-601,CWE-079|CWE-116|CWE-601
CVE-2018-1000086,snyk-code,true,,OK,true,true,true,false,false,false,false,false,true,1,61,61,null,CWE-601,CWE-079|CWE-116|CWE-601
CVE-2018-1000096,codeql,false,sem_cwe_no_ground_truth,OK,true,,,,,,,,,,,,,,
CVE-2018-1000096,semgrep,false,sem_cwe_no_ground_truth,OK,true,,,,,,,,,,,,,,
CVE-2018-1000096,snyk-code,false,sem_cwe_no_ground_truth,OK,true,,,,,,,,,,,,,,
CVE-2018-1000620,codeql,true,,OK,true,true,true,true,true,true,true,true,true,1,0,0,true,CWE-327,CWE-327
CVE-2018-1000620,semgrep,true,,SEM_ACHADOS,true,false,false,false,false,false,false,false,true,0,,,true,CWE-327,CWE-327
CVE-2018-1000620,snyk-code,true,,SEM_ACHADOS,true,false,false,false,false,false,false,false,true,0,,,null,CWE-327,CWE-327
CVE-2018-1002203,codeql,true,,SEM_ACHADOS,true,false,false,false,false,false,false,false,true,0,,,true,CWE-022,CWE-022
CVE-2018-1002203,semgrep,true,,OK,true,true,true,true,true,true,true,true,true,2,0,0,true,CWE-022,CWE-022
CVE-2018-1002203,snyk-code,true,,SEM_ACHADOS,true,false,false,false,false,false,false,false,true,0,,,null,CWE-022,CWE-022
CVE-2018-1002204,codeql,true,,OK,true,true,true,false,false,true,false,false,true,2,0,0,true,CWE-022,CWE-022
CVE-2018-1002204,semgrep,true,,OK,true,true,true,true,true,false,false,false,true,2,71,71,true,CWE-022,CWE-022
CVE-2018-1002204,snyk-code,true,,SEM_ACHADOS,true,false,false,false,false,false,false,false,true,0,,,null,CWE-022,CWE-022
CVE-2018-11093,codeql,true,,SEM_ACHADOS,true,false,false,false,false,false,false,false,true,0,,,true,CWE-079,CWE-079|CWE-116
CVE-2018-11093,semgrep,true,,SEM_ACHADOS,true,false,false,false,false,false,false,false,true,0,,,true,CWE-079,CWE-079|CWE-116
CVE-2018-11093,snyk-code,true,,SEM_ACHADOS,true,false,false,false,false,false,false,false,true,0,,,null,CWE-079,CWE-079|CWE-116
CVE-2018-11615,codeql,true,,OK,true,true,true,true,true,true,true,true,true,1,0,0,true,CWE-116,CWE-116|CWE-020
CVE-2018-11615,semgrep,true,,OK,true,true,true,false,false,true,false,false,true,1,0,0,true,CWE-116,CWE-116|CWE-020
CVE-2018-11615,snyk-code,true,,OK,true,true,false,false,false,false,false,false,true,0,,,null,CWE-116,CWE-116|CWE-020
CVE-2018-11798,codeql,true,,OK,true,true,true,true,true,true,true,true,true,4,0,0,true,CWE-022,CWE-022|CWE-023|CWE-036|CWE-073|CWE-099
CVE-2018-11798,semgrep,true,,OK,true,true,true,true,true,false,false,false,true,8,1,1,true,CWE-022,CWE-022|CWE-023|CWE-036|CWE-073|CWE-099
CVE-2018-11798,snyk-code,true,,OK,true,true,true,true,false,false,false,false,true,6,11,11,null,CWE-022,CWE-022|CWE-023|CWE-036|CWE-073|CWE-099
CVE-2018-13797,codeql,true,,OK,true,true,true,true,true,true,true,true,true,2,0,0,true,CWE-078,CWE-078|CWE-088
CVE-2018-13797,semgrep,true,,OK,true,true,false,false,false,false,false,false,true,0,,,true,CWE-078,CWE-078|CWE-088
CVE-2018-13797,snyk-code,true,,SEM_ACHADOS,true,false,false,false,false,false,false,false,true,0,,,null,CWE-078,CWE-078|CWE-088
CVE-2018-13863,codeql,true,,OK,true,true,true,true,true,false,false,false,true,1,234,234,true,CWE-400,CWE-730|CWE-400
CVE-2018-13863,semgrep,true,,OK,true,true,false,false,false,false,false,false,true,0,,,true,CWE-400,CWE-730|CWE-400
CVE-2018-13863,snyk-code,true,,OK,true,true,false,false,false,false,false,false,true,0,,,null,CWE-400,CWE-730|CWE-400
CVE-2018-14040,codeql,true,,OK,true,true,false,false,false,false,false,false,true,0,,,true,CWE-079,CWE-079|CWE-116
CVE-2018-14040,semgrep,true,,OK,true,true,false,false,false,false,false,false,true,0,,,true,CWE-079,CWE-079|CWE-116
CVE-2018-14040,snyk-code,true,,OK,true,true,false,false,false,false,false,false,true,0,,,null,CWE-079,CWE-079|CWE-116
CVE-2018-14041,codeql,true,,OK,true,true,true,true,true,false,false,false,true,3,8,8,true,CWE-079,CWE-079|CWE-116
CVE-2018-14041,semgrep,true,,OK,true,true,false,false,false,false,false,false,true,0,,,true,CWE-079,CWE-079|CWE-116
CVE-2018-14041,snyk-code,true,,OK,true,true,false,false,false,false,false,false,true,0,,,null,CWE-079,CWE-079|CWE-116
CVE-2018-14042,codeql,true,,OK,true,true,true,true,true,false,false,false,true,2,102,102,true,CWE-079,CWE-079|CWE-116
CVE-2018-14042,semgrep,true,,OK,true,true,false,false,false,false,false,false,true,0,,,true,CWE-079,CWE-079|CWE-116
CVE-2018-14042,snyk-code,true,,OK,true,true,false,false,false,false,false,false,true,0,,,null,CWE-079,CWE-079|CWE-116
CVE-2018-14380,codeql,true,,OK,true,true,false,false,false,false,false,false,true,0,,,true,CWE-079,CWE-079|CWE-116
CVE-2018-14380,semgrep,true,,OK,true,true,false,false,false,false,false,false,true,0,,,true,CWE-079,CWE-079|CWE-116
CVE-2018-14380,snyk-code,true,,OK,true,true,false,false,false,false,false,false,true,0,,,null,CWE-079,CWE-079|CWE-116
CVE-2018-16460,codeql,true,,OK,true,true,true,true,true,true,true,true,true,1,0,0,true,CWE-078,CWE-078|CWE-088
CVE-2018-16460,semgrep,true,,OK,true,true,true,true,true,true,true,true,true,1,0,0,true,CWE-078,CWE-078|CWE-088
CVE-2018-16460,snyk-code,true,,SEM_ACHADOS,true,false,false,false,false,false,false,false,true,0,,,null,CWE-078,CWE-078|CWE-088
CVE-2018-16461,codeql,true,,OK,true,true,true,true,true,false,false,false,true,3,36,36,true,CWE-078,CWE-078|CWE-088
CVE-2018-16461,semgrep,true,,SEM_ACHADOS,true,false,false,false,false,false,false,false,true,0,,,true,CWE-078,CWE-078|CWE-088
CVE-2018-16461,snyk-code,true,,SEM_ACHADOS,true,false,false,false,false,false,false,false,true,0,,,null,CWE-078,CWE-078|CWE-088
CVE-2018-16462,codeql,true,,OK,true,true,true,true,true,false,false,false,true,1,1,1,true,CWE-078,CWE-078|CWE-088
CVE-2018-16462,semgrep,true,,OK,true,true,true,false,false,false,false,false,true,1,5,5,true,CWE-078,CWE-078|CWE-088
CVE-2018-16462,snyk-code,true,,SEM_ACHADOS,true,false,false,false,false,false,false,false,true,0,,,null,CWE-078,CWE-078|CWE-088
CVE-2018-16472,codeql,true,,SEM_ACHADOS,true,false,false,false,,false,false,,false,0,,,true,,CWE-250|CWE-400
CVE-2018-16472,semgrep,true,,SEM_ACHADOS,true,false,false,false,,false,false,,false,0,,,true,,CWE-250|CWE-400
CVE-2018-16472,snyk-code,true,,SEM_ACHADOS,true,false,false,false,,false,false,,false,0,,,null,,CWE-250|CWE-400
CVE-2018-16478,codeql,true,,OK,true,true,true,true,true,true,true,true,true,7,0,0,true,CWE-022,CWE-022|CWE-023|CWE-036|CWE-073|CWE-099
CVE-2018-16478,semgrep,true,,OK,true,true,true,true,true,false,false,false,true,5,10,10,true,CWE-022,CWE-022|CWE-023|CWE-036|CWE-073|CWE-099
CVE-2018-16478,snyk-code,true,,OK,true,true,true,true,false,true,true,false,true,7,0,0,null,CWE-022,CWE-022|CWE-023|CWE-036|CWE-073|CWE-099
CVE-2018-16479,codeql,true,,OK,true,true,true,true,true,true,true,true,true,6,0,0,true,CWE-022,CWE-022|CWE-023|CWE-036|CWE-073|CWE-099
CVE-2018-16479,semgrep,true,,OK,true,true,true,false,false,false,false,false,true,1,24,24,true,CWE-022,CWE-022|CWE-023|CWE-036|CWE-073|CWE-099
CVE-2018-16479,snyk-code,true,,SEM_ARQUIVO_ANALISAVEL,false,false,false,false,false,false,false,false,true,,,,,CWE-022,CWE-022|CWE-023|CWE-036|CWE-073|CWE-099
CVE-2018-16480,codeql,true,,OK,true,true,true,true,true,true,true,true,true,4,0,0,true,CWE-079,CWE-079|CWE-116
CVE-2018-16480,semgrep,true,,OK,true,true,true,false,false,false,false,false,true,1,38,38,true,CWE-079,CWE-079|CWE-116
CVE-2018-16480,snyk-code,true,,SEM_ARQUIVO_ANALISAVEL,false,false,false,false,false,false,false,false,true,,,,,CWE-079,CWE-079|CWE-116
CVE-2018-16484,codeql,true,,OK,true,true,true,true,true,true,true,true,true,3,0,0,true,CWE-079,CWE-079|CWE-116
CVE-2018-16484,semgrep,true,,OK,true,true,true,false,false,false,false,false,true,4,8,8,true,CWE-079,CWE-079|CWE-116
CVE-2018-16484,snyk-code,true,,OK,true,true,true,false,false,true,false,false,true,4,16,0,null,CWE-079,CWE-079|CWE-116
CVE-2018-16485,codeql,true,,OK,true,true,true,true,true,true,true,true,true,8,0,0,true,CWE-022,CWE-022|CWE-023|CWE-036|CWE-073|CWE-099
CVE-2018-16485,semgrep,true,,OK,true,true,true,true,true,false,false,false,true,4,1,1,true,CWE-022,CWE-022|CWE-023|CWE-036|CWE-073|CWE-099
CVE-2018-16485,snyk-code,true,,OK,true,true,true,true,false,true,false,false,true,4,2,0,null,CWE-022,CWE-022|CWE-023|CWE-036|CWE-073|CWE-099
CVE-2018-16487,codeql,true,,OK,true,true,true,true,true,true,true,true,true,10,0,0,true,CWE-915,CWE-078|CWE-079|CWE-094|CWE-400|CWE-915
CVE-2018-16487,semgrep,true,,OK,true,true,true,true,true,false,false,false,true,6,482,482,true,CWE-915,CWE-078|CWE-079|CWE-094|CWE-400|CWE-915
CVE-2018-16487,snyk-code,true,,OK,true,true,false,false,false,false,false,false,true,0,,,null,CWE-915,CWE-078|CWE-079|CWE-094|CWE-400|CWE-915
CVE-2018-16489,codeql,true,,OK,true,true,false,false,false,false,false,false,true,0,,,true,CWE-915,CWE-078|CWE-079|CWE-094|CWE-400|CWE-915
CVE-2018-16489,semgrep,true,,OK,true,true,false,false,false,false,false,false,true,0,,,true,CWE-915,CWE-078|CWE-079|CWE-094|CWE-400|CWE-915
CVE-2018-16489,snyk-code,true,,SEM_ACHADOS,true,false,false,false,false,false,false,false,true,0,,,null,CWE-915,CWE-078|CWE-079|CWE-094|CWE-400|CWE-915
CVE-2018-16490,codeql,true,,OK,true,true,true,true,true,true,true,true,true,3,0,0,true,CWE-915,CWE-078|CWE-079|CWE-094|CWE-400|CWE-915
CVE-2018-16490,semgrep,true,,OK,true,true,true,true,true,false,false,false,true,3,12,12,true,CWE-915,CWE-078|CWE-079|CWE-094|CWE-400|CWE-915
CVE-2018-16490,snyk-code,true,,SEM_ACHADOS,true,false,false,false,false,false,false,false,true,0,,,null,CWE-915,CWE-078|CWE-079|CWE-094|CWE-400|CWE-915
CVE-2018-16491,codeql,true,,OK,true,true,true,true,true,false,false,false,true,1,4,4,true,CWE-915,CWE-078|CWE-079|CWE-094|CWE-400|CWE-915
CVE-2018-16491,semgrep,true,,OK,true,true,false,false,false,false,false,false,true,0,,,true,CWE-915,CWE-078|CWE-079|CWE-094|CWE-400|CWE-915
CVE-2018-16491,snyk-code,true,,SEM_ACHADOS,true,false,false,false,false,false,false,false,true,0,,,null,CWE-915,CWE-078|CWE-079|CWE-094|CWE-400|CWE-915
CVE-2018-16492,codeql,true,,OK,true,true,true,true,true,true,true,true,true,1,0,0,true,CWE-915,CWE-078|CWE-079|CWE-094|CWE-400|CWE-915
CVE-2018-16492,semgrep,true,,OK,true,true,false,false,false,false,false,false,true,0,,,true,CWE-915,CWE-078|CWE-079|CWE-094|CWE-400|CWE-915
CVE-2018-16492,snyk-code,true,,SEM_ACHADOS,true,false,false,false,false,false,false,false,true,0,,,null,CWE-915,CWE-078|CWE-079|CWE-094|CWE-400|CWE-915
CVE-2018-18282,codeql,true,,OK,true,true,true,true,true,true,true,true,true,2,0,0,true,CWE-094,CWE-094|CWE-079|CWE-116
CVE-2018-18282,semgrep,true,,OK,true,true,false,false,false,false,false,false,true,0,,,true,CWE-094,CWE-094|CWE-079|CWE-116
CVE-2018-18282,snyk-code,true,,OK,true,true,false,false,false,false,false,false,true,0,,,null,CWE-094,CWE-094|CWE-079|CWE-116
CVE-2018-19048,codeql,true,,OK,true,true,true,true,true,true,true,true,true,4,0,0,true,CWE-079,CWE-079|CWE-116
CVE-2018-19048,semgrep,true,,OK,true,true,true,true,false,false,false,false,true,2,1307,1307,true,CWE-079,CWE-079|CWE-116
CVE-2018-19048,snyk-code,true,,OK,true,true,false,false,false,false,false,false,true,0,,,null,CWE-079,CWE-079|CWE-116
CVE-2018-20164,codeql,true,,SEM_ACHADOS,true,false,false,false,false,false,false,false,true,0,,,true,CWE-400,CWE-730|CWE-400
CVE-2018-20164,semgrep,true,,SEM_ACHADOS,true,false,false,false,false,false,false,false,true,0,,,true,CWE-400,CWE-730|CWE-400
CVE-2018-20164,snyk-code,true,,SEM_ACHADOS,true,false,false,false,false,false,false,false,true,0,,,null,CWE-400,CWE-730|CWE-400
CVE-2018-20676,codeql,true,,OK,true,true,true,true,true,true,true,true,true,2,0,0,true,CWE-079,CWE-079|CWE-116
CVE-2018-20676,semgrep,true,,OK,true,true,false,false,false,false,false,false,true,0,,,true,CWE-079,CWE-079|CWE-116
CVE-2018-20676,snyk-code,true,,OK,true,true,false,false,false,false,false,false,true,0,,,null,CWE-079,CWE-079|CWE-116
CVE-2018-20677,codeql,true,,OK,true,true,true,true,true,true,true,true,true,1,0,0,true,CWE-079,CWE-079|CWE-116
CVE-2018-20677,semgrep,true,,OK,true,true,false,false,false,false,false,false,true,0,,,true,CWE-079,CWE-079|CWE-116
CVE-2018-20677,snyk-code,true,,OK,true,true,false,false,false,false,false,false,true,0,,,null,CWE-079,CWE-079|CWE-116
CVE-2018-20801,codeql,true,,OK,true,true,true,false,false,false,false,false,true,5,88,88,true,CWE-400,CWE-730|CWE-400
CVE-2018-20801,semgrep,true,,OK,true,true,true,false,false,false,false,false,true,1,43,43,true,CWE-400,CWE-730|CWE-400
CVE-2018-20801,snyk-code,true,,OK,true,true,false,false,false,false,false,false,true,0,,,null,CWE-400,CWE-730|CWE-400
CVE-2018-20834,codeql,true,,OK,true,true,false,false,false,false,false,false,true,0,,,true,CWE-022,CWE-022
CVE-2018-20834,semgrep,true,,OK,true,true,true,true,true,false,false,false,true,3,66,66,true,CWE-022,CWE-022
CVE-2018-20834,snyk-code,true,,OK,true,true,false,false,false,false,false,false,true,0,,,null,CWE-022,CWE-022
CVE-2018-20835,codeql,true,,OK,true,true,true,true,true,false,false,false,true,1,2,2,true,CWE-022,CWE-022
CVE-2018-20835,semgrep,true,,OK,true,true,true,true,true,false,false,false,true,17,2,2,true,CWE-022,CWE-022
CVE-2018-20835,snyk-code,true,,OK,true,true,true,true,true,true,true,true,true,8,0,0,null,CWE-022,CWE-022
CVE-2018-21036,codeql,true,,SEM_ACHADOS,true,false,false,false,false,false,false,false,true,0,,,true,CWE-730,CWE-730
CVE-2018-21036,semgrep,true,,OK,true,true,false,false,false,false,false,false,true,0,,,true,CWE-730,CWE-730
CVE-2018-21036,snyk-code,true,,OK,true,true,false,false,false,false,false,false,true,0,,,null,CWE-730,CWE-730
CVE-2018-3712,codeql,true,,OK,true,true,true,true,true,true,true,true,true,5,0,0,true,CWE-022,CWE-022|CWE-023|CWE-036|CWE-073|CWE-099
CVE-2018-3712,semgrep,true,,SEM_ACHADOS,true,false,false,false,false,false,false,false,true,0,,,true,CWE-022,CWE-022|CWE-023|CWE-036|CWE-073|CWE-099
CVE-2018-3712,snyk-code,true,,OK,true,true,true,false,false,true,false,false,true,2,32,0,null,CWE-022,CWE-022|CWE-023|CWE-036|CWE-073|CWE-099
CVE-2018-3713,codeql,true,,OK,true,true,true,false,false,false,false,false,true,3,3,3,true,CWE-022,CWE-022|CWE-023|CWE-036|CWE-073|CWE-099
CVE-2018-3713,semgrep,true,,OK,true,true,true,true,true,false,false,false,true,3,42,42,true,CWE-022,CWE-022|CWE-023|CWE-036|CWE-073|CWE-099
CVE-2018-3713,snyk-code,true,,OK,true,true,true,false,false,false,false,false,true,2,25,25,null,CWE-022,CWE-022|CWE-023|CWE-036|CWE-073|CWE-099
CVE-2018-3718,codeql,true,,OK,true,true,true,true,true,true,true,true,true,5,0,0,true,CWE-022,CWE-022|CWE-023|CWE-036|CWE-073|CWE-099
CVE-2018-3718,semgrep,true,,SEM_ACHADOS,true,false,false,false,false,false,false,false,true,0,,,true,CWE-022,CWE-022|CWE-023|CWE-036|CWE-073|CWE-099
CVE-2018-3718,snyk-code,true,,OK,true,true,true,false,false,true,false,false,true,2,33,0,null,CWE-022,CWE-022|CWE-023|CWE-036|CWE-073|CWE-099
CVE-2018-3719,codeql,true,,OK,true,true,true,true,true,true,true,true,true,1,0,0,true,CWE-915,CWE-078|CWE-079|CWE-094|CWE-400|CWE-915
CVE-2018-3719,semgrep,true,,SEM_ACHADOS,true,false,false,false,false,false,false,false,true,0,,,true,CWE-915,CWE-078|CWE-079|CWE-094|CWE-400|CWE-915
CVE-2018-3719,snyk-code,true,,SEM_ACHADOS,true,false,false,false,false,false,false,false,true,0,,,null,CWE-915,CWE-078|CWE-079|CWE-094|CWE-400|CWE-915
CVE-2018-3721,codeql,true,,OK,true,true,true,true,true,true,true,true,true,10,0,0,true,CWE-915,CWE-078|CWE-079|CWE-094|CWE-400|CWE-915
CVE-2018-3721,semgrep,true,,OK,true,true,true,true,true,false,false,false,true,6,466,466,true,CWE-915,CWE-078|CWE-079|CWE-094|CWE-400|CWE-915
CVE-2018-3721,snyk-code,true,,OK,true,true,false,false,false,false,false,false,true,0,,,null,CWE-915,CWE-078|CWE-079|CWE-094|CWE-400|CWE-915
CVE-2018-3722,codeql,true,,SEM_ACHADOS,true,false,false,false,false,false,false,false,true,0,,,true,CWE-915,CWE-078|CWE-079|CWE-094|CWE-400|CWE-915
CVE-2018-3722,semgrep,true,,SEM_ACHADOS,true,false,false,false,false,false,false,false,true,0,,,true,CWE-915,CWE-078|CWE-079|CWE-094|CWE-400|CWE-915
CVE-2018-3722,snyk-code,true,,SEM_ACHADOS,true,false,false,false,false,false,false,false,true,0,,,null,CWE-915,CWE-078|CWE-079|CWE-094|CWE-400|CWE-915
CVE-2018-3725,codeql,true,,OK,true,true,true,true,true,true,true,true,true,17,0,0,true,CWE-022,CWE-022|CWE-023|CWE-036|CWE-073|CWE-099
CVE-2018-3725,semgrep,true,,SEM_ACHADOS,true,false,false,false,false,false,false,false,true,0,,,true,CWE-022,CWE-022|CWE-023|CWE-036|CWE-073|CWE-099
CVE-2018-3725,snyk-code,true,,SEM_ACHADOS,true,false,false,false,false,false,false,false,true,0,,,null,CWE-022,CWE-022|CWE-023|CWE-036|CWE-073|CWE-099
CVE-2018-3726,codeql,true,,OK,true,true,true,true,true,true,true,true,true,28,0,0,true,CWE-079,CWE-079|CWE-116
CVE-2018-3726,semgrep,true,,OK,true,true,false,false,false,false,false,false,true,0,,,true,CWE-079,CWE-079|CWE-116
CVE-2018-3726,snyk-code,true,,OK,true,true,true,true,true,true,true,true,true,15,0,0,null,CWE-079,CWE-079|CWE-116
CVE-2018-3728,codeql,true,,OK,true,true,true,true,true,true,true,true,true,3,0,0,true,CWE-915,CWE-078|CWE-079|CWE-094|CWE-400|CWE-915
CVE-2018-3728,semgrep,true,,OK,true,true,true,true,true,false,false,false,true,8,83,83,true,CWE-915,CWE-078|CWE-079|CWE-094|CWE-400|CWE-915
CVE-2018-3728,snyk-code,true,,SEM_ACHADOS,true,false,false,false,false,false,false,false,true,0,,,null,CWE-915,CWE-078|CWE-079|CWE-094|CWE-400|CWE-915
CVE-2018-3731,codeql,true,,OK,true,true,true,true,true,true,true,true,true,6,0,0,true,CWE-022,CWE-022|CWE-023|CWE-036|CWE-073|CWE-099
CVE-2018-3731,semgrep,true,,OK,true,true,true,false,false,false,false,false,true,1,6,6,true,CWE-022,CWE-022|CWE-023|CWE-036|CWE-073|CWE-099
CVE-2018-3731,snyk-code,true,,SEM_ARQUIVO_ANALISAVEL,false,false,false,false,false,false,false,false,true,,,,,CWE-022,CWE-022|CWE-023|CWE-036|CWE-073|CWE-099
CVE-2018-3732,codeql,true,,SEM_ACHADOS,true,false,false,false,false,false,false,false,true,0,,,true,CWE-022,CWE-022
CVE-2018-3732,semgrep,true,,SEM_ACHADOS,true,false,false,false,false,false,false,false,true,0,,,true,CWE-022,CWE-022
CVE-2018-3732,snyk-code,true,,SEM_ACHADOS,true,false,false,false,false,false,false,false,true,0,,,null,CWE-022,CWE-022
CVE-2018-3733,codeql,true,,OK,true,true,true,true,true,true,true,true,true,28,0,0,true,CWE-022,CWE-022|CWE-023|CWE-036|CWE-073|CWE-099
CVE-2018-3733,semgrep,true,,OK,true,true,false,false,false,false,false,false,true,0,,,true,CWE-022,CWE-022|CWE-023|CWE-036|CWE-073|CWE-099
CVE-2018-3733,snyk-code,true,,OK,true,true,true,true,false,true,true,false,true,15,0,0,null,CWE-022,CWE-022|CWE-023|CWE-036|CWE-073|CWE-099
CVE-2018-3736,codeql,true,,OK,true,true,false,false,false,false,false,false,true,0,,,true,CWE-770,CWE-770
CVE-2018-3736,semgrep,true,,OK,true,true,false,false,false,false,false,false,true,0,,,true,CWE-770,CWE-770
CVE-2018-3736,snyk-code,true,,OK,true,true,false,false,false,false,false,false,true,0,,,null,CWE-770,CWE-770
CVE-2018-3737,codeql,true,,OK,true,true,true,true,true,false,false,false,true,3,9,9,true,CWE-400,CWE-730|CWE-400
CVE-2018-3737,semgrep,true,,OK,true,true,false,false,false,false,false,false,true,0,,,true,CWE-400,CWE-730|CWE-400
CVE-2018-3737,snyk-code,true,,OK,true,true,false,false,false,false,false,false,true,0,,,null,CWE-400,CWE-730|CWE-400
CVE-2018-3738,codeql,true,,OK,true,true,true,true,true,true,true,true,true,1,0,0,true,CWE-400,CWE-730|CWE-400
CVE-2018-3738,semgrep,true,,OK,true,true,false,false,false,false,false,false,true,0,,,true,CWE-400,CWE-730|CWE-400
CVE-2018-3738,snyk-code,true,,OK,true,true,false,false,false,false,false,false,true,0,,,null,CWE-400,CWE-730|CWE-400
CVE-2018-3743,codeql,true,,OK,true,true,true,true,true,true,true,true,true,4,0,0,true,CWE-601,CWE-601
CVE-2018-3743,semgrep,true,,SEM_ACHADOS,true,false,false,false,false,false,false,false,true,0,,,true,CWE-601,CWE-601
CVE-2018-3743,snyk-code,true,,SEM_ACHADOS,true,false,false,false,false,false,false,false,true,0,,,null,CWE-601,CWE-601
CVE-2018-3746,codeql,true,,SEM_ACHADOS,true,false,false,false,false,false,false,false,true,0,,,true,CWE-078,CWE-078|CWE-088
CVE-2018-3746,semgrep,true,,SEM_ACHADOS,true,false,false,false,false,false,false,false,true,0,,,true,CWE-078,CWE-078|CWE-088
CVE-2018-3746,snyk-code,true,,SEM_ACHADOS,true,false,false,false,false,false,false,false,true,0,,,null,CWE-078,CWE-078|CWE-088
CVE-2018-3747,codeql,true,,OK,true,true,true,true,true,true,true,true,true,4,0,0,true,CWE-079,CWE-079|CWE-116
CVE-2018-3747,semgrep,true,,OK,true,true,true,false,false,false,false,false,true,1,38,38,true,CWE-079,CWE-079|CWE-116
CVE-2018-3747,snyk-code,true,,SEM_ARQUIVO_ANALISAVEL,false,false,false,false,false,false,false,false,true,,,,,CWE-079,CWE-079|CWE-116
CVE-2018-3750,codeql,true,,OK,true,true,true,true,true,false,false,false,true,1,20,20,true,CWE-915,CWE-078|CWE-079|CWE-094|CWE-400|CWE-915
CVE-2018-3750,semgrep,true,,OK,true,true,true,false,false,false,false,false,true,1,91,91,true,CWE-915,CWE-078|CWE-079|CWE-094|CWE-400|CWE-915
CVE-2018-3750,snyk-code,true,,SEM_ACHADOS,true,false,false,false,false,false,false,false,true,0,,,null,CWE-915,CWE-078|CWE-079|CWE-094|CWE-400|CWE-915
CVE-2018-3752,codeql,true,,SEM_ACHADOS,true,false,false,false,false,false,false,false,true,0,,,true,CWE-915,CWE-078|CWE-079|CWE-094|CWE-400|CWE-915
CVE-2018-3752,semgrep,true,,SEM_ACHADOS,true,false,false,false,false,false,false,false,true,0,,,true,CWE-915,CWE-078|CWE-079|CWE-094|CWE-400|CWE-915
CVE-2018-3752,snyk-code,true,,SEM_ACHADOS,true,false,false,false,false,false,false,false,true,0,,,null,CWE-915,CWE-078|CWE-079|CWE-094|CWE-400|CWE-915
CVE-2018-3757,codeql,true,,OK,true,true,true,true,true,false,false,false,true,5,9,9,true,CWE-078,CWE-078|CWE-088
CVE-2018-3757,semgrep,true,,OK,true,true,true,false,false,false,false,false,true,1,50,50,true,CWE-078,CWE-078|CWE-088
CVE-2018-3757,snyk-code,true,,SEM_ACHADOS,true,false,false,false,false,false,false,false,true,0,,,null,CWE-078,CWE-078|CWE-088
CVE-2018-3770,codeql,true,,SEM_ACHADOS,true,false,false,false,false,false,false,false,true,0,,,true,CWE-094,CWE-094
CVE-2018-3770,semgrep,true,,OK,true,true,true,false,false,false,false,false,true,4,37,37,true,CWE-094,CWE-094
CVE-2018-3770,snyk-code,true,,SEM_ACHADOS,true,false,false,false,false,false,false,false,true,0,,,null,CWE-094,CWE-094
CVE-2018-3772,codeql,true,,OK,true,true,true,true,true,true,true,true,true,1,0,0,true,CWE-078,CWE-078|CWE-088
CVE-2018-3772,semgrep,true,,OK,true,true,true,true,true,true,true,true,true,4,0,0,true,CWE-078,CWE-078|CWE-088
CVE-2018-3772,snyk-code,true,,SEM_ACHADOS,true,false,false,false,false,false,false,false,true,0,,,null,CWE-078,CWE-078|CWE-088
CVE-2018-3783,codeql,true,,OK,true,true,true,true,true,true,true,true,true,8,0,0,true,CWE-089,CWE-089
CVE-2018-3783,semgrep,true,,OK,true,true,false,false,false,false,false,false,true,0,,,true,CWE-089,CWE-089
CVE-2018-3783,snyk-code,true,,OK,true,true,true,false,false,false,false,false,true,3,25,25,null,CWE-089,CWE-089
CVE-2018-3786,codeql,true,,OK,true,true,true,true,true,true,true,true,true,2,0,0,true,CWE-078,CWE-078|CWE-088
CVE-2018-3786,semgrep,true,,OK,true,true,true,false,false,false,false,false,true,6,40,40,true,CWE-078,CWE-078|CWE-088
CVE-2018-3786,snyk-code,true,,OK,true,true,false,false,false,false,false,false,true,0,,,null,CWE-078,CWE-078|CWE-088
CVE-2018-6184,codeql,true,,OK,true,true,false,false,false,false,false,false,true,0,,,true,CWE-022,CWE-022|CWE-023|CWE-036|CWE-073|CWE-099
CVE-2018-6184,semgrep,true,,OK,true,true,true,true,true,false,false,false,true,10,25,25,true,CWE-022,CWE-022|CWE-023|CWE-036|CWE-073|CWE-099
CVE-2018-6184,snyk-code,true,,OK,true,true,true,false,false,false,false,false,true,2,35,35,null,CWE-022,CWE-022|CWE-023|CWE-036|CWE-073|CWE-099
CVE-2018-6333,codeql,true,,OK,true,true,false,false,false,false,false,false,true,0,,,true,CWE-601,CWE-601
CVE-2018-6333,semgrep,true,,OK,true,true,false,false,false,false,false,false,true,0,,,true,CWE-601,CWE-601
CVE-2018-6333,snyk-code,true,,OK,true,true,true,true,true,false,false,false,true,1,2,2,null,CWE-601,CWE-601
CVE-2018-6341,codeql,true,,OK,true,true,false,false,false,false,false,false,true,0,,,true,CWE-079,CWE-079
CVE-2018-6341,semgrep,true,,OK,true,true,false,false,false,false,false,false,true,0,,,true,CWE-079,CWE-079
CVE-2018-6341,snyk-code,true,,OK,true,true,false,false,false,false,false,false,true,0,,,null,CWE-079,CWE-079
CVE-2018-6342,codeql,true,,OK,true,true,true,true,true,true,true,true,true,11,0,0,true,CWE-078,CWE-078|CWE-088
CVE-2018-6342,semgrep,true,,OK,true,true,false,false,false,false,false,false,true,0,,,true,CWE-078,CWE-078|CWE-088
CVE-2018-6342,snyk-code,true,,OK,true,true,false,false,false,false,false,false,true,0,,,null,CWE-078,CWE-078|CWE-088
CVE-2018-7560,codeql,true,,OK,true,true,true,true,true,false,false,false,true,4,6,6,true,CWE-400,CWE-730|CWE-400
CVE-2018-7560,semgrep,true,,OK,true,true,true,false,false,true,false,false,true,1,0,0,true,CWE-400,CWE-730|CWE-400
CVE-2018-7560,snyk-code,true,,SEM_ACHADOS,true,false,false,false,false,false,false,false,true,0,,,null,CWE-400,CWE-730|CWE-400
CVE-2018-7651,codeql,true,,OK,true,true,true,true,true,false,false,false,true,1,10,10,true,CWE-400,CWE-730|CWE-400
CVE-2018-7651,semgrep,true,,SEM_ACHADOS,true,false,false,false,false,false,false,false,true,0,,,true,CWE-400,CWE-730|CWE-400
CVE-2018-7651,snyk-code,true,,OK,true,true,false,false,false,false,false,false,true,0,,,null,CWE-400,CWE-730|CWE-400
CVE-2018-8035,codeql,false,codigo_indisponivel_commit_inexistente,ERRO_CHECKOUT,false,,,,,,,,,,,,,CWE-079,CWE-079|CWE-116
CVE-2018-8035,semgrep,false,codigo_indisponivel_commit_inexistente,ERRO_CHECKOUT,false,,,,,,,,,,,,,CWE-079,CWE-079|CWE-116
CVE-2018-8035,snyk-code,false,codigo_indisponivel_commit_inexistente,ERRO_CHECKOUT,false,,,,,,,,,,,,,CWE-079,CWE-079|CWE-116
CVE-2019-10061,codeql,true,,OK,true,true,true,true,true,true,true,true,true,1,0,0,true,CWE-078,CWE-078|CWE-088
CVE-2019-10061,semgrep,true,,OK,true,true,false,false,false,false,false,false,true,0,,,true,CWE-078,CWE-078|CWE-088
CVE-2019-10061,snyk-code,true,,OK,true,true,true,true,true,true,true,true,true,1,0,0,null,CWE-078,CWE-078|CWE-088
CVE-2019-10090,codeql,true,,OK,true,true,false,false,false,false,false,false,true,0,,,true,CWE-079,CWE-079|CWE-116
CVE-2019-10090,semgrep,true,,OK,true,true,false,false,false,false,false,false,true,0,,,true,CWE-079,CWE-079|CWE-116
CVE-2019-10090,snyk-code,true,,OK,true,true,false,false,false,false,false,false,true,0,,,null,CWE-079,CWE-079|CWE-116
CVE-2019-1010091,codeql,true,,OK,true,true,true,true,true,true,true,true,true,5,0,0,true,CWE-116,CWE-116|CWE-020
CVE-2019-1010091,semgrep,true,,OK,true,true,false,false,false,false,false,false,true,0,,,true,CWE-116,CWE-116|CWE-020
CVE-2019-1010091,snyk-code,true,,OK,true,true,false,false,false,false,false,false,true,0,,,null,CWE-116,CWE-116|CWE-020
CVE-2019-1010266,codeql,true,,OK,true,true,true,true,true,false,false,false,true,10,2280,2280,true,CWE-400,CWE-730|CWE-400
CVE-2019-1010266,semgrep,true,,OK,true,true,true,false,false,false,false,false,true,6,1178,1178,true,CWE-400,CWE-730|CWE-400
CVE-2019-1010266,snyk-code,true,,OK,true,true,false,false,false,false,false,false,true,0,,,null,CWE-400,CWE-730|CWE-400
CVE-2019-1020012,codeql,true,,OK,true,true,false,false,false,false,false,false,true,0,,,true,CWE-444,CWE-444
CVE-2019-1020012,semgrep,true,,OK,true,true,false,false,false,false,false,false,true,0,,,true,CWE-444,CWE-444
CVE-2019-1020012,snyk-code,true,,OK,true,true,false,false,false,false,false,false,true,0,,,null,CWE-444,CWE-444
CVE-2019-10742,codeql,true,,OK,true,true,false,false,false,false,false,false,true,0,,,true,CWE-404,CWE-730|CWE-404
CVE-2019-10742,semgrep,true,,OK,true,true,false,false,false,false,false,false,true,0,,,true,CWE-404,CWE-730|CWE-404
CVE-2019-10742,snyk-code,true,,OK,true,true,true,false,false,false,false,false,true,1,34,34,null,CWE-404,CWE-730|CWE-404
CVE-2019-10744,codeql,true,,OK,true,true,true,true,true,false,false,false,true,9,620,620,true,CWE-094,CWE-094|CWE-079|CWE-116
CVE-2019-10744,semgrep,true,,OK,true,true,true,false,false,false,false,false,true,6,487,487,true,CWE-094,CWE-094|CWE-079|CWE-116
CVE-2019-10744,snyk-code,true,,OK,true,true,false,false,false,false,false,false,true,0,,,null,CWE-094,CWE-094|CWE-079|CWE-116
CVE-2019-10745,codeql,true,,OK,true,true,true,true,true,true,true,true,true,1,0,0,true,CWE-915,CWE-078|CWE-079|CWE-094|CWE-400|CWE-915
CVE-2019-10745,semgrep,true,,OK,true,true,false,false,false,false,false,false,true,0,,,true,CWE-915,CWE-078|CWE-079|CWE-094|CWE-400|CWE-915
CVE-2019-10745,snyk-code,true,,SEM_ACHADOS,true,false,false,false,false,false,false,false,true,0,,,null,CWE-915,CWE-078|CWE-079|CWE-094|CWE-400|CWE-915
CVE-2019-10746,codeql,true,,OK,true,true,true,true,true,true,true,true,true,1,0,0,true,CWE-915,CWE-078|CWE-079|CWE-094|CWE-400|CWE-915
CVE-2019-10746,semgrep,true,,OK,true,true,false,false,false,false,false,false,true,0,,,true,CWE-915,CWE-078|CWE-079|CWE-094|CWE-400|CWE-915
CVE-2019-10746,snyk-code,true,,SEM_ACHADOS,true,false,false,false,false,false,false,false,true,0,,,null,CWE-915,CWE-078|CWE-079|CWE-094|CWE-400|CWE-915
CVE-2019-10747,codeql,true,,OK,true,true,true,true,true,true,true,true,true,4,0,0,true,CWE-915,CWE-078|CWE-079|CWE-094|CWE-400|CWE-915
CVE-2019-10747,semgrep,true,,OK,true,true,true,true,true,false,false,false,true,1,10,10,true,CWE-915,CWE-078|CWE-079|CWE-094|CWE-400|CWE-915
CVE-2019-10747,snyk-code,true,,SEM_ACHADOS,true,false,false,false,false,false,false,false,true,0,,,null,CWE-915,CWE-078|CWE-079|CWE-094|CWE-400|CWE-915
CVE-2019-10750,codeql,true,,SEM_ACHADOS,true,false,false,false,false,false,false,false,true,0,,,true,CWE-915,CWE-078|CWE-079|CWE-094|CWE-400|CWE-915
CVE-2019-10750,semgrep,true,,SEM_ACHADOS,true,false,false,false,false,false,false,false,true,0,,,true,CWE-915,CWE-078|CWE-079|CWE-094|CWE-400|CWE-915
CVE-2019-10750,snyk-code,true,,SEM_ACHADOS,true,false,false,false,false,false,false,false,true,0,,,null,CWE-915,CWE-078|CWE-079|CWE-094|CWE-400|CWE-915
CVE-2019-10757,codeql,true,,OK,true,true,true,true,true,true,true,true,true,1,0,0,true,CWE-116,CWE-116
CVE-2019-10757,semgrep,true,,OK,true,true,false,false,false,false,false,false,true,0,,,true,CWE-116,CWE-116
CVE-2019-10757,snyk-code,true,,OK,true,true,true,false,false,false,false,false,true,1,90,90,null,CWE-116,CWE-116
CVE-2019-10758,codeql,true,,OK,true,true,true,true,true,true,true,true,true,2,0,0,true,CWE-094,CWE-094|CWE-079|CWE-116
CVE-2019-10758,semgrep,true,,OK,true,true,true,true,false,false,false,false,true,2,32,32,true,CWE-094,CWE-094|CWE-079|CWE-116
CVE-2019-10758,snyk-code,true,,OK,true,true,false,false,false,false,false,false,true,0,,,null,CWE-094,CWE-094|CWE-079|CWE-116
CVE-2019-10759,codeql,true,,SEM_ACHADOS,true,false,false,false,false,false,false,false,true,0,,,true,CWE-094,CWE-094
CVE-2019-10759,semgrep,true,,OK,true,true,false,false,false,false,false,false,true,0,,,true,CWE-094,CWE-094
CVE-2019-10759,snyk-code,true,,SEM_ACHADOS,true,false,false,false,false,false,false,false,true,0,,,null,CWE-094,CWE-094
CVE-2019-10761,codeql,true,,OK,true,true,false,false,false,false,false,false,true,0,,,true,CWE-094,CWE-074|CWE-094
CVE-2019-10761,semgrep,true,,OK,true,true,false,false,false,false,false,false,true,0,,,true,CWE-094,CWE-074|CWE-094
CVE-2019-10761,snyk-code,true,,SEM_ACHADOS,true,false,false,false,false,false,false,false,true,0,,,null,CWE-094,CWE-074|CWE-094
CVE-2019-10765,codeql,true,,OK,true,true,true,true,true,true,true,true,true,17,0,0,true,CWE-022,CWE-022|CWE-023|CWE-036|CWE-073|CWE-099
CVE-2019-10765,semgrep,true,,OK,true,true,true,false,false,false,false,false,true,7,144,136,true,CWE-022,CWE-022|CWE-023|CWE-036|CWE-073|CWE-099
CVE-2019-10765,snyk-code,true,,OK,true,true,true,true,false,true,false,false,true,17,3,0,null,CWE-022,CWE-022|CWE-023|CWE-036|CWE-073|CWE-099
CVE-2019-10767,codeql,true,,OK,true,true,true,true,true,true,true,true,true,92,0,0,true,CWE-022,CWE-022|CWE-023|CWE-036|CWE-073|CWE-099
CVE-2019-10767,semgrep,true,,OK,true,true,true,true,true,false,false,false,true,57,1,1,true,CWE-022,CWE-022|CWE-023|CWE-036|CWE-073|CWE-099
CVE-2019-10767,snyk-code,true,,OK,true,true,false,false,false,false,false,false,true,0,,,null,CWE-022,CWE-022|CWE-023|CWE-036|CWE-073|CWE-099
CVE-2019-10771,codeql,true,,OK,true,true,true,true,true,true,true,true,true,11,0,0,true,CWE-079,CWE-079|CWE-116
CVE-2019-10771,semgrep,true,,OK,true,true,true,false,false,false,false,false,true,8,300,300,true,CWE-079,CWE-079|CWE-116
CVE-2019-10771,snyk-code,true,,OK,true,true,true,true,true,true,true,true,true,8,0,0,null,CWE-079,CWE-079|CWE-116
CVE-2019-10775,codeql,true,,OK,true,true,true,false,false,true,false,false,true,1,0,0,true,CWE-730,CWE-730
CVE-2019-10775,semgrep,true,,OK,true,true,false,false,false,false,false,false,true,0,,,true,CWE-730,CWE-730
CVE-2019-10775,snyk-code,true,,OK,true,true,true,false,false,false,false,false,true,9,34,34,null,CWE-730,CWE-730
CVE-2019-10776,codeql,true,,OK,true,true,true,true,true,true,true,true,true,2,0,0,true,CWE-078,CWE-078|CWE-088
CVE-2019-10776,semgrep,true,,OK,true,true,true,true,true,false,false,false,true,1,13,13,true,CWE-078,CWE-078|CWE-088
CVE-2019-10776,snyk-code,true,,SEM_ACHADOS,true,false,false,false,false,false,false,false,true,0,,,null,CWE-078,CWE-078|CWE-088
CVE-2019-10777,codeql,true,,OK,true,true,true,true,true,true,true,true,true,3,0,0,true,CWE-078,CWE-078|CWE-088
CVE-2019-10777,semgrep,true,,OK,true,true,true,false,false,false,false,false,true,6,67,67,true,CWE-078,CWE-078|CWE-088
CVE-2019-10777,snyk-code,true,,SEM_ACHADOS,true,false,false,false,false,false,false,false,true,0,,,null,CWE-078,CWE-078|CWE-088
CVE-2019-10778,codeql,true,,OK,true,true,true,true,true,true,true,true,true,7,0,0,true,CWE-078,CWE-078|CWE-088
CVE-2019-10778,semgrep,true,,OK,true,true,true,true,true,true,true,true,true,13,0,0,true,CWE-078,CWE-078|CWE-088
CVE-2019-10778,snyk-code,true,,OK,true,true,true,false,false,false,false,false,true,2,11,11,null,CWE-078,CWE-078|CWE-088
CVE-2019-10781,codeql,true,,OK,true,true,true,false,false,false,false,false,true,2,105,105,true,CWE-668,CWE-668
CVE-2019-10781,semgrep,true,,OK,true,true,true,false,false,false,false,false,true,1,1398,1398,true,CWE-668,CWE-668
CVE-2019-10781,snyk-code,true,,SEM_ACHADOS,true,false,false,false,false,false,false,false,true,0,,,null,CWE-668,CWE-668
CVE-2019-10785,codeql,true,,OK,true,true,true,true,true,true,true,true,true,6,0,0,true,CWE-116,CWE-116|CWE-020
CVE-2019-10785,semgrep,true,,OK,true,true,true,true,true,true,true,true,true,9,0,0,true,CWE-116,CWE-116|CWE-020
CVE-2019-10785,snyk-code,true,,OK,true,true,false,false,false,false,false,false,true,0,,,null,CWE-116,CWE-116|CWE-020
CVE-2019-11358,codeql,true,,OK,true,true,false,false,false,false,false,false,true,0,,,true,CWE-915,CWE-078|CWE-079|CWE-094|CWE-400|CWE-915
CVE-2019-11358,semgrep,true,,OK,true,true,false,false,false,false,false,false,true,0,,,true,CWE-915,CWE-078|CWE-079|CWE-094|CWE-400|CWE-915
CVE-2019-11358,snyk-code,true,,OK,true,true,false,false,false,false,false,false,true,0,,,null,CWE-915,CWE-078|CWE-079|CWE-094|CWE-400|CWE-915
CVE-2019-12041,codeql,true,,OK,true,true,true,false,false,false,false,false,true,31,29,29,true,CWE-399,CWE-399
CVE-2019-12041,semgrep,true,,OK,true,true,true,false,false,false,false,false,true,3,55,55,true,CWE-399,CWE-399
CVE-2019-12041,snyk-code,true,,SEM_ACHADOS,true,false,false,false,false,false,false,false,true,0,,,null,CWE-399,CWE-399
CVE-2019-12043,codeql,true,,OK,true,true,false,false,false,false,false,false,true,0,,,true,CWE-079,CWE-079
CVE-2019-12043,semgrep,true,,OK,true,true,false,false,false,false,false,false,true,0,,,true,CWE-079,CWE-079
CVE-2019-12043,snyk-code,true,,OK,true,true,false,false,false,false,false,false,true,0,,,null,CWE-079,CWE-079
CVE-2019-12313,codeql,true,,OK,true,true,true,true,true,true,true,true,true,4,0,0,true,CWE-079,CWE-079|CWE-116
CVE-2019-12313,semgrep,true,,OK,true,true,true,true,true,true,true,true,true,3,0,0,true,CWE-079,CWE-079|CWE-116
CVE-2019-12313,snyk-code,true,,SEM_ACHADOS,true,false,false,false,false,false,false,false,true,0,,,null,CWE-079,CWE-079|CWE-116
CVE-2019-13127,codeql,true,,OK,true,true,false,false,false,false,false,false,true,0,,,true,CWE-079,CWE-079|CWE-116
CVE-2019-13127,semgrep,true,,OK,true,true,false,false,false,false,false,false,true,0,,,true,CWE-079,CWE-079|CWE-116
CVE-2019-13127,snyk-code,true,,OK,true,true,false,false,false,false,false,false,true,0,,,null,CWE-079,CWE-079|CWE-116
CVE-2019-13173,codeql,true,,SEM_ACHADOS,true,false,false,false,false,false,false,false,true,0,,,true,CWE-022,CWE-022
CVE-2019-13173,semgrep,true,,OK,true,true,true,true,true,false,false,false,true,1,78,78,true,CWE-022,CWE-022
CVE-2019-13173,snyk-code,true,,SEM_ACHADOS,true,false,false,false,false,false,false,false,true,0,,,null,CWE-022,CWE-022
CVE-2019-13506,codeql,true,,OK,true,true,true,true,true,true,true,true,true,3,0,0,true,CWE-094,CWE-094|CWE-079|CWE-116
CVE-2019-13506,semgrep,true,,SEM_ACHADOS,true,false,false,false,false,false,false,false,true,0,,,true,CWE-094,CWE-094|CWE-079|CWE-116
CVE-2019-13506,snyk-code,true,,SEM_ACHADOS,true,false,false,false,false,false,false,false,true,0,,,null,CWE-094,CWE-094|CWE-079|CWE-116
CVE-2019-14772,codeql,true,,OK,true,true,false,false,false,false,false,false,true,0,,,true,CWE-079,CWE-079|CWE-116
CVE-2019-14772,semgrep,true,,OK,true,true,true,true,true,true,true,true,true,1,0,0,true,CWE-079,CWE-079|CWE-116
CVE-2019-14772,snyk-code,true,,OK,true,true,false,false,false,false,false,false,true,0,,,null,CWE-079,CWE-079|CWE-116
CVE-2019-14862,codeql,true,,OK,true,true,false,false,false,false,false,false,true,0,,,true,CWE-079,CWE-079|CWE-116
CVE-2019-14862,semgrep,true,,OK,true,true,false,false,false,false,false,false,true,0,,,true,CWE-079,CWE-079|CWE-116
CVE-2019-14862,snyk-code,true,,SEM_ACHADOS,true,false,false,false,false,false,false,false,true,0,,,null,CWE-079,CWE-079|CWE-116
CVE-2019-15478,codeql,true,,OK,true,true,true,true,true,true,true,true,true,1,0,0,true,CWE-079,CWE-079|CWE-116
CVE-2019-15478,semgrep,true,,OK,true,true,true,false,false,false,false,false,true,2,20,20,true,CWE-079,CWE-079|CWE-116
CVE-2019-15478,snyk-code,true,,OK,true,true,true,false,false,true,false,false,true,2,0,0,null,CWE-079,CWE-079|CWE-116
CVE-2019-15479,codeql,true,,OK,true,true,true,true,true,true,true,true,true,1,0,0,true,CWE-079,CWE-079|CWE-116
CVE-2019-15479,semgrep,true,,OK,true,true,false,false,false,false,false,false,true,0,,,true,CWE-079,CWE-079|CWE-116
CVE-2019-15479,snyk-code,true,,OK,true,true,true,false,false,true,false,false,true,1,0,0,null,CWE-079,CWE-079|CWE-116
CVE-2019-15482,codeql,true,,OK,true,true,true,true,true,true,true,true,true,1,0,0,true,CWE-079,CWE-079|CWE-116
CVE-2019-15482,semgrep,true,,OK,true,true,false,false,false,false,false,false,true,0,,,true,CWE-079,CWE-079|CWE-116
CVE-2019-15482,snyk-code,true,,SEM_ACHADOS,true,false,false,false,false,false,false,false,true,0,,,null,CWE-079,CWE-079|CWE-116
CVE-2019-15532,codeql,true,,OK,true,true,false,false,false,false,false,false,true,0,,,true,CWE-079,CWE-079|CWE-116
CVE-2019-15532,semgrep,true,,OK,true,true,false,false,false,false,false,false,true,0,,,true,CWE-079,CWE-079|CWE-116
CVE-2019-15532,snyk-code,true,,OK,true,true,false,false,false,false,false,false,true,0,,,null,CWE-079,CWE-079|CWE-116
CVE-2019-15657,codeql,true,,SEM_ACHADOS,true,false,false,false,false,false,false,false,true,0,,,true,CWE-094,CWE-094
CVE-2019-15657,semgrep,true,,OK,true,true,false,false,false,false,false,false,true,0,,,true,CWE-094,CWE-094
CVE-2019-15657,snyk-code,true,,SEM_ACHADOS,true,false,false,false,false,false,false,false,true,0,,,null,CWE-094,CWE-094
CVE-2019-15658,codeql,true,,OK,true,true,false,false,false,false,false,false,true,0,,,true,CWE-089,CWE-089
CVE-2019-15658,semgrep,true,,SEM_ACHADOS,true,false,false,false,false,false,false,false,true,0,,,true,CWE-089,CWE-089
CVE-2019-15658,snyk-code,true,,OK,true,true,false,false,false,false,false,false,true,0,,,null,CWE-089,CWE-089
CVE-2019-15782,codeql,true,,OK,true,true,false,false,false,false,false,false,true,0,,,true,CWE-079,CWE-079|CWE-116
CVE-2019-15782,semgrep,true,,OK,true,true,true,false,false,false,false,false,true,2,69,69,true,CWE-079,CWE-079|CWE-116
CVE-2019-15782,snyk-code,true,,OK,true,true,true,false,false,false,false,false,true,3,55,55,null,CWE-079,CWE-079|CWE-116
CVE-2019-16763,codeql,true,,OK,true,true,true,true,true,true,true,true,true,21,0,0,true,CWE-020,CWE-020
CVE-2019-16763,semgrep,true,,OK,true,true,false,false,false,false,false,false,true,0,,,true,CWE-020,CWE-020
CVE-2019-16763,snyk-code,true,,SEM_ACHADOS,true,false,false,false,false,false,false,false,true,0,,,null,CWE-020,CWE-020
CVE-2019-16769,codeql,true,,OK,true,true,true,false,false,false,false,false,true,1,181,181,true,CWE-079,CWE-079
CVE-2019-16769,semgrep,true,,SEM_ACHADOS,true,false,false,false,false,false,false,false,true,0,,,true,CWE-079,CWE-079
CVE-2019-16769,snyk-code,true,,SEM_ACHADOS,true,false,false,false,false,false,false,false,true,0,,,null,CWE-079,CWE-079
CVE-2019-17495,codeql,true,,OK,true,true,false,false,false,false,false,false,true,0,,,true,CWE-079,CWE-079
CVE-2019-17495,semgrep,true,,OK,true,true,true,true,true,true,true,true,true,1,0,0,true,CWE-079,CWE-079
CVE-2019-17495,snyk-code,true,,OK,true,true,false,false,false,false,false,false,true,0,,,null,CWE-079,CWE-079
CVE-2019-17592,codeql,true,,SEM_ACHADOS,true,false,false,false,false,false,false,false,true,0,,,true,CWE-400,CWE-730|CWE-400
CVE-2019-17592,semgrep,true,,SEM_ACHADOS,true,false,false,false,false,false,false,false,true,0,,,true,CWE-400,CWE-730|CWE-400
CVE-2019-17592,snyk-code,true,,SEM_ACHADOS,true,false,false,false,false,false,false,false,true,0,,,null,CWE-400,CWE-730|CWE-400
CVE-2019-18350,codeql,true,,OK,true,true,true,true,true,true,true,true,true,2,0,0,true,CWE-601,CWE-079|CWE-116|CWE-601
CVE-2019-18350,semgrep,true,,OK,true,true,false,false,false,false,false,false,true,0,,,true,CWE-601,CWE-079|CWE-116|CWE-601
CVE-2019-18350,snyk-code,true,,OK,true,true,false,false,false,false,false,false,true,0,,,null,CWE-601,CWE-079|CWE-116|CWE-601
CVE-2019-18818,codeql,true,,OK,true,true,false,false,false,false,false,false,true,0,,,true,CWE-089,CWE-089
CVE-2019-18818,semgrep,true,,OK,true,true,false,false,false,false,false,false,true,0,,,true,CWE-089,CWE-089
CVE-2019-18818,snyk-code,true,,OK,true,true,true,false,false,false,false,false,true,2,122,122,null,CWE-089,CWE-089
CVE-2019-18954,codeql,true,,OK,true,true,false,false,false,false,false,false,true,0,,,true,CWE-754,CWE-754
CVE-2019-18954,semgrep,true,,OK,true,true,false,false,false,false,false,false,true,0,,,true,CWE-754,CWE-754
CVE-2019-18954,snyk-code,true,,OK,true,true,false,false,false,false,false,false,true,0,,,null,CWE-754,CWE-754
CVE-2019-19507,codeql,true,,SEM_ACHADOS,true,false,false,false,false,false,false,false,true,0,,,true,CWE-807,CWE-807|CWE-290
CVE-2019-19507,semgrep,true,,OK,true,true,true,false,false,false,false,false,true,1,38,38,true,CWE-807,CWE-807|CWE-290
CVE-2019-19507,snyk-code,true,,SEM_ACHADOS,true,false,false,false,false,false,false,false,true,0,,,null,CWE-807,CWE-807|CWE-290
CVE-2019-20149,codeql,true,,SEM_ACHADOS,true,false,false,false,false,false,false,false,true,0,,,true,CWE-020,CWE-668|CWE-020
CVE-2019-20149,semgrep,true,,SEM_ACHADOS,true,false,false,false,false,false,false,false,true,0,,,true,CWE-020,CWE-668|CWE-020
CVE-2019-20149,snyk-code,true,,SEM_ACHADOS,true,false,false,false,false,false,false,false,true,0,,,null,CWE-020,CWE-668|CWE-020
CVE-2019-20174,codeql,true,,OK,true,true,false,false,false,false,false,false,true,0,,,true,CWE-079,CWE-079|CWE-116
CVE-2019-20174,semgrep,true,,OK,true,true,false,false,false,false,false,false,true,0,,,true,CWE-079,CWE-079|CWE-116
CVE-2019-20174,snyk-code,true,,OK,true,true,false,false,false,false,false,false,true,0,,,null,CWE-079,CWE-079|CWE-116
CVE-2019-5413,codeql,true,,OK,true,true,true,true,true,false,false,false,true,2,12,3,true,CWE-094,CWE-094|CWE-079|CWE-116
CVE-2019-5413,semgrep,true,,SEM_ACHADOS,true,false,false,false,false,false,false,false,true,0,,,true,CWE-094,CWE-094|CWE-079|CWE-116
CVE-2019-5413,snyk-code,true,,OK,true,true,false,false,false,false,false,false,true,0,,,null,CWE-094,CWE-094|CWE-079|CWE-116
CVE-2019-5414,codeql,true,,OK,true,true,true,true,true,true,true,true,true,4,0,0,true,CWE-078,CWE-078|CWE-088
CVE-2019-5414,semgrep,true,,OK,true,true,false,false,false,false,false,false,true,0,,,true,CWE-078,CWE-078|CWE-088
CVE-2019-5414,snyk-code,true,,OK,true,true,false,false,false,false,false,false,true,0,,,null,CWE-078,CWE-078|CWE-088
CVE-2019-5423,codeql,true,,OK,true,true,true,true,true,true,true,true,true,6,0,0,true,CWE-116,CWE-116|CWE-020
CVE-2019-5423,semgrep,true,,OK,true,true,true,false,false,false,false,false,true,1,2,2,true,CWE-116,CWE-116|CWE-020
CVE-2019-5423,snyk-code,true,,SEM_ARQUIVO_ANALISAVEL,false,false,false,false,false,false,false,false,true,,,,,CWE-116,CWE-116|CWE-020
CVE-2019-5444,codeql,true,,OK,true,true,true,true,true,true,true,true,true,5,0,0,true,CWE-022,CWE-022|CWE-023|CWE-036|CWE-073|CWE-099
CVE-2019-5444,semgrep,true,,OK,true,true,true,false,false,false,false,false,true,1,9,9,true,CWE-022,CWE-022|CWE-023|CWE-036|CWE-073|CWE-099
CVE-2019-5444,snyk-code,true,,OK,true,true,true,false,false,true,false,false,true,2,9,0,null,CWE-022,CWE-022|CWE-023|CWE-036|CWE-073|CWE-099
CVE-2019-5479,codeql,true,,SEM_ACHADOS,true,false,false,false,false,false,false,false,true,0,,,true,CWE-022,CWE-022|CWE-023|CWE-036|CWE-073|CWE-099
CVE-2019-5479,semgrep,true,,OK,true,true,true,true,true,true,true,true,true,6,0,0,true,CWE-022,CWE-022|CWE-023|CWE-036|CWE-073|CWE-099
CVE-2019-5479,snyk-code,true,,OK,true,true,true,false,false,true,false,false,true,1,76,0,null,CWE-022,CWE-022|CWE-023|CWE-036|CWE-073|CWE-099
CVE-2019-5483,codeql,true,,OK,true,true,true,true,true,true,true,true,true,1,0,0,true,CWE-312,CWE-312|CWE-315|CWE-359
CVE-2019-5483,semgrep,true,,OK,true,true,false,false,false,false,false,false,true,0,,,true,CWE-312,CWE-312|CWE-315|CWE-359
CVE-2019-5483,snyk-code,true,,OK,true,true,false,false,false,false,false,false,true,0,,,null,CWE-312,CWE-312|CWE-315|CWE-359
CVE-2019-5484,codeql,true,,OK,true,true,false,false,false,false,false,false,true,0,,,true,CWE-022,CWE-022
CVE-2019-5484,semgrep,true,,OK,true,true,true,true,true,false,false,false,true,6,100,100,true,CWE-022,CWE-022
CVE-2019-5484,snyk-code,true,,OK,true,true,false,false,false,false,false,false,true,0,,,null,CWE-022,CWE-022
CVE-2019-8331,codeql,true,,OK,true,true,true,true,true,true,true,true,true,1,0,0,true,CWE-079,CWE-079|CWE-116
CVE-2019-8331,semgrep,true,,OK,true,true,false,false,false,false,false,false,true,0,,,true,CWE-079,CWE-079|CWE-116
CVE-2019-8331,snyk-code,true,,OK,true,true,false,false,false,false,false,false,true,0,,,null,CWE-079,CWE-079|CWE-116
CVE-2019-8903,codeql,true,,OK,true,true,true,true,true,true,true,true,true,26,0,0,true,CWE-116,CWE-116|CWE-020
CVE-2019-8903,semgrep,true,,OK,true,true,false,false,false,false,false,false,true,0,,,true,CWE-116,CWE-116|CWE-020
CVE-2019-8903,snyk-code,true,,OK,true,true,true,false,false,false,false,false,true,17,1475,1475,null,CWE-116,CWE-116|CWE-020
CVE-2019-9844,codeql,true,,OK,true,true,true,true,true,true,true,true,true,11,0,0,true,CWE-020,CWE-020
CVE-2019-9844,semgrep,true,,OK,true,true,true,false,false,false,false,false,true,1,464,464,true,CWE-020,CWE-020
CVE-2019-9844,snyk-code,true,,SEM_ACHADOS,true,false,false,false,false,false,false,false,true,0,,,null,CWE-020,CWE-020
CVE-2020-11021,codeql,true,,SEM_ACHADOS,true,false,false,false,false,false,false,false,true,0,,,true,CWE-200,CWE-200
CVE-2020-11021,semgrep,true,,OK,true,true,true,false,false,false,false,false,true,1,186,186,true,CWE-200,CWE-200
CVE-2020-11021,snyk-code,true,,OK,true,true,false,false,false,false,false,false,true,0,,,null,CWE-200,CWE-200
CVE-2020-11022,codeql,true,,OK,true,true,true,true,true,true,true,true,true,2,0,0,true,CWE-079,CWE-079|CWE-116
CVE-2020-11022,semgrep,true,,OK,true,true,false,false,false,false,false,false,true,0,,,true,CWE-079,CWE-079|CWE-116
CVE-2020-11022,snyk-code,true,,OK,true,true,false,false,false,false,false,false,true,0,,,null,CWE-079,CWE-079|CWE-116
CVE-2020-11059,codeql,true,,OK,true,true,true,true,true,true,true,true,true,1,0,0,true,CWE-312,CWE-312|CWE-315|CWE-359
CVE-2020-11059,semgrep,true,,OK,true,true,false,false,false,false,false,false,true,0,,,true,CWE-312,CWE-312|CWE-315|CWE-359
CVE-2020-11059,snyk-code,true,,OK,true,true,false,false,false,false,false,false,true,0,,,null,CWE-312,CWE-312|CWE-315|CWE-359
CVE-2020-11079,codeql,true,,OK,true,true,true,true,true,true,true,true,true,8,0,0,true,CWE-078,CWE-078|CWE-088
CVE-2020-11079,semgrep,true,,OK,true,true,true,true,true,true,true,true,true,1,0,0,true,CWE-078,CWE-078|CWE-088
CVE-2020-11079,snyk-code,true,,SEM_ACHADOS,true,false,false,false,false,false,false,false,true,0,,,null,CWE-078,CWE-078|CWE-088
CVE-2020-12265,codeql,true,,SEM_ACHADOS,true,false,false,false,false,false,false,false,true,0,,,true,CWE-022,CWE-022
CVE-2020-12265,semgrep,true,,OK,true,true,true,true,true,false,false,false,true,2,5,5,true,CWE-022,CWE-022
CVE-2020-12265,snyk-code,true,,SEM_ACHADOS,true,false,false,false,false,false,false,false,true,0,,,null,CWE-022,CWE-022
CVE-2020-14000,codeql,true,,OK,true,true,false,false,false,false,false,false,true,0,,,true,CWE-601,CWE-079|CWE-116|CWE-601
CVE-2020-14000,semgrep,true,,OK,true,true,false,false,false,false,false,false,true,0,,,true,CWE-601,CWE-079|CWE-116|CWE-601
CVE-2020-14000,snyk-code,true,,OK,true,true,false,false,false,false,false,false,true,0,,,null,CWE-601,CWE-079|CWE-116|CWE-601
CVE-2020-15092,codeql,true,,OK,true,true,false,false,false,false,false,false,true,0,,,true,CWE-079,CWE-079|CWE-116
CVE-2020-15092,semgrep,true,,OK,true,true,false,false,false,false,false,false,true,0,,,true,CWE-079,CWE-079|CWE-116
CVE-2020-15092,snyk-code,true,,OK,true,true,true,false,false,false,false,false,true,1,199,199,null,CWE-079,CWE-079|CWE-116
CVE-2020-15095,codeql,true,,OK,true,true,false,false,false,false,false,false,true,0,,,true,CWE-312,CWE-312|CWE-315|CWE-359
CVE-2020-15095,semgrep,true,,OK,true,true,false,false,false,false,false,false,true,0,,,true,CWE-312,CWE-312|CWE-315|CWE-359
CVE-2020-15095,snyk-code,true,,OK,true,true,false,false,false,false,false,false,true,0,,,null,CWE-312,CWE-312|CWE-315|CWE-359
CVE-2020-15119,codeql,true,,OK,true,true,false,false,false,false,false,false,true,0,,,true,CWE-079,CWE-079|CWE-116
CVE-2020-15119,semgrep,true,,OK,true,true,true,true,true,true,true,true,true,1,0,0,true,CWE-079,CWE-079|CWE-116
CVE-2020-15119,snyk-code,true,,OK,true,true,false,false,false,false,false,false,true,0,,,null,CWE-079,CWE-079|CWE-116
CVE-2020-15123,codeql,true,,OK,true,true,true,true,true,true,true,true,true,6,0,0,true,CWE-078,CWE-078|CWE-088
CVE-2020-15123,semgrep,true,,OK,true,true,false,false,false,false,false,false,true,0,,,true,CWE-078,CWE-078|CWE-088
CVE-2020-15123,snyk-code,true,,SEM_ACHADOS,true,false,false,false,false,false,false,false,true,0,,,null,CWE-078,CWE-078|CWE-088
CVE-2020-15135,codeql,true,,OK,true,true,true,false,false,false,false,false,true,1,64,64,true,CWE-352,CWE-352
CVE-2020-15135,semgrep,true,,OK,true,true,true,false,false,false,false,false,true,1,79,79,true,CWE-352,CWE-352
CVE-2020-15135,snyk-code,true,,OK,true,true,true,false,false,false,false,false,true,5,27,27,null,CWE-352,CWE-352
CVE-2020-15138,codeql,true,,OK,true,true,false,false,false,false,false,false,true,0,,,true,CWE-079,CWE-079|CWE-116
CVE-2020-15138,semgrep,true,,OK,true,true,true,true,true,true,true,true,true,2,7,0,true,CWE-079,CWE-079|CWE-116
CVE-2020-15138,snyk-code,true,,OK,true,true,true,true,true,true,true,true,true,1,7,0,null,CWE-079,CWE-079|CWE-116
CVE-2020-15152,codeql,true,,SEM_ACHADOS,true,false,false,false,false,false,false,false,true,0,,,true,CWE-918,CWE-918
CVE-2020-15152,semgrep,true,,OK,true,true,false,false,false,false,false,false,true,0,,,true,CWE-918,CWE-918
CVE-2020-15152,snyk-code,true,,SEM_ACHADOS,true,false,false,false,false,false,false,false,true,0,,,null,CWE-918,CWE-918
CVE-2020-15156,codeql,true,,OK,true,true,false,false,false,false,false,false,true,0,,,true,CWE-352,CWE-352
CVE-2020-15156,semgrep,true,,OK,true,true,true,false,false,false,false,false,true,1,117,117,true,CWE-352,CWE-352
CVE-2020-15156,snyk-code,true,,OK,true,true,true,false,false,false,false,false,true,4,58,58,null,CWE-352,CWE-352
CVE-2020-15256,codeql,true,,OK,true,true,true,true,true,true,true,true,true,4,0,0,true,CWE-915,CWE-078|CWE-079|CWE-094|CWE-400|CWE-915
CVE-2020-15256,semgrep,true,,OK,true,true,true,true,true,false,false,false,true,1,33,33,true,CWE-915,CWE-078|CWE-079|CWE-094|CWE-400|CWE-915
CVE-2020-15256,snyk-code,true,,SEM_ACHADOS,true,false,false,false,false,false,false,false,true,0,,,null,CWE-915,CWE-078|CWE-079|CWE-094|CWE-400|CWE-915
CVE-2020-26226,codeql,true,,SEM_ACHADOS,true,false,false,false,false,false,false,false,true,0,,,true,CWE-116,CWE-116
CVE-2020-26226,semgrep,true,,OK,true,true,true,false,false,false,false,false,true,1,2,2,true,CWE-116,CWE-116
CVE-2020-26226,snyk-code,true,,OK,true,true,false,false,false,false,false,false,true,0,,,null,CWE-116,CWE-116
CVE-2020-26256,codeql,true,,OK,true,true,true,true,true,true,true,true,true,2,0,0,true,CWE-400,CWE-730|CWE-400
CVE-2020-26256,semgrep,true,,OK,true,true,false,false,false,false,false,false,true,0,,,true,CWE-400,CWE-730|CWE-400
CVE-2020-26256,snyk-code,true,,SEM_ACHADOS,true,false,false,false,false,false,false,false,true,0,,,null,CWE-400,CWE-730|CWE-400
CVE-2020-27666,codeql,true,,OK,true,true,false,false,false,false,false,false,true,0,,,true,CWE-079,CWE-079|CWE-116
CVE-2020-27666,semgrep,true,,OK,true,true,true,true,true,true,true,true,true,1,0,0,true,CWE-079,CWE-079|CWE-116
CVE-2020-27666,snyk-code,true,,OK,true,true,false,false,false,false,false,false,true,0,,,null,CWE-079,CWE-079|CWE-116
CVE-2020-4051,codeql,true,,OK,true,true,false,false,false,false,false,false,true,0,,,true,CWE-079,CWE-079|CWE-116
CVE-2020-4051,semgrep,true,,OK,true,true,false,false,false,false,false,false,true,0,,,true,CWE-079,CWE-079|CWE-116
CVE-2020-4051,snyk-code,true,,OK,true,true,false,false,false,false,false,false,true,0,,,null,CWE-079,CWE-079|CWE-116
CVE-2020-4059,codeql,true,,OK,true,true,true,true,true,true,true,true,true,7,0,0,true,CWE-078,CWE-078|CWE-088
CVE-2020-4059,semgrep,true,,OK,true,true,true,true,true,true,true,true,true,8,0,0,true,CWE-078,CWE-078|CWE-088
CVE-2020-4059,snyk-code,true,,SEM_ACHADOS,true,false,false,false,false,false,false,false,true,0,,,null,CWE-078,CWE-078|CWE-088
CVE-2020-4066,codeql,true,,OK,true,true,false,false,false,false,false,false,true,0,,,true,CWE-078,CWE-078|CWE-088
CVE-2020-4066,semgrep,true,,OK,true,true,true,true,true,true,true,true,true,2,0,0,true,CWE-078,CWE-078|CWE-088
CVE-2020-4066,snyk-code,true,,SEM_ACHADOS,true,false,false,false,false,false,false,false,true,0,,,null,CWE-078,CWE-078|CWE-088
CVE-2020-5251,codeql,true,,OK,true,true,false,false,false,false,false,false,true,0,,,true,CWE-089,CWE-089
CVE-2020-5251,semgrep,true,,OK,true,true,false,false,false,false,false,false,true,0,,,true,CWE-089,CWE-089
CVE-2020-5251,snyk-code,true,,OK,true,true,false,false,false,false,false,false,true,0,,,null,CWE-089,CWE-089
CVE-2020-5258,codeql,true,,OK,true,true,true,true,true,true,true,true,true,1,0,0,true,CWE-915,CWE-078|CWE-079|CWE-094|CWE-400|CWE-915
CVE-2020-5258,semgrep,true,,OK,true,true,false,false,false,false,false,false,true,0,,,true,CWE-915,CWE-078|CWE-079|CWE-094|CWE-400|CWE-915
CVE-2020-5258,snyk-code,true,,OK,true,true,false,false,false,false,false,false,true,0,,,null,CWE-915,CWE-078|CWE-079|CWE-094|CWE-400|CWE-915
CVE-2020-6836,codeql,true,,OK,true,true,false,false,false,false,false,false,true,0,,,true,CWE-094,CWE-094|CWE-079|CWE-116
CVE-2020-6836,semgrep,true,,OK,true,true,true,false,false,true,false,false,true,1,0,0,true,CWE-094,CWE-094|CWE-079|CWE-116
CVE-2020-6836,snyk-code,true,,SEM_ACHADOS,true,false,false,false,false,false,false,false,true,0,,,null,CWE-094,CWE-094|CWE-079|CWE-116
CVE-2020-7638,codeql,true,,OK,true,true,true,true,true,false,false,false,true,2,2,2,true,CWE-915,CWE-078|CWE-079|CWE-094|CWE-400|CWE-915
CVE-2020-7638,semgrep,true,,OK,true,true,true,true,true,true,true,true,true,3,0,0,true,CWE-915,CWE-078|CWE-079|CWE-094|CWE-400|CWE-915
CVE-2020-7638,snyk-code,true,,OK,true,true,false,false,false,false,false,false,true,0,,,null,CWE-915,CWE-078|CWE-079|CWE-094|CWE-400|CWE-915
CVE-2020-7656,codeql,true,,OK,true,true,true,true,true,false,false,false,true,1,175,175,true,CWE-116,CWE-116|CWE-020
CVE-2020-7656,semgrep,true,,OK,true,true,false,false,false,false,false,false,true,0,,,true,CWE-116,CWE-116|CWE-020
CVE-2020-7656,snyk-code,true,,OK,true,true,true,false,false,true,false,false,true,1,0,0,null,CWE-116,CWE-116|CWE-020
CVE-2020-7660,codeql,true,,OK,true,true,true,false,false,true,false,false,true,1,0,0,true,CWE-502,CWE-502
CVE-2020-7660,semgrep,true,,SEM_ACHADOS,true,false,false,false,false,false,false,false,true,0,,,true,CWE-502,CWE-502
CVE-2020-7660,snyk-code,true,,SEM_ACHADOS,true,false,false,false,false,false,false,false,true,0,,,null,CWE-502,CWE-502
CVE-2020-7662,codeql,true,,OK,true,true,true,true,true,true,true,true,true,2,0,0,true,CWE-400,CWE-730|CWE-400
CVE-2020-7662,semgrep,true,,SEM_ACHADOS,true,false,false,false,false,false,false,false,true,0,,,true,CWE-400,CWE-730|CWE-400
CVE-2020-7662,snyk-code,true,,SEM_ACHADOS,true,false,false,false,false,false,false,false,true,0,,,null,CWE-400,CWE-730|CWE-400
CVE-2020-7676,codeql,true,,OK,true,true,true,true,true,true,true,true,true,1,0,0,true,CWE-079,CWE-079|CWE-116
CVE-2020-7676,semgrep,true,,OK,true,true,false,false,false,false,false,false,true,0,,,true,CWE-079,CWE-079|CWE-116
CVE-2020-7676,snyk-code,true,,OK,true,true,false,false,false,false,false,false,true,0,,,null,CWE-079,CWE-079|CWE-116
CVE-2020-7699,codeql,true,,OK,true,true,true,true,false,true,true,false,true,4,0,0,true,CWE-915,CWE-078|CWE-079|CWE-094|CWE-400|CWE-915
CVE-2020-7699,semgrep,true,,OK,true,true,true,true,true,false,false,false,true,1,3,3,true,CWE-915,CWE-078|CWE-079|CWE-094|CWE-400|CWE-915
CVE-2020-7699,snyk-code,true,,OK,true,true,false,false,false,false,false,false,true,0,,,null,CWE-915,CWE-078|CWE-079|CWE-094|CWE-400|CWE-915
CVE-2020-7720,codeql,true,,OK,true,true,true,true,true,true,true,true,true,5,0,0,true,CWE-915,CWE-078|CWE-079|CWE-094|CWE-400|CWE-915
CVE-2020-7720,semgrep,true,,OK,true,true,true,true,true,false,false,false,true,5,9,9,true,CWE-915,CWE-078|CWE-079|CWE-094|CWE-400|CWE-915
CVE-2020-7720,snyk-code,true,,OK,true,true,true,false,false,false,false,false,true,3,390,390,null,CWE-915,CWE-078|CWE-079|CWE-094|CWE-400|CWE-915
CVE-2020-7750,codeql,true,,OK,true,true,true,true,true,false,false,false,true,1,286,286,true,CWE-079,CWE-079|CWE-116
CVE-2020-7750,semgrep,true,,SEM_ACHADOS,true,false,false,false,false,false,false,false,true,0,,,true,CWE-079,CWE-079|CWE-116
CVE-2020-7750,snyk-code,true,,SEM_ACHADOS,true,false,false,false,false,false,false,false,true,0,,,null,CWE-079,CWE-079|CWE-116
CVE-2020-7752,codeql,true,,OK,true,true,true,true,true,false,false,false,true,5,1,1,true,CWE-078,CWE-078|CWE-088
CVE-2020-7752,semgrep,true,,OK,true,true,false,false,false,false,false,false,true,0,,,true,CWE-078,CWE-078|CWE-088
CVE-2020-7752,snyk-code,true,,OK,true,true,false,false,false,false,false,false,true,0,,,null,CWE-078,CWE-078|CWE-088
CVE-2020-7763,codeql,true,,OK,true,true,true,false,false,true,false,false,true,1,0,0,true,CWE-022,CWE-022|CWE-023|CWE-036|CWE-073|CWE-099
CVE-2020-7763,semgrep,true,,OK,true,true,true,true,true,false,false,false,true,3,1,1,true,CWE-022,CWE-022|CWE-023|CWE-036|CWE-073|CWE-099
CVE-2020-7763,snyk-code,true,,SEM_ACHADOS,true,false,false,false,false,false,false,false,true,0,,,null,CWE-022,CWE-022|CWE-023|CWE-036|CWE-073|CWE-099
CVE-2020-8116,codeql,true,,OK,true,true,true,true,true,true,true,true,true,4,0,0,true,CWE-915,CWE-078|CWE-079|CWE-094|CWE-400|CWE-915
CVE-2020-8116,semgrep,true,,OK,true,true,true,true,true,false,false,false,true,4,3,3,true,CWE-915,CWE-078|CWE-079|CWE-094|CWE-400|CWE-915
CVE-2020-8116,snyk-code,true,,SEM_ACHADOS,true,false,false,false,false,false,false,false,true,0,,,null,CWE-915,CWE-078|CWE-079|CWE-094|CWE-400|CWE-915
CVE-2020-8135,codeql,true,,OK,true,true,true,false,false,true,false,false,true,4,0,0,true,CWE-601,CWE-601
CVE-2020-8135,semgrep,true,,OK,true,true,true,false,false,false,false,false,true,1,59,59,true,CWE-601,CWE-601
CVE-2020-8135,snyk-code,true,,OK,true,true,true,false,false,false,false,false,true,2,85,85,null,CWE-601,CWE-601
CVE-2020-8149,codeql,true,,OK,true,true,true,true,true,true,true,true,true,5,0,0,true,CWE-078,CWE-078|CWE-088
CVE-2020-8149,semgrep,true,,OK,true,true,true,true,true,true,true,true,true,5,0,0,true,CWE-078,CWE-078|CWE-088
CVE-2020-8149,snyk-code,true,,SEM_ACHADOS,true,false,false,false,false,false,false,false,true,0,,,null,CWE-078,CWE-078|CWE-088
CVE-2020-8192,codeql,true,,SEM_ACHADOS,true,false,false,false,false,false,false,false,true,0,,,true,CWE-770,CWE-770
CVE-2020-8192,semgrep,true,,OK,true,true,false,false,false,false,false,false,true,0,,,true,CWE-770,CWE-770
CVE-2020-8192,snyk-code,true,,OK,true,true,false,false,false,false,false,false,true,0,,,null,CWE-770,CWE-770
CVE-2020-8203,codeql,true,,OK,true,true,true,true,true,true,true,true,true,10,0,0,true,CWE-915,CWE-078|CWE-079|CWE-094|CWE-400|CWE-915
CVE-2020-8203,semgrep,true,,OK,true,true,true,true,true,false,false,false,true,6,476,476,true,CWE-915,CWE-078|CWE-079|CWE-094|CWE-400|CWE-915
CVE-2020-8203,snyk-code,true,,OK,true,true,false,false,false,false,false,false,true,0,,,null,CWE-915,CWE-078|CWE-079|CWE-094|CWE-400|CWE-915
CVE-2020-8205,codeql,true,,OK,true,true,true,true,true,true,true,true,true,1,0,0,true,CWE-918,CWE-918
CVE-2020-8205,semgrep,true,,OK,true,true,false,false,false,false,false,false,true,0,,,true,CWE-918,CWE-918
CVE-2020-8205,snyk-code,true,,OK,true,true,true,true,true,false,false,false,true,3,6,6,null,CWE-918,CWE-918
CVE-2020-8244,codeql,true,,OK,true,true,false,false,false,false,false,false,true,0,,,true,CWE-125,CWE-125|CWE-126
CVE-2020-8244,semgrep,true,,SEM_ACHADOS,true,false,false,false,false,false,false,false,true,0,,,true,CWE-125,CWE-125|CWE-126
CVE-2020-8244,snyk-code,true,,OK,true,true,false,false,false,false,false,false,true,0,,,null,CWE-125,CWE-125|CWE-126
CVE-2020-9038,codeql,true,,OK,true,true,false,false,false,false,false,false,true,0,,,true,CWE-020,CWE-020
CVE-2020-9038,semgrep,true,,OK,true,true,false,false,false,false,false,false,true,0,,,true,CWE-020,CWE-020
CVE-2020-9038,snyk-code,true,,OK,true,true,false,false,false,false,false,false,true,0,,,null,CWE-020,CWE-020
CVE-2021-23344,codeql,true,,OK,true,true,true,true,true,false,false,false,true,8,2,2,true,CWE-094,CWE-094
CVE-2021-23344,semgrep,true,,OK,true,true,true,false,false,false,false,false,true,1,6585,6585,true,CWE-094,CWE-094
CVE-2021-23344,snyk-code,true,,OK,true,true,true,false,false,false,false,false,true,11,2037,2037,null,CWE-094,CWE-094
CVE-2021-23364,codeql,true,,OK,true,true,false,false,false,false,false,false,true,0,,,true,CWE-400,CWE-400
CVE-2021-23364,semgrep,true,,OK,true,true,false,false,false,false,false,false,true,0,,,true,CWE-400,CWE-400
CVE-2021-23364,snyk-code,true,,OK,true,true,false,false,false,false,false,false,true,0,,,null,CWE-400,CWE-400
CVE-2021-31712,codeql,true,,OK,true,true,false,false,false,false,false,false,true,0,,,true,CWE-079,CWE-079
CVE-2021-31712,semgrep,true,,OK,true,true,false,false,false,false,false,false,true,0,,,true,CWE-079,CWE-079
CVE-2021-31712,snyk-code,true,,OK,true,true,false,false,false,false,false,false,true,0,,,null,CWE-079,CWE-079
